path,box,environment,fingers_presence
LIVE/Honor 8A/live_0001.jpeg,"{""label"": ""receipt"", ""shape_type"": ""polygon"", ""points"": [[220.9, 247.74], [730.84, 286.97], [753.55, 920.77], [284.9, 920.77]], ""image_width"": 960, ""image_height"": 1280}",indoor,fingers
LIVE/Honor 8A/live_0002.jpeg,"{""label"": ""receipt"", ""shape_type"": ""polygon"", ""points"": [[206.45, 359.23], [673.03, 256.0], [796.9, 1127.23], [307.61, 1226.32]], ""image_width"": 960, ""image_height"": 1280}",outdoor,fingers
LIVE/Honor 8A/live_0003.jpeg,"{""label"": ""receipt"", ""shape_type"": ""polygon"", ""points"": [[241.55, 272.52], [788.65, 218.84], [786.58, 1001.29], [253.94, 990.97]], ""image_width"": 960, ""image_height"": 1280}",indoor,fingers
LIVE/Honor 8A/live_0004.jpeg,"{""label"": ""receipt"", ""shape_type"": ""polygon"", ""points"": [[500.51, 362.67], [840.21, 344.62], [848.41, 538.26], [508.72, 548.1]], ""image_width"": 1280, ""image_height"": 960}",indoor,without_fingers
LIVE/Honor 8A/live_0005.jpeg,"{""label"": ""receipt"", ""shape_type"": ""polygon"", ""points"": [[415.18, 313.44], [946.87, 256.0], [976.41, 661.33], [457.85, 659.69]], ""image_width"": 1280, ""image_height"": 960}",indoor,without_fingers
LIVE/Honor 8A/live_0006.jpeg,"{""label"": ""receipt"", ""shape_type"": ""polygon"", ""points"": [[299.35, 305.55], [695.74, 284.9], [730.84, 924.9], [266.32, 926.97]], ""image_width"": 960, ""image_height"": 1280}",indoor,fingers
LIVE/Honor 8A/live_0007.jpeg,"{""label"": ""receipt"", ""shape_type"": ""polygon"", ""points"": [[276.65, 266.32], [737.03, 192.0], [788.65, 1009.55], [247.74, 1067.35]], ""image_width"": 960, ""image_height"": 1280}",indoor,without_fingers
LIVE/Honor 8A/live_0008.jpeg,"{""label"": ""receipt"", ""shape_type"": ""polygon"", ""points"": [[346.84, 398.45], [569.81, 384.0], [617.29, 782.45], [423.23, 790.71]], ""image_width"": 960, ""image_height"": 1280}",outdoor,fingers
LIVE/Honor 8A/live_0009.jpeg,"{""label"": ""receipt"", ""shape_type"": ""polygon"", ""points"": [[214.71, 295.23], [753.55, 249.81], [776.26, 924.9], [307.61, 988.9]], ""image_width"": 960, ""image_height"": 1280}",indoor,fingers
LIVE/Honor 8A/live_0010.jpeg,"{""label"": ""receipt"", ""shape_type"": ""polygon"", ""points"": [[311.74, 227.1], [801.03, 163.1], [842.32, 1050.84], [340.65, 1054.97]], ""image_width"": 960, ""image_height"": 1280}",indoor,fingers
LIVE/Honor 8A/live_0011.jpeg,"{""label"": ""receipt"", ""shape_type"": ""polygon"", ""points"": [[288.82, 351.18], [1091.28, 201.85], [946.87, 687.59], [269.13, 740.1]], ""image_width"": 1280, ""image_height"": 960}",indoor,fingers
LIVE/Honor 8A/live_0012.jpeg,"{""label"": ""receipt"", ""shape_type"": ""polygon"", ""points"": [[256.0, 177.55], [673.03, 270.45], [586.32, 951.74], [235.35, 920.77]], ""image_width"": 960, ""image_height"": 1280}",outdoor,fingers
LIVE/Honor 8A/live_0013.jpeg,"{""label"": ""receipt"", ""shape_type"": ""polygon"", ""points"": [[363.35, 396.39], [869.16, 373.68], [817.55, 1057.03], [340.65, 1032.26]], ""image_width"": 960, ""image_height"": 1280}",outdoor,fingers
LIVE/Honor 8A/live_0014.jpeg,"{""label"": ""receipt"", ""shape_type"": ""polygon"", ""points"": [[165.16, 386.06], [714.32, 357.16], [724.65, 1172.65], [156.9, 1211.87]], ""image_width"": 960, ""image_height"": 1280}",outdoor,fingers
LIVE/Honor 8A/live_0015.jpeg,"{""label"": ""receipt"", ""shape_type"": ""polygon"", ""points"": [[274.58, 342.71], [673.03, 324.13], [722.58, 1026.06], [315.87, 1090.06]], ""image_width"": 960, ""image_height"": 1280}",outdoor,fingers
LIVE/Honor 8A/live_0016.jpeg,"{""label"": ""receipt"", ""shape_type"": ""polygon"", ""points"": [[344.77, 313.81], [794.84, 299.35], [792.77, 1077.68], [313.81, 1061.16]], ""image_width"": 960, ""image_height"": 1280}",outdoor,fingers
LIVE/Honor 8A/live_0017.jpeg,"{""label"": ""receipt"", ""shape_type"": ""polygon"", ""points"": [[346.84, 237.42], [722.58, 251.87], [689.55, 896.0], [330.32, 881.55]], ""image_width"": 960, ""image_height"": 1280}",outdoor,fingers
LIVE/Honor 8A/live_0018.jpeg,"{""label"": ""receipt"", ""shape_type"": ""polygon"", ""points"": [[361.29, 445.94], [697.81, 441.81], [745.29, 933.16], [402.58, 926.97]], ""image_width"": 960, ""image_height"": 1280}",outdoor,fingers
LIVE/Honor 8A/live_0019.jpeg,"{""label"": ""receipt"", ""shape_type"": ""polygon"", ""points"": [[276.65, 431.48], [598.71, 425.29], [590.45, 825.81], [311.74, 862.97]], ""image_width"": 960, ""image_height"": 1280}",outdoor,fingers
LIVE/Honor 8A/live_0020.jpeg,"{""label"": ""receipt"", ""shape_type"": ""polygon"", ""points"": [[361.29, 355.1], [807.23, 313.81], [827.87, 982.71], [338.58, 949.68]], ""image_width"": 960, ""image_height"": 1280}",outdoor,fingers
LIVE/Honor 8A/live_0021.jpeg,"{""label"": ""receipt"", ""shape_type"": ""polygon"", ""points"": [[344.77, 241.55], [734.97, 216.77], [734.97, 978.58], [324.13, 945.55]], ""image_width"": 960, ""image_height"": 1280}",outdoor,fingers
LIVE/Honor 8A/live_0022.jpeg,"{""label"": ""receipt"", ""shape_type"": ""polygon"", ""points"": [[241.55, 419.1], [648.26, 390.19], [627.61, 947.61], [235.35, 1019.87]], ""image_width"": 960, ""image_height"": 1280}",outdoor,fingers
LIVE/Honor 8A/live_0023.jpeg,"{""label"": ""receipt"", ""shape_type"": ""polygon"", ""points"": [[237.42, 427.35], [652.39, 472.77], [668.9, 1172.65], [274.58, 1224.26]], ""image_width"": 960, ""image_height"": 1280}",outdoor,fingers
LIVE/Honor 8A/live_0024.jpeg,"{""label"": ""receipt"", ""shape_type"": ""polygon"", ""points"": [[365.42, 505.81], [675.1, 549.16], [693.68, 1017.81], [340.65, 1011.61]], ""image_width"": 960, ""image_height"": 1280}",outdoor,fingers
LIVE/Honor 8A/live_0025.jpeg,"{""label"": ""receipt"", ""shape_type"": ""polygon"", ""points"": [[216.77, 272.52], [706.06, 231.23], [689.55, 1048.77], [251.87, 1075.61]], ""image_width"": 960, ""image_height"": 1280}",outdoor,fingers
LIVE/Honor 8A/live_0026.jpeg,"{""label"": ""receipt"", ""shape_type"": ""polygon"", ""points"": [[280.77, 481.03], [714.32, 412.9], [737.03, 1061.16], [274.58, 1100.39]], ""image_width"": 960, ""image_height"": 1280}",outdoor,fingers
LIVE/Honor 8A/live_0027.jpeg,"{""label"": ""receipt"", ""shape_type"": ""polygon"", ""points"": [[331.49, 285.54], [1088.0, 157.54], [1112.62, 536.62], [377.44, 633.44]], ""image_width"": 1280, ""image_height"": 960}",outdoor,without_fingers
LIVE/Honor 8A/live_0028.jpeg,"{""label"": ""receipt"", ""shape_type"": ""polygon"", ""points"": [[280.77, 342.71], [743.23, 450.06], [666.84, 883.61], [264.26, 850.58]], ""image_width"": 960, ""image_height"": 1280}",indoor,without_fingers
LIVE/Honor 8A/live_0029.jpeg,"{""label"": ""receipt"", ""shape_type"": ""polygon"", ""points"": [[258.06, 274.58], [732.9, 256.0], [743.23, 997.16], [286.97, 990.97]], ""image_width"": 960, ""image_height"": 1280}",outdoor,fingers
LIVE/Honor 8A/live_0030.jpeg,"{""label"": ""receipt"", ""shape_type"": ""polygon"", ""points"": [[167.23, 175.48], [646.19, 154.84], [660.65, 1028.13], [235.35, 1042.58]], ""image_width"": 960, ""image_height"": 1280}",outdoor,fingers
LIVE/Honor 8A/live_0031.jpeg,"{""label"": ""receipt"", ""shape_type"": ""polygon"", ""points"": [[299.35, 332.39], [761.81, 258.06], [693.68, 1123.1], [305.55, 1071.48]], ""image_width"": 960, ""image_height"": 1280}",outdoor,fingers
LIVE/Honor 8A/live_0032.jpeg,"{""label"": ""receipt"", ""shape_type"": ""polygon"", ""points"": [[342.71, 367.48], [701.94, 466.58], [706.06, 1036.39], [363.35, 984.77]], ""image_width"": 960, ""image_height"": 1280}",outdoor,fingers
LIVE/Honor 8A/live_0033.jpeg,"{""label"": ""receipt"", ""shape_type"": ""polygon"", ""points"": [[241.55, 417.03], [592.52, 429.42], [625.55, 999.23], [330.32, 1036.39]], ""image_width"": 960, ""image_height"": 1280}",outdoor,without_fingers
LIVE/Honor 8A/live_0034.jpeg,"{""label"": ""receipt"", ""shape_type"": ""polygon"", ""points"": [[330.32, 450.06], [666.84, 400.52], [654.45, 1036.39], [342.71, 1011.61]], ""image_width"": 960, ""image_height"": 1280}",outdoor,fingers
LIVE/Honor 8A/live_0035.jpeg,"{""label"": ""receipt"", ""shape_type"": ""polygon"", ""points"": [[362.67, 303.59], [1007.59, 247.79], [984.62, 699.08], [406.97, 699.08]], ""image_width"": 1280, ""image_height"": 960}",outdoor,without_fingers
LIVE/Honor 8A/live_0036.jpeg,"{""label"": ""receipt"", ""shape_type"": ""polygon"", ""points"": [[341.33, 306.87], [987.9, 357.74], [950.15, 699.08], [310.15, 656.41]], ""image_width"": 1280, ""image_height"": 960}",outdoor,without_fingers
LIVE/Honor 8A/live_0037.jpeg,"{""label"": ""receipt"", ""shape_type"": ""polygon"", ""points"": [[357.74, 267.49], [1017.44, 234.67], [943.59, 662.97], [365.95, 677.74]], ""image_width"": 1280, ""image_height"": 960}",outdoor,without_fingers
LIVE/Honor 8A/live_0038.jpeg,"{""label"": ""receipt"", ""shape_type"": ""polygon"", ""points"": [[364.31, 269.13], [1027.28, 241.23], [930.46, 682.67], [359.38, 674.46]], ""image_width"": 1280, ""image_height"": 960}",outdoor,without_fingers
LIVE/Honor 8A/live_0039.jpeg,"{""label"": ""receipt"", ""shape_type"": ""polygon"", ""points"": [[395.49, 311.79], [996.1, 342.97], [999.38, 699.08], [411.9, 679.38]], ""image_width"": 1280, ""image_height"": 960}",outdoor,without_fingers
LIVE/Honor 8A/live_0040.jpeg,"{""label"": ""receipt"", ""shape_type"": ""polygon"", ""points"": [[336.41, 254.36], [986.26, 213.33], [1002.67, 643.28], [402.05, 702.36]], ""image_width"": 1280, ""image_height"": 960}",outdoor,without_fingers
LIVE/Honor 8A/live_0041.jpeg,"{""label"": ""receipt"", ""shape_type"": ""polygon"", ""points"": [[357.16, 375.74], [627.61, 452.13], [576.0, 809.29], [258.06, 798.97]], ""image_width"": 960, ""image_height"": 1280}",outdoor,fingers
LIVE/Honor 8A/live_0042.jpeg,"{""label"": ""receipt"", ""shape_type"": ""polygon"", ""points"": [[171.35, 208.52], [712.26, 202.32], [652.39, 1057.03], [210.58, 1057.03]], ""image_width"": 960, ""image_height"": 1280}",outdoor,fingers
LIVE/Honor 8A/live_0043.jpeg,"{""label"": ""receipt"", ""shape_type"": ""polygon"", ""points"": [[322.06, 330.32], [755.61, 340.65], [757.68, 988.9], [350.97, 1024.0]], ""image_width"": 960, ""image_height"": 1280}",outdoor,fingers
LIVE/Honor 8A/live_0044.jpeg,"{""label"": ""receipt"", ""shape_type"": ""polygon"", ""points"": [[336.52, 439.74], [720.52, 377.81], [732.9, 980.65], [334.45, 957.94]], ""image_width"": 960, ""image_height"": 1280}",outdoor,fingers
LIVE/Honor 8A/live_0045.jpeg,"{""label"": ""receipt"", ""shape_type"": ""polygon"", ""points"": [[251.87, 239.48], [714.32, 154.84], [805.16, 1071.48], [249.81, 1034.32]], ""image_width"": 960, ""image_height"": 1280}",outdoor,fingers
LIVE/Honor 8A/live_0046.jpeg,"{""label"": ""receipt"", ""shape_type"": ""polygon"", ""points"": [[307.61, 452.13], [706.06, 390.19], [712.26, 980.65], [334.45, 966.19]], ""image_width"": 960, ""image_height"": 1280}",indoor,fingers
LIVE/Honor 8A/live_0047.jpeg,"{""label"": ""receipt"", ""shape_type"": ""polygon"", ""points"": [[227.1, 317.94], [749.42, 386.06], [778.32, 1044.65], [282.84, 1057.03]], ""image_width"": 960, ""image_height"": 1280}",outdoor,fingers
LIVE/Honor 8A/live_0048.jpeg,"{""label"": ""receipt"", ""shape_type"": ""polygon"", ""points"": [[274.58, 412.9], [652.39, 344.77], [706.06, 947.61], [346.84, 978.58]], ""image_width"": 960, ""image_height"": 1280}",outdoor,without_fingers
LIVE/Honor 8A/live_0049.jpeg,"{""label"": ""receipt"", ""shape_type"": ""polygon"", ""points"": [[247.74, 280.77], [625.55, 313.81], [635.87, 908.39], [253.94, 939.35]], ""image_width"": 960, ""image_height"": 1280}",outdoor,without_fingers
LIVE/Honor 8A/live_0050.jpeg,"{""label"": ""receipt"", ""shape_type"": ""polygon"", ""points"": [[436.51, 293.74], [960.0, 280.62], [956.72, 585.85], [480.82, 625.23]], ""image_width"": 1280, ""image_height"": 960}",outdoor,without_fingers
LIVE/Honor 8A/live_0051.jpeg,"{""label"": ""receipt"", ""shape_type"": ""polygon"", ""points"": [[251.08, 224.82], [1024.0, 188.72], [1065.03, 618.67], [244.51, 707.28]], ""image_width"": 1280, ""image_height"": 960}",outdoor,without_fingers
LIVE/Honor 8A/live_0052.jpeg,"{""label"": ""receipt"", ""shape_type"": ""polygon"", ""points"": [[258.06, 332.39], [679.23, 315.87], [664.77, 1021.94], [245.68, 1017.81]], ""image_width"": 960, ""image_height"": 1280}",outdoor,without_fingers
LIVE/Honor 8A/live_0053.jpeg,"{""label"": ""receipt"", ""shape_type"": ""polygon"", ""points"": [[268.39, 363.35], [679.23, 377.81], [712.26, 1054.97], [340.65, 1108.65]], ""image_width"": 960, ""image_height"": 1280}",outdoor,without_fingers
LIVE/Honor 8A/live_0054.jpeg,"{""label"": ""receipt"", ""shape_type"": ""polygon"", ""points"": [[445.94, 503.74], [722.58, 532.65], [693.68, 999.23], [437.68, 986.84]], ""image_width"": 960, ""image_height"": 1280}",outdoor,without_fingers
LIVE/Honor 8A/live_0055.jpeg,"{""label"": ""receipt"", ""shape_type"": ""polygon"", ""points"": [[361.29, 487.23], [662.71, 495.48], [699.87, 999.23], [410.84, 1019.87]], ""image_width"": 960, ""image_height"": 1280}",outdoor,without_fingers
LIVE/Honor 8A/live_0056.jpeg,"{""label"": ""receipt"", ""shape_type"": ""polygon"", ""points"": [[403.69, 118.15], [1124.1, 265.85], [1119.18, 667.9], [301.95, 620.31]], ""image_width"": 1280, ""image_height"": 960}",outdoor,without_fingers
LIVE/Honor 8A/live_0057.jpeg,"{""label"": ""receipt"", ""shape_type"": ""polygon"", ""points"": [[227.1, 239.48], [664.77, 179.61], [689.55, 953.81], [227.1, 1009.55]], ""image_width"": 960, ""image_height"": 1280}",outdoor,fingers
LIVE/Honor 8A/live_0058.jpeg,"{""label"": ""receipt"", ""shape_type"": ""polygon"", ""points"": [[303.48, 394.32], [701.94, 491.35], [724.65, 1019.87], [357.16, 1013.68]], ""image_width"": 960, ""image_height"": 1280}",outdoor,fingers
LIVE/Honor 8A/live_0059.jpeg,"{""label"": ""receipt"", ""shape_type"": ""polygon"", ""points"": [[183.74, 348.9], [569.81, 315.87], [594.58, 875.35], [260.13, 881.55]], ""image_width"": 960, ""image_height"": 1280}",outdoor,fingers
LIVE/Honor 8A/live_0060.jpeg,"{""label"": ""receipt"", ""shape_type"": ""polygon"", ""points"": [[258.06, 266.32], [716.39, 241.55], [704.0, 995.1], [280.77, 980.65]], ""image_width"": 960, ""image_height"": 1280}",outdoor,fingers
LIVE/Honor 8A/live_0061.jpeg,"{""label"": ""receipt"", ""shape_type"": ""polygon"", ""points"": [[198.19, 340.65], [621.42, 276.65], [613.16, 964.13], [222.97, 885.68]], ""image_width"": 960, ""image_height"": 1280}",outdoor,fingers
LIVE/Honor 8A/live_0062.jpeg,"{""label"": ""receipt"", ""shape_type"": ""polygon"", ""points"": [[218.84, 388.13], [567.74, 367.48], [586.32, 1011.61], [206.45, 933.16]], ""image_width"": 960, ""image_height"": 1280}",outdoor,fingers
LIVE/Honor 8A/live_0063.jpeg,"{""label"": ""receipt"", ""shape_type"": ""polygon"", ""points"": [[328.26, 462.45], [652.39, 441.81], [662.71, 988.9], [361.29, 982.71]], ""image_width"": 960, ""image_height"": 1280}",outdoor,without_fingers
LIVE/Honor 8A/live_0064.jpeg,"{""label"": ""receipt"", ""shape_type"": ""polygon"", ""points"": [[212.65, 278.71], [712.26, 256.0], [722.58, 1085.94], [237.42, 1083.87]], ""image_width"": 960, ""image_height"": 1280}",outdoor,fingers
LIVE/Honor 8A/live_0065.jpeg,"{""label"": ""receipt"", ""shape_type"": ""polygon"", ""points"": [[310.15, 308.51], [1084.72, 326.56], [1040.41, 715.49], [303.59, 736.82]], ""image_width"": 1280, ""image_height"": 960}",outdoor,without_fingers
LIVE/Honor 8A/live_0066.jpeg,"{""label"": ""receipt"", ""shape_type"": ""polygon"", ""points"": [[204.39, 340.65], [759.74, 328.26], [706.06, 1050.84], [243.61, 1036.39]], ""image_width"": 960, ""image_height"": 1280}",outdoor,fingers
LIVE/Honor 8A/live_0067.jpeg,"{""label"": ""receipt"", ""shape_type"": ""polygon"", ""points"": [[262.19, 369.55], [782.45, 410.84], [580.13, 931.1], [315.87, 939.35]], ""image_width"": 960, ""image_height"": 1280}",outdoor,fingers
LIVE/Honor 8A/live_0068.jpeg,"{""label"": ""receipt"", ""shape_type"": ""polygon"", ""points"": [[307.61, 326.19], [706.06, 353.03], [650.32, 929.03], [299.35, 860.9]], ""image_width"": 960, ""image_height"": 1280}",outdoor,without_fingers
LIVE/Honor 8A/live_0069.jpeg,"{""label"": ""receipt"", ""shape_type"": ""polygon"", ""points"": [[334.77, 208.41], [982.97, 316.72], [920.62, 669.54], [277.33, 625.23]], ""image_width"": 1280, ""image_height"": 960}",outdoor,fingers
LIVE/Honor 8A/live_0070.jpeg,"{""label"": ""receipt"", ""shape_type"": ""polygon"", ""points"": [[214.97, 142.77], [1071.59, 196.92], [1040.41, 728.62], [214.97, 682.67]], ""image_width"": 1280, ""image_height"": 960}",outdoor,without_fingers
LIVE/Honor 8A/live_0071.jpeg,"{""label"": ""receipt"", ""shape_type"": ""polygon"", ""points"": [[245.68, 340.65], [660.65, 264.26], [772.13, 1046.71], [369.55, 1065.29]], ""image_width"": 960, ""image_height"": 1280}",indoor,without_fingers
LIVE/Honor 8A/live_0072.jpeg,"{""label"": ""receipt"", ""shape_type"": ""polygon"", ""points"": [[200.26, 132.13], [662.71, 101.16], [846.45, 974.45], [396.39, 1059.1]], ""image_width"": 960, ""image_height"": 1280}",indoor,without_fingers
LIVE/Honor 8A/live_0073.jpeg,"{""label"": ""receipt"", ""shape_type"": ""polygon"", ""points"": [[309.68, 551.23], [724.65, 530.58], [794.84, 1114.84], [357.16, 1129.29]], ""image_width"": 960, ""image_height"": 1280}",indoor,without_fingers
LIVE/Honor 8A/live_0074.jpeg,"{""label"": ""receipt"", ""shape_type"": ""polygon"", ""points"": [[400.52, 299.35], [834.06, 289.03], [813.42, 1057.03], [367.48, 1042.58]], ""image_width"": 960, ""image_height"": 1280}",indoor,without_fingers
LIVE/Honor 8A/live_0075.jpeg,"{""label"": ""receipt"", ""shape_type"": ""polygon"", ""points"": [[369.55, 448.0], [772.13, 466.58], [734.97, 1137.55], [293.16, 1085.94]], ""image_width"": 960, ""image_height"": 1280}",indoor,fingers
LIVE/Honor 8A/live_0076.jpeg,"{""label"": ""receipt"", ""shape_type"": ""polygon"", ""points"": [[185.81, 330.32], [666.84, 293.16], [685.42, 1141.68], [220.9, 1164.39]], ""image_width"": 960, ""image_height"": 1280}",indoor,fingers
LIVE/Honor 8A/live_0077.jpeg,"{""label"": ""receipt"", ""shape_type"": ""polygon"", ""points"": [[266.32, 260.13], [747.35, 243.61], [747.35, 947.61], [260.13, 912.52]], ""image_width"": 960, ""image_height"": 1280}",indoor,fingers
LIVE/Honor 8A/live_0078.jpeg,"{""label"": ""receipt"", ""shape_type"": ""polygon"", ""points"": [[400.52, 472.77], [807.23, 330.32], [770.06, 1046.71], [245.68, 972.39]], ""image_width"": 960, ""image_height"": 1280}",indoor,without_fingers
LIVE/Honor 8A/live_0079.jpeg,"{""label"": ""receipt"", ""shape_type"": ""polygon"", ""points"": [[305.23, 336.41], [841.85, 382.36], [820.51, 662.97], [267.49, 659.69]], ""image_width"": 1280, ""image_height"": 960}",indoor,without_fingers
LIVE/Honor 8A/live_0080.jpeg,"{""label"": ""receipt"", ""shape_type"": ""polygon"", ""points"": [[262.56, 251.08], [1032.21, 311.79], [1035.49, 756.51], [239.59, 705.64]], ""image_width"": 1280, ""image_height"": 960}",indoor,without_fingers
LIVE/Honor 8A/live_0081.jpeg,"{""label"": ""receipt"", ""shape_type"": ""polygon"", ""points"": [[324.13, 334.45], [726.71, 301.42], [755.61, 1021.94], [367.48, 980.65]], ""image_width"": 960, ""image_height"": 1280}",indoor,fingers
LIVE/Honor 8A/live_0082.jpeg,"{""label"": ""receipt"", ""shape_type"": ""polygon"", ""points"": [[229.16, 311.74], [784.52, 326.19], [699.87, 1166.45], [220.9, 1067.35]], ""image_width"": 960, ""image_height"": 1280}",indoor,fingers
LIVE/Honor 8A/live_0083.jpeg,"{""label"": ""receipt"", ""shape_type"": ""polygon"", ""points"": [[303.48, 344.77], [743.23, 332.39], [644.13, 1021.94], [305.55, 1038.45], [309.68, 350.97]], ""image_width"": 960, ""image_height"": 1280}",indoor,without_fingers
LIVE/Honor 8A/live_0084.jpeg,"{""label"": ""receipt"", ""shape_type"": ""polygon"", ""points"": [[392.26, 410.84], [718.45, 412.9], [681.29, 1011.61], [291.1, 908.39]], ""image_width"": 960, ""image_height"": 1280}",indoor,without_fingers
LIVE/Honor 8A/live_0085.jpeg,"{""label"": ""receipt"", ""shape_type"": ""polygon"", ""points"": [[367.48, 398.45], [803.1, 487.23], [635.87, 1073.55], [276.65, 957.94]], ""image_width"": 960, ""image_height"": 1280}",indoor,fingers
LIVE/Honor 8A/live_0086.jpeg,"{""label"": ""receipt"", ""shape_type"": ""polygon"", ""points"": [[396.39, 297.29], [862.97, 361.29], [689.55, 1011.61], [311.74, 964.13]], ""image_width"": 960, ""image_height"": 1280}",indoor,fingers
LIVE/Honor 8A/live_0087.jpeg,"{""label"": ""receipt"", ""shape_type"": ""polygon"", ""points"": [[286.97, 394.32], [734.97, 334.45], [666.84, 995.1], [301.42, 900.13]], ""image_width"": 960, ""image_height"": 1280}",indoor,without_fingers
LIVE/Honor 8A/live_0088.jpeg,"{""label"": ""receipt"", ""shape_type"": ""polygon"", ""points"": [[251.87, 363.35], [716.39, 363.35], [718.45, 1061.16], [260.13, 1038.45]], ""image_width"": 960, ""image_height"": 1280}",indoor,without_fingers
LIVE/Honor 8A/live_0089.jpeg,"{""label"": ""receipt"", ""shape_type"": ""polygon"", ""points"": [[220.9, 346.84], [670.97, 264.26], [714.32, 918.71], [307.61, 906.32]], ""image_width"": 960, ""image_height"": 1280}",indoor,fingers
LIVE/Honor 8A/live_0090.jpeg,"{""label"": ""receipt"", ""shape_type"": ""polygon"", ""points"": [[423.38, 234.67], [1156.92, 152.62], [1155.28, 689.23], [495.59, 705.64]], ""image_width"": 1280, ""image_height"": 960}",indoor,fingers
LIVE/Honor 8A/live_0091.jpeg,"{""label"": ""receipt"", ""shape_type"": ""polygon"", ""points"": [[284.9, 439.74], [768.0, 400.52], [776.26, 856.77], [303.48, 871.23]], ""image_width"": 960, ""image_height"": 1280}",indoor,fingers
LIVE/Honor 8A/live_0092.jpeg,"{""label"": ""receipt"", ""shape_type"": ""polygon"", ""points"": [[225.03, 394.32], [720.52, 427.35], [753.55, 922.84], [313.81, 957.94]], ""image_width"": 960, ""image_height"": 1280}",indoor,without_fingers
LIVE/Honor 8A/live_0093.jpeg,"{""label"": ""receipt"", ""shape_type"": ""polygon"", ""points"": [[239.48, 402.58], [662.71, 388.13], [693.68, 875.35], [233.29, 972.39]], ""image_width"": 960, ""image_height"": 1280}",indoor,without_fingers
LIVE/Honor 8A/live_0094.jpeg,"{""label"": ""receipt"", ""shape_type"": ""polygon"", ""points"": [[68.13, 441.81], [644.13, 406.71], [594.58, 1077.68], [150.71, 1069.42]], ""image_width"": 960, ""image_height"": 1280}",indoor,fingers
LIVE/Honor 8A/live_0095.jpeg,"{""label"": ""receipt"", ""shape_type"": ""polygon"", ""points"": [[251.87, 400.52], [710.19, 361.29], [697.81, 1036.39], [251.87, 1007.48]], ""image_width"": 960, ""image_height"": 1280}",indoor,fingers
LIVE/Honor 8A/live_0096.jpeg,"{""label"": ""receipt"", ""shape_type"": ""polygon"", ""points"": [[148.65, 148.65], [695.74, 132.13], [780.39, 993.03], [179.61, 1013.68]], ""image_width"": 960, ""image_height"": 1280}",indoor,without_fingers
LIVE/Honor 8A/live_0097.jpeg,"{""label"": ""receipt"", ""shape_type"": ""polygon"", ""points"": [[220.9, 272.52], [699.87, 280.77], [776.26, 935.23], [274.58, 879.48]], ""image_width"": 960, ""image_height"": 1280}",indoor,without_fingers
LIVE/Honor 8A/live_0098.jpeg,"{""label"": ""receipt"", ""shape_type"": ""polygon"", ""points"": [[269.13, 226.46], [850.05, 162.46], [910.77, 582.56], [308.51, 646.56]], ""image_width"": 1280, ""image_height"": 960}",indoor,without_fingers
LIVE/Honor 8A/live_0099.jpeg,"{""label"": ""receipt"", ""shape_type"": ""polygon"", ""points"": [[461.13, 159.18], [1030.56, 157.54], [851.69, 564.51], [456.21, 553.03]], ""image_width"": 1280, ""image_height"": 960}",indoor,fingers
LIVE/Honor 8A/live_0100.jpeg,"{""label"": ""receipt"", ""shape_type"": ""polygon"", ""points"": [[272.41, 162.46], [1058.46, 170.67], [854.97, 723.69], [298.67, 728.62]], ""image_width"": 1280, ""image_height"": 960}",indoor,fingers
LIVE/Honor 8A/live_0101.jpeg,"{""label"": ""receipt"", ""shape_type"": ""polygon"", ""points"": [[231.23, 322.06], [836.13, 297.29], [825.81, 1102.45], [264.26, 1098.32]], ""image_width"": 960, ""image_height"": 1280}",indoor,fingers
LIVE/Honor 8A/live_0102.jpeg,"{""label"": ""receipt"", ""shape_type"": ""polygon"", ""points"": [[155.9, 275.69], [932.1, 154.26], [1035.49, 712.21], [167.38, 712.21]], ""image_width"": 1280, ""image_height"": 960}",outdoor,without_fingers
LIVE/Honor 8A/live_0103.jpeg,"{""label"": ""receipt"", ""shape_type"": ""polygon"", ""points"": [[342.97, 265.85], [971.49, 101.74], [1068.31, 585.85], [395.49, 628.51]], ""image_width"": 1280, ""image_height"": 960}",outdoor,fingers
LIVE/Honor 8A/live_0104.jpeg,"{""label"": ""receipt"", ""shape_type"": ""polygon"", ""points"": [[289.03, 282.84], [803.1, 280.77], [803.1, 970.32], [303.48, 1017.81]], ""image_width"": 960, ""image_height"": 1280}",outdoor,fingers
LIVE/Honor 8A/live_0105.jpeg,"{""label"": ""receipt"", ""shape_type"": ""polygon"", ""points"": [[270.45, 404.65], [673.03, 361.29], [704.0, 1011.61], [320.0, 1050.84]], ""image_width"": 960, ""image_height"": 1280}",outdoor,fingers
LIVE/Honor 8A/live_0106.jpeg,"{""label"": ""receipt"", ""shape_type"": ""polygon"", ""points"": [[227.1, 282.84], [755.61, 264.26], [743.23, 1098.32], [245.68, 995.1]], ""image_width"": 960, ""image_height"": 1280}",outdoor,fingers
LIVE/Honor 8A/live_0107.jpeg,"{""label"": ""receipt"", ""shape_type"": ""polygon"", ""points"": [[367.48, 284.9], [724.65, 237.42], [749.42, 829.94], [439.74, 811.35]], ""image_width"": 960, ""image_height"": 1280}",outdoor,fingers
LIVE/Honor 8A/live_0108.jpeg,"{""label"": ""receipt"", ""shape_type"": ""polygon"", ""points"": [[262.19, 286.97], [780.39, 330.32], [745.29, 964.13], [299.35, 879.48]], ""image_width"": 960, ""image_height"": 1280}",outdoor,fingers
LIVE/Honor 8A/live_0109.jpeg,"{""label"": ""receipt"", ""shape_type"": ""polygon"", ""points"": [[373.68, 369.55], [704.0, 464.52], [710.19, 990.97], [359.23, 984.77]], ""image_width"": 960, ""image_height"": 1280}",outdoor,without_fingers
LIVE/Honor 8A/live_0110.jpeg,"{""label"": ""receipt"", ""shape_type"": ""polygon"", ""points"": [[99.1, 340.65], [660.65, 350.97], [737.03, 970.32], [179.61, 1021.94]], ""image_width"": 960, ""image_height"": 1280}",outdoor,fingers
LIVE/Honor 8A/live_0111.jpeg,"{""label"": ""receipt"", ""shape_type"": ""polygon"", ""points"": [[330.32, 303.48], [763.87, 392.26], [813.42, 1114.84], [336.52, 1110.71]], ""image_width"": 960, ""image_height"": 1280}",outdoor,fingers
LIVE/Honor 8A/live_0112.jpeg,"{""label"": ""receipt"", ""shape_type"": ""polygon"", ""points"": [[361.03, 315.08], [938.67, 328.21], [928.82, 707.28], [347.9, 692.51]], ""image_width"": 1280, ""image_height"": 960}",outdoor,without_fingers
LIVE/Honor 8A/live_0113.jpeg,"{""label"": ""receipt"", ""shape_type"": ""polygon"", ""points"": [[208.52, 340.65], [796.9, 301.42], [865.03, 1034.32], [235.35, 1059.1]], ""image_width"": 960, ""image_height"": 1280}",outdoor,fingers
LIVE/Honor 8A/live_0114.jpeg,"{""label"": ""receipt"", ""shape_type"": ""polygon"", ""points"": [[179.61, 158.97], [786.58, 171.35], [701.94, 990.97], [220.9, 962.06]], ""image_width"": 960, ""image_height"": 1280}",indoor,fingers
LIVE/Honor 8A/live_0115.jpeg,"{""label"": ""receipt"", ""shape_type"": ""polygon"", ""points"": [[103.23, 594.58], [681.29, 460.39], [832.0, 1005.42], [297.29, 1187.1]], ""image_width"": 960, ""image_height"": 1280}",outdoor,fingers
LIVE/Honor 8A/live_0116.jpeg,"{""label"": ""receipt"", ""shape_type"": ""polygon"", ""points"": [[192.0, 450.06], [720.52, 353.03], [774.19, 1030.19], [289.03, 1015.74]], ""image_width"": 960, ""image_height"": 1280}",indoor,fingers
LIVE/Honor 8A/live_0117.jpeg,"{""label"": ""receipt"", ""shape_type"": ""polygon"", ""points"": [[264.26, 427.35], [668.9, 377.81], [716.39, 885.68], [326.19, 951.74]], ""image_width"": 960, ""image_height"": 1280}",outdoor,without_fingers
LIVE/Honor 8A/live_0118.jpeg,"{""label"": ""receipt"", ""shape_type"": ""polygon"", ""points"": [[173.42, 419.1], [718.45, 452.13], [693.68, 1034.32], [245.68, 1007.48]], ""image_width"": 960, ""image_height"": 1280}",outdoor,fingers
LIVE/Honor 8A/live_0119.jpeg,"{""label"": ""receipt"", ""shape_type"": ""polygon"", ""points"": [[317.94, 249.81], [809.29, 179.61], [751.48, 990.97], [328.26, 937.29]], ""image_width"": 960, ""image_height"": 1280}",indoor,fingers
LIVE/Honor 8A/live_0120.jpeg,"{""label"": ""receipt"", ""shape_type"": ""polygon"", ""points"": [[158.97, 181.68], [648.26, 363.35], [646.19, 1224.26], [249.81, 1172.65]], ""image_width"": 960, ""image_height"": 1280}",outdoor,fingers
LIVE/Honor 8A/live_0121.jpeg,"{""label"": ""receipt"", ""shape_type"": ""polygon"", ""points"": [[222.97, 171.35], [666.84, 51.61], [708.13, 1220.13], [231.23, 1114.84]], ""image_width"": 960, ""image_height"": 1280}",outdoor,fingers
LIVE/Honor 8A/live_0122.jpeg,"{""label"": ""receipt"", ""shape_type"": ""polygon"", ""points"": [[258.06, 239.48], [712.26, 357.16], [650.32, 1003.35], [222.97, 1005.42]], ""image_width"": 960, ""image_height"": 1280}",outdoor,fingers
LIVE/Honor 8A/live_0123.jpeg,"{""label"": ""receipt"", ""shape_type"": ""polygon"", ""points"": [[216.77, 357.16], [720.52, 350.97], [757.68, 1079.74], [258.06, 1042.58]], ""image_width"": 960, ""image_height"": 1280}",outdoor,fingers
LIVE/Honor 8A/live_0124.jpeg,"{""label"": ""receipt"", ""shape_type"": ""polygon"", ""points"": [[355.1, 192.0], [819.61, 208.52], [850.58, 1145.81], [307.61, 1054.97]], ""image_width"": 960, ""image_height"": 1280}",outdoor,fingers
LIVE/Honor 8A/live_0125.jpeg,"{""label"": ""receipt"", ""shape_type"": ""polygon"", ""points"": [[148.65, 388.13], [670.97, 336.52], [761.81, 1100.39], [253.94, 1108.65]], ""image_width"": 960, ""image_height"": 1280}",outdoor,without_fingers
LIVE/Honor 8A/live_0126.jpeg,"{""label"": ""receipt"", ""shape_type"": ""polygon"", ""points"": [[206.45, 373.68], [722.58, 336.52], [832.0, 1116.9], [274.58, 1123.1]], ""image_width"": 960, ""image_height"": 1280}",outdoor,without_fingers
LIVE/Honor 8A/live_0127.jpeg,"{""label"": ""receipt"", ""shape_type"": ""polygon"", ""points"": [[196.13, 297.29], [788.65, 284.9], [850.58, 1180.9], [247.74, 1129.29]], ""image_width"": 960, ""image_height"": 1280}",outdoor,fingers
LIVE/Honor 8A/live_0128.jpeg,"{""label"": ""receipt"", ""shape_type"": ""polygon"", ""points"": [[266.32, 396.39], [780.39, 326.19], [838.19, 1057.03], [270.45, 1034.32]], ""image_width"": 960, ""image_height"": 1280}",outdoor,fingers
LIVE/Honor 8A/live_0129.jpeg,"{""label"": ""receipt"", ""shape_type"": ""polygon"", ""points"": [[418.46, 272.41], [1076.51, 262.56], [1078.15, 756.51], [415.18, 741.74]], ""image_width"": 1280, ""image_height"": 960}",indoor,fingers
LIVE/Honor 8A/live_0130.jpeg,"{""label"": ""receipt"", ""shape_type"": ""polygon"", ""points"": [[332.39, 152.77], [846.45, 251.87], [741.16, 1079.74], [150.71, 960.0]], ""image_width"": 960, ""image_height"": 1280}",indoor,without_fingers
LIVE/Honor 8A/live_0131.jpeg,"{""label"": ""receipt"", ""shape_type"": ""polygon"", ""points"": [[177.55, 237.42], [825.81, 249.81], [896.0, 908.39], [264.26, 968.26]], ""image_width"": 960, ""image_height"": 1280}",indoor,fingers
LIVE/Honor 8A/live_0132.jpeg,"{""label"": ""receipt"", ""shape_type"": ""polygon"", ""points"": [[202.32, 404.65], [683.35, 400.52], [699.87, 1005.42], [229.16, 972.39]], ""image_width"": 960, ""image_height"": 1280}",indoor,fingers
LIVE/Honor 8A/live_0133.jpeg,"{""label"": ""receipt"", ""shape_type"": ""polygon"", ""points"": [[299.35, 282.84], [784.52, 264.26], [759.74, 1106.58], [289.03, 990.97]], ""image_width"": 960, ""image_height"": 1280}",indoor,fingers
LIVE/Honor 8A/live_0134.jpeg,"{""label"": ""receipt"", ""shape_type"": ""polygon"", ""points"": [[121.44, 341.33], [892.72, 300.31], [979.69, 641.64], [200.21, 707.28]], ""image_width"": 1280, ""image_height"": 960}",indoor,without_fingers
LIVE/Honor 8A/live_0135.jpeg,"{""label"": ""receipt"", ""shape_type"": ""polygon"", ""points"": [[342.71, 220.9], [726.71, 214.71], [718.45, 1090.06], [365.42, 1079.74]], ""image_width"": 960, ""image_height"": 1280}",indoor,fingers
LIVE/Honor 8A/live_0136.jpeg,"{""label"": ""receipt"", ""shape_type"": ""polygon"", ""points"": [[330.32, 433.55], [670.97, 460.39], [635.87, 1143.74], [369.55, 1137.55]], ""image_width"": 960, ""image_height"": 1280}",indoor,fingers
LIVE/Honor 8A/live_0137.jpeg,"{""label"": ""receipt"", ""shape_type"": ""polygon"", ""points"": [[348.9, 278.71], [708.13, 336.52], [701.94, 990.97], [332.39, 974.45]], ""image_width"": 960, ""image_height"": 1280}",indoor,without_fingers
LIVE/Honor 8A/live_0138.jpeg,"{""label"": ""receipt"", ""shape_type"": ""polygon"", ""points"": [[299.35, 419.1], [633.81, 433.55], [617.29, 937.29], [278.71, 893.94]], ""image_width"": 960, ""image_height"": 1280}",indoor,without_fingers
LIVE/Honor 8A/live_0139.jpeg,"{""label"": ""receipt"", ""shape_type"": ""polygon"", ""points"": [[291.1, 328.26], [594.58, 229.16], [666.84, 885.68], [353.03, 896.0]], ""image_width"": 960, ""image_height"": 1280}",indoor,without_fingers
LIVE/Honor 8A/live_0140.jpeg,"{""label"": ""receipt"", ""shape_type"": ""polygon"", ""points"": [[210.58, 381.94], [625.55, 404.65], [619.35, 1011.61], [233.29, 1034.32]], ""image_width"": 960, ""image_height"": 1280}",indoor,fingers
LIVE/Honor 8A/live_0141.jpeg,"{""label"": ""receipt"", ""shape_type"": ""polygon"", ""points"": [[210.58, 282.84], [664.77, 249.81], [768.0, 1224.26], [334.45, 1182.97]], ""image_width"": 960, ""image_height"": 1280}",indoor,fingers
LIVE/Honor 8A/live_0142.jpeg,"{""label"": ""receipt"", ""shape_type"": ""polygon"", ""points"": [[123.87, 229.16], [656.52, 222.97], [763.87, 1073.55], [216.77, 1112.77]], ""image_width"": 960, ""image_height"": 1280}",indoor,without_fingers
LIVE/Honor 8A/live_0143.jpeg,"{""label"": ""receipt"", ""shape_type"": ""polygon"", ""points"": [[295.23, 260.13], [737.03, 253.94], [757.68, 1242.84], [299.35, 1240.77]], ""image_width"": 960, ""image_height"": 1280}",indoor,without_fingers
LIVE/Honor 8A/live_0144.jpeg,"{""label"": ""receipt"", ""shape_type"": ""polygon"", ""points"": [[278.71, 384.0], [704.0, 402.58], [646.19, 1034.32], [243.61, 978.58]], ""image_width"": 960, ""image_height"": 1280}",indoor,fingers
LIVE/Honor 8A/live_0145.jpeg,"{""label"": ""receipt"", ""shape_type"": ""polygon"", ""points"": [[286.97, 384.0], [588.39, 384.0], [650.32, 893.94], [332.39, 873.29]], ""image_width"": 960, ""image_height"": 1280}",indoor,fingers
LIVE/Honor 8A/live_0146.jpeg,"{""label"": ""receipt"", ""shape_type"": ""polygon"", ""points"": [[421.16, 272.52], [751.48, 256.0], [724.65, 782.45], [448.0, 784.52]], ""image_width"": 960, ""image_height"": 1280}",indoor,fingers
LIVE/Honor 8A/live_0147.jpeg,"{""label"": ""receipt"", ""shape_type"": ""polygon"", ""points"": [[336.52, 357.16], [644.13, 359.23], [600.77, 1079.74], [307.61, 1042.58]], ""image_width"": 960, ""image_height"": 1280}",indoor,fingers
LIVE/Honor 8A/live_0148.jpeg,"{""label"": ""receipt"", ""shape_type"": ""polygon"", ""points"": [[433.55, 526.45], [683.35, 542.97], [664.77, 908.39], [443.87, 918.71]], ""image_width"": 960, ""image_height"": 1280}",indoor,fingers
LIVE/Honor 8A/live_0149.jpeg,"{""label"": ""receipt"", ""shape_type"": ""polygon"", ""points"": [[212.65, 233.29], [780.39, 125.94], [850.58, 1015.74], [330.32, 1071.48]], ""image_width"": 960, ""image_height"": 1280}",indoor,fingers
LIVE/Honor 8A/live_0150.jpeg,"{""label"": ""receipt"", ""shape_type"": ""polygon"", ""points"": [[394.32, 386.06], [842.32, 404.65], [788.65, 1059.1], [371.61, 1001.29]], ""image_width"": 960, ""image_height"": 1280}",indoor,fingers
LIVE/Honor 8A/live_0151.jpeg,"{""label"": ""receipt"", ""shape_type"": ""polygon"", ""points"": [[303.48, 336.52], [755.61, 270.45], [862.97, 968.26], [388.13, 1017.81]], ""image_width"": 960, ""image_height"": 1280}",indoor,fingers
LIVE/Honor 8A/live_0152.jpeg,"{""label"": ""receipt"", ""shape_type"": ""polygon"", ""points"": [[320.0, 303.48], [753.55, 303.48], [747.35, 1118.97], [299.35, 1102.45]], ""image_width"": 960, ""image_height"": 1280}",indoor,without_fingers
LIVE/Honor 8A/live_0153.jpeg,"{""label"": ""receipt"", ""shape_type"": ""polygon"", ""points"": [[326.19, 328.26], [813.42, 330.32], [858.84, 1057.03], [326.19, 1054.97]], ""image_width"": 960, ""image_height"": 1280}",indoor,fingers
LIVE/Honor 8A/live_0154.jpeg,"{""label"": ""receipt"", ""shape_type"": ""polygon"", ""points"": [[375.79, 267.49], [1005.95, 283.9], [951.79, 679.38], [280.62, 544.82]], ""image_width"": 1280, ""image_height"": 960}",indoor,without_fingers
LIVE/Honor 8A/live_0155.jpeg,"{""label"": ""receipt"", ""shape_type"": ""polygon"", ""points"": [[351.18, 278.97], [943.59, 328.21], [905.85, 689.23], [321.64, 618.67]], ""image_width"": 1280, ""image_height"": 960}",indoor,without_fingers
LIVE/Honor 8A/live_0156.jpeg,"{""label"": ""receipt"", ""shape_type"": ""polygon"", ""points"": [[221.54, 260.92], [937.03, 239.59], [917.33, 735.18], [195.28, 641.64]], ""image_width"": 1280, ""image_height"": 960}",indoor,without_fingers
LIVE/Honor 8A/live_0157.jpeg,"{""label"": ""receipt"", ""shape_type"": ""polygon"", ""points"": [[280.77, 214.71], [788.65, 202.32], [761.81, 1197.42], [305.55, 1149.94]], ""image_width"": 960, ""image_height"": 1280}",indoor,without_fingers
LIVE/Honor 8A/live_0158.jpeg,"{""label"": ""receipt"", ""shape_type"": ""polygon"", ""points"": [[299.35, 427.35], [716.39, 406.71], [704.0, 1044.65], [286.97, 1036.39]], ""image_width"": 960, ""image_height"": 1280}",indoor,without_fingers
LIVE/Honor 8A/live_0159.jpeg,"{""label"": ""receipt"", ""shape_type"": ""polygon"", ""points"": [[349.54, 310.15], [899.28, 387.28], [858.26, 705.64], [290.46, 651.49]], ""image_width"": 1280, ""image_height"": 960}",indoor,without_fingers
LIVE/Honor 8A/live_0160.jpeg,"{""label"": ""receipt"", ""shape_type"": ""polygon"", ""points"": [[256.0, 375.74], [606.97, 384.0], [598.71, 1009.55], [282.84, 1013.68]], ""image_width"": 960, ""image_height"": 1280}",indoor,without_fingers
LIVE/Honor 8A/live_0161.jpeg,"{""label"": ""receipt"", ""shape_type"": ""polygon"", ""points"": [[293.16, 336.52], [774.19, 231.23], [811.35, 933.16], [369.55, 929.03]], ""image_width"": 960, ""image_height"": 1280}",indoor,fingers
LIVE/Honor 8A/live_0162.jpeg,"{""label"": ""receipt"", ""shape_type"": ""polygon"", ""points"": [[344.77, 328.26], [768.0, 520.26], [739.1, 931.1], [299.35, 949.68]], ""image_width"": 960, ""image_height"": 1280}",indoor,without_fingers
LIVE/Honor 8A/live_0163.jpeg,"{""label"": ""receipt"", ""shape_type"": ""polygon"", ""points"": [[249.81, 338.58], [679.23, 320.0], [741.16, 933.16], [303.48, 1009.55]], ""image_width"": 960, ""image_height"": 1280}",indoor,without_fingers
LIVE/Honor 8A/live_0164.jpeg,"{""label"": ""receipt"", ""shape_type"": ""polygon"", ""points"": [[206.45, 402.58], [673.03, 375.74], [710.19, 986.84], [260.13, 997.16]], ""image_width"": 960, ""image_height"": 1280}",indoor,without_fingers
LIVE/Honor 8A/live_0165.jpeg,"{""label"": ""receipt"", ""shape_type"": ""polygon"", ""points"": [[220.9, 402.58], [609.03, 274.58], [805.16, 1036.39], [291.1, 1116.9]], ""image_width"": 960, ""image_height"": 1280}",indoor,without_fingers
LIVE/Honor 8A/live_0166.jpeg,"{""label"": ""receipt"", ""shape_type"": ""polygon"", ""points"": [[369.23, 229.74], [984.62, 329.85], [932.1, 741.74], [277.33, 643.28]], ""image_width"": 1280, ""image_height"": 960}",indoor,without_fingers
LIVE/Honor 8A/live_0167.jpeg,"{""label"": ""receipt"", ""shape_type"": ""polygon"", ""points"": [[272.52, 295.23], [621.42, 390.19], [737.03, 1168.52], [328.26, 1232.52]], ""image_width"": 960, ""image_height"": 1280}",indoor,fingers
LIVE/Honor 8A/live_0168.jpeg,"{""label"": ""receipt"", ""shape_type"": ""polygon"", ""points"": [[280.77, 175.48], [763.87, 218.84], [786.58, 1182.97], [258.06, 1158.19]], ""image_width"": 960, ""image_height"": 1280}",indoor,fingers
LIVE/Honor 8A/live_0169.jpeg,"{""label"": ""receipt"", ""shape_type"": ""polygon"", ""points"": [[253.94, 260.13], [565.68, 307.61], [594.58, 865.03], [272.52, 883.61]], ""image_width"": 960, ""image_height"": 1280}",outdoor,without_fingers
LIVE/Honor 8A/live_0170.jpeg,"{""label"": ""receipt"", ""shape_type"": ""polygon"", ""points"": [[297.29, 324.13], [656.52, 359.23], [689.55, 1013.68], [303.48, 1030.19]], ""image_width"": 960, ""image_height"": 1280}",outdoor,fingers
LIVE/Honor 8A/live_0171.jpeg,"{""label"": ""receipt"", ""shape_type"": ""polygon"", ""points"": [[171.35, 299.35], [617.29, 299.35], [611.1, 1007.48], [208.52, 990.97]], ""image_width"": 960, ""image_height"": 1280}",outdoor,fingers
LIVE/Honor 8A/live_0172.jpeg,"{""label"": ""receipt"", ""shape_type"": ""polygon"", ""points"": [[179.61, 365.42], [518.19, 309.68], [559.48, 914.58], [241.55, 955.87]], ""image_width"": 960, ""image_height"": 1280}",outdoor,fingers
LIVE/Honor 8A/live_0173.jpeg,"{""label"": ""receipt"", ""shape_type"": ""polygon"", ""points"": [[328.26, 315.87], [718.45, 320.0], [741.16, 1104.52], [342.71, 1075.61]], ""image_width"": 960, ""image_height"": 1280}",outdoor,fingers
LIVE/Honor 8A/live_0174.jpeg,"{""label"": ""receipt"", ""shape_type"": ""polygon"", ""points"": [[260.13, 272.52], [755.61, 266.32], [549.16, 1065.29], [241.55, 1036.39]], ""image_width"": 960, ""image_height"": 1280}",outdoor,fingers
LIVE/Honor 8A/live_0175.jpeg,"{""label"": ""receipt"", ""shape_type"": ""polygon"", ""points"": [[117.68, 284.9], [590.45, 198.19], [660.65, 900.13], [251.87, 1071.48]], ""image_width"": 960, ""image_height"": 1280}",outdoor,fingers
LIVE/Honor 8A/live_0176.jpeg,"{""label"": ""receipt"", ""shape_type"": ""polygon"", ""points"": [[264.26, 377.81], [675.1, 464.52], [623.48, 1030.19], [293.16, 1019.87]], ""image_width"": 960, ""image_height"": 1280}",outdoor,fingers
LIVE/Honor 8A/live_0177.jpeg,"{""label"": ""receipt"", ""shape_type"": ""polygon"", ""points"": [[297.29, 476.9], [629.68, 522.32], [602.84, 1009.55], [305.55, 1071.48]], ""image_width"": 960, ""image_height"": 1280}",outdoor,without_fingers
LIVE/Honor 8A/live_0178.jpeg,"{""label"": ""receipt"", ""shape_type"": ""polygon"", ""points"": [[169.29, 443.87], [677.16, 398.45], [576.0, 1158.19], [185.81, 1127.23]], ""image_width"": 960, ""image_height"": 1280}",outdoor,fingers
LIVE/Honor 8A/live_0179.jpeg,"{""label"": ""receipt"", ""shape_type"": ""polygon"", ""points"": [[324.13, 332.39], [724.65, 326.19], [664.77, 912.52], [375.74, 912.52]], ""image_width"": 960, ""image_height"": 1280}",outdoor,fingers
LIVE/Honor 8A/live_0180.jpeg,"{""label"": ""receipt"", ""shape_type"": ""polygon"", ""points"": [[169.29, 266.32], [621.42, 229.16], [609.03, 990.97], [140.39, 978.58]], ""image_width"": 960, ""image_height"": 1280}",outdoor,fingers
LIVE/Honor 8A/live_0181.jpeg,"{""label"": ""receipt"", ""shape_type"": ""polygon"", ""points"": [[419.1, 530.58], [704.0, 514.06], [697.81, 972.39], [412.9, 978.58]], ""image_width"": 960, ""image_height"": 1280}",outdoor,fingers
LIVE/Honor 8A/live_0182.jpeg,"{""label"": ""receipt"", ""shape_type"": ""polygon"", ""points"": [[307.61, 551.23], [613.16, 516.13], [611.1, 984.77], [324.13, 1057.03]], ""image_width"": 960, ""image_height"": 1280}",outdoor,fingers
LIVE/Honor 8A/live_0183.jpeg,"{""label"": ""receipt"", ""shape_type"": ""polygon"", ""points"": [[253.94, 388.13], [619.35, 305.55], [606.97, 1028.13], [272.52, 935.23]], ""image_width"": 960, ""image_height"": 1280}",outdoor,fingers
LIVE/Honor 8A/live_0184.jpeg,"{""label"": ""receipt"", ""shape_type"": ""polygon"", ""points"": [[299.35, 348.9], [695.74, 297.29], [759.74, 1011.61], [264.26, 1038.45]], ""image_width"": 960, ""image_height"": 1280}",outdoor,fingers
LIVE/Honor 8A/live_0185.jpeg,"{""label"": ""receipt"", ""shape_type"": ""polygon"", ""points"": [[216.77, 390.19], [557.42, 392.26], [478.97, 918.71], [200.26, 875.35]], ""image_width"": 960, ""image_height"": 1280}",outdoor,fingers
LIVE/Honor 8A/live_0186.jpeg,"{""label"": ""receipt"", ""shape_type"": ""polygon"", ""points"": [[280.77, 253.94], [747.35, 200.26], [627.61, 914.58], [282.84, 887.74]], ""image_width"": 960, ""image_height"": 1280}",outdoor,fingers
LIVE/Honor 8A/live_0187.jpeg,"{""label"": ""receipt"", ""shape_type"": ""polygon"", ""points"": [[433.23, 392.21], [854.97, 382.36], [836.92, 630.15], [436.51, 615.38]], ""image_width"": 1280, ""image_height"": 960}",outdoor,fingers
LIVE/Honor 8A/live_0188.jpeg,"{""label"": ""receipt"", ""shape_type"": ""polygon"", ""points"": [[377.81, 342.71], [708.13, 365.42], [739.1, 784.52], [365.42, 774.19]], ""image_width"": 960, ""image_height"": 1280}",outdoor,fingers
LIVE/Honor 8A/live_0189.jpeg,"{""label"": ""receipt"", ""shape_type"": ""polygon"", ""points"": [[490.67, 388.92], [1002.67, 329.85], [1002.67, 810.67], [475.9, 713.85]], ""image_width"": 1280, ""image_height"": 960}",outdoor,without_fingers
LIVE/Honor 8A/live_0190.jpeg,"{""label"": ""receipt"", ""shape_type"": ""polygon"", ""points"": [[461.13, 439.79], [864.82, 352.82], [914.05, 653.13], [462.77, 667.9]], ""image_width"": 1280, ""image_height"": 960}",outdoor,fingers
LIVE/Honor 8A/live_0191.jpeg,"{""label"": ""receipt"", ""shape_type"": ""polygon"", ""points"": [[194.06, 419.1], [693.68, 400.52], [716.39, 922.84], [264.26, 957.94]], ""image_width"": 960, ""image_height"": 1280}",indoor,fingers
LIVE/Honor 8A/live_0192.jpeg,"{""label"": ""receipt"", ""shape_type"": ""polygon"", ""points"": [[305.55, 439.74], [728.77, 417.03], [714.32, 910.45], [260.13, 896.0]], ""image_width"": 960, ""image_height"": 1280}",indoor,fingers
LIVE/Honor 8A/live_0193.jpeg,"{""label"": ""receipt"", ""shape_type"": ""polygon"", ""points"": [[291.1, 361.29], [621.42, 365.42], [646.19, 1011.61], [282.84, 1013.68]], ""image_width"": 960, ""image_height"": 1280}",indoor,fingers
LIVE/Honor 8A/live_0194.jpeg,"{""label"": ""receipt"", ""shape_type"": ""polygon"", ""points"": [[408.77, 408.77], [763.87, 342.71], [854.71, 933.16], [499.61, 978.58]], ""image_width"": 960, ""image_height"": 1280}",outdoor,fingers
LIVE/Honor 8A/live_0195.jpeg,"{""label"": ""receipt"", ""shape_type"": ""polygon"", ""points"": [[156.9, 375.74], [704.0, 295.23], [734.97, 1152.0], [202.32, 1121.03]], ""image_width"": 960, ""image_height"": 1280}",outdoor,fingers
LIVE/Honor 8A/live_0196.jpeg,"{""label"": ""receipt"", ""shape_type"": ""polygon"", ""points"": [[229.16, 307.61], [664.77, 340.65], [681.29, 1149.94], [214.71, 1131.35]], ""image_width"": 960, ""image_height"": 1280}",outdoor,fingers
LIVE/Honor 8A/live_0197.jpeg,"{""label"": ""receipt"", ""shape_type"": ""polygon"", ""points"": [[406.71, 520.26], [611.1, 489.29], [621.42, 856.77], [390.19, 869.16]], ""image_width"": 960, ""image_height"": 1280}",outdoor,without_fingers
LIVE/Honor 8A/live_0198.jpeg,"{""label"": ""receipt"", ""shape_type"": ""polygon"", ""points"": [[227.1, 468.65], [656.52, 404.65], [699.87, 1098.32], [264.26, 1065.29]], ""image_width"": 960, ""image_height"": 1280}",outdoor,fingers
LIVE/Honor 8A/live_0199.jpeg,"{""label"": ""receipt"", ""shape_type"": ""polygon"", ""points"": [[400.52, 363.35], [774.19, 379.87], [780.39, 1003.35], [371.61, 964.13]], ""image_width"": 960, ""image_height"": 1280}",outdoor,fingers
LIVE/Honor 8A/live_0200.jpeg,"{""label"": ""receipt"", ""shape_type"": ""polygon"", ""points"": [[379.87, 439.74], [737.03, 414.97], [714.32, 1009.55], [346.84, 1009.55]], ""image_width"": 960, ""image_height"": 1280}",outdoor,fingers
LIVE/Honor 8A/live_0201.jpeg,"{""label"": ""receipt"", ""shape_type"": ""polygon"", ""points"": [[157.54, 264.21], [907.49, 231.38], [914.05, 626.87], [203.49, 603.9]], ""image_width"": 1280, ""image_height"": 960}",outdoor,without_fingers
LIVE/Honor 8A/live_0202.jpeg,"{""label"": ""receipt"", ""shape_type"": ""polygon"", ""points"": [[377.81, 171.35], [726.71, 258.06], [664.77, 978.58], [196.13, 984.77]], ""image_width"": 960, ""image_height"": 1280}",outdoor,fingers
LIVE/Honor 8A/live_0203.jpeg,"{""label"": ""receipt"", ""shape_type"": ""polygon"", ""points"": [[305.55, 303.48], [691.61, 336.52], [673.03, 1030.19], [270.45, 1046.71]], ""image_width"": 960, ""image_height"": 1280}",outdoor,fingers
LIVE/Honor 8A/live_0204.jpeg,"{""label"": ""receipt"", ""shape_type"": ""polygon"", ""points"": [[380.72, 321.64], [987.9, 213.33], [968.21, 694.15], [405.33, 640.0]], ""image_width"": 1280, ""image_height"": 960}",outdoor,without_fingers
LIVE/Honor 8A/live_0205.jpeg,"{""label"": ""receipt"", ""shape_type"": ""polygon"", ""points"": [[320.0, 371.61], [815.48, 429.42], [673.03, 1079.74], [243.61, 1073.55]], ""image_width"": 960, ""image_height"": 1280}",outdoor,fingers
LIVE/Honor 8A/live_0206.jpeg,"{""label"": ""receipt"", ""shape_type"": ""polygon"", ""points"": [[367.48, 481.03], [592.52, 470.71], [633.81, 943.48], [379.87, 949.68]], ""image_width"": 960, ""image_height"": 1280}",outdoor,without_fingers
LIVE/Honor 8A/live_0207.jpeg,"{""label"": ""receipt"", ""shape_type"": ""polygon"", ""points"": [[398.77, 321.64], [964.92, 308.51], [951.79, 687.59], [398.77, 643.28]], ""image_width"": 1280, ""image_height"": 960}",outdoor,without_fingers
LIVE/Honor 8A/live_0208.jpeg,"{""label"": ""receipt"", ""shape_type"": ""polygon"", ""points"": [[396.39, 406.71], [670.97, 437.68], [609.03, 891.87], [346.84, 889.81]], ""image_width"": 960, ""image_height"": 1280}",outdoor,without_fingers
LIVE/Honor 8A/live_0209.jpeg,"{""label"": ""receipt"", ""shape_type"": ""polygon"", ""points"": [[287.18, 100.1], [969.85, 221.54], [873.03, 598.97], [210.05, 502.15]], ""image_width"": 1280, ""image_height"": 960}",outdoor,without_fingers
LIVE/Honor 8A/live_0210.jpeg,"{""label"": ""receipt"", ""shape_type"": ""polygon"", ""points"": [[423.38, 339.69], [882.87, 329.85], [874.67, 584.21], [418.46, 587.49]], ""image_width"": 1280, ""image_height"": 960}",outdoor,without_fingers
LIVE/Honor 8A/live_0211.jpeg,"{""label"": ""receipt"", ""shape_type"": ""polygon"", ""points"": [[369.55, 375.74], [650.32, 400.52], [699.87, 951.74], [346.84, 955.87]], ""image_width"": 960, ""image_height"": 1280}",outdoor,without_fingers
LIVE/Honor 8A/live_0212.jpeg,"{""label"": ""receipt"", ""shape_type"": ""polygon"", ""points"": [[342.71, 437.68], [652.39, 439.74], [619.35, 856.77], [379.87, 850.58]], ""image_width"": 960, ""image_height"": 1280}",outdoor,fingers
LIVE/Honor 8A/live_0213.jpeg,"{""label"": ""receipt"", ""shape_type"": ""polygon"", ""points"": [[264.26, 478.97], [644.13, 464.52], [668.9, 1017.81], [266.32, 980.65]], ""image_width"": 960, ""image_height"": 1280}",outdoor,fingers
LIVE/Honor 8A/live_0214.jpeg,"{""label"": ""receipt"", ""shape_type"": ""polygon"", ""points"": [[348.9, 448.0], [606.97, 390.19], [664.77, 743.23], [350.97, 761.81]], ""image_width"": 960, ""image_height"": 1280}",outdoor,without_fingers
LIVE/Honor 8A/live_0215.jpeg,"{""label"": ""receipt"", ""shape_type"": ""polygon"", ""points"": [[267.49, 298.67], [930.46, 277.33], [933.74, 795.9], [223.18, 669.54]], ""image_width"": 1280, ""image_height"": 960}",indoor,without_fingers
LIVE/Honor 8A/live_0216.jpeg,"{""label"": ""receipt"", ""shape_type"": ""polygon"", ""points"": [[377.44, 359.38], [900.92, 329.85], [909.13, 753.23], [359.38, 633.44]], ""image_width"": 1280, ""image_height"": 960}",indoor,without_fingers
LIVE/Honor 8A/live_0217.jpeg,"{""label"": ""receipt"", ""shape_type"": ""polygon"", ""points"": [[200.26, 478.97], [590.45, 410.84], [658.58, 955.87], [233.29, 976.52]], ""image_width"": 960, ""image_height"": 1280}",outdoor,without_fingers
LIVE/Honor 8A/live_0218.jpeg,"{""label"": ""receipt"", ""shape_type"": ""polygon"", ""points"": [[326.19, 344.77], [640.0, 324.13], [617.29, 883.61], [268.39, 904.26]], ""image_width"": 960, ""image_height"": 1280}",indoor,without_fingers
LIVE/Honor 8A/live_0219.jpeg,"{""label"": ""receipt"", ""shape_type"": ""polygon"", ""points"": [[342.71, 322.06], [704.0, 274.58], [755.61, 982.71], [328.26, 1034.32]], ""image_width"": 960, ""image_height"": 1280}",indoor,without_fingers
LIVE/Honor 8A/live_0220.jpeg,"{""label"": ""receipt"", ""shape_type"": ""polygon"", ""points"": [[318.36, 318.36], [900.92, 265.85], [930.46, 585.85], [336.41, 649.85]], ""image_width"": 1280, ""image_height"": 960}",indoor,without_fingers
LIVE/Honor 8A/live_0221.jpeg,"{""label"": ""receipt"", ""shape_type"": ""polygon"", ""points"": [[328.21, 331.49], [864.82, 354.46], [861.54, 630.15], [316.72, 643.28]], ""image_width"": 1280, ""image_height"": 960}",indoor,without_fingers
LIVE/Honor 8A/live_0222.jpeg,"{""label"": ""receipt"", ""shape_type"": ""polygon"", ""points"": [[434.87, 408.62], [943.59, 387.28], [978.05, 705.64], [454.56, 735.18]], ""image_width"": 1280, ""image_height"": 960}",indoor,without_fingers
LIVE/Honor 8A/live_0223.jpeg,"{""label"": ""receipt"", ""shape_type"": ""polygon"", ""points"": [[299.35, 534.71], [648.26, 381.94], [687.48, 912.52], [355.1, 937.29]], ""image_width"": 960, ""image_height"": 1280}",indoor,without_fingers
LIVE/Honor 8A/live_0224.jpeg,"{""label"": ""receipt"", ""shape_type"": ""polygon"", ""points"": [[435.61, 359.23], [755.61, 386.06], [708.13, 920.77], [386.06, 900.13]], ""image_width"": 960, ""image_height"": 1280}",indoor,without_fingers
LIVE/Honor 8A/live_0225.jpeg,"{""label"": ""receipt"", ""shape_type"": ""polygon"", ""points"": [[508.72, 277.33], [1035.49, 298.67], [960.0, 669.54], [490.67, 677.74]], ""image_width"": 1280, ""image_height"": 960}",indoor,without_fingers
LIVE/Honor 8A/live_0226.jpeg,"{""label"": ""receipt"", ""shape_type"": ""polygon"", ""points"": [[492.31, 395.49], [953.44, 392.21], [897.64, 700.72], [500.51, 725.33]], ""image_width"": 1280, ""image_height"": 960}",indoor,without_fingers
LIVE/Honor 8A/live_0227.jpeg,"{""label"": ""receipt"", ""shape_type"": ""polygon"", ""points"": [[408.62, 342.97], [896.0, 310.15], [881.23, 658.05], [462.77, 662.97]], ""image_width"": 1280, ""image_height"": 960}",indoor,without_fingers
LIVE/Honor 8A/live_0228.jpeg,"{""label"": ""receipt"", ""shape_type"": ""polygon"", ""points"": [[474.26, 295.38], [910.77, 364.31], [881.23, 681.03], [402.05, 633.44]], ""image_width"": 1280, ""image_height"": 960}",indoor,without_fingers
LIVE/Honor 8A/live_0229.jpeg,"{""label"": ""receipt"", ""shape_type"": ""polygon"", ""points"": [[400.41, 211.69], [868.1, 134.56], [932.1, 480.82], [416.82, 577.64]], ""image_width"": 1280, ""image_height"": 960}",indoor,fingers
LIVE/Honor 8A/live_0230.jpeg,"{""label"": ""receipt"", ""shape_type"": ""polygon"", ""points"": [[303.59, 333.13], [869.74, 379.08], [868.1, 674.46], [315.08, 722.05]], ""image_width"": 1280, ""image_height"": 960}",indoor,fingers
LIVE/Honor 8A/live_0231.jpeg,"{""label"": ""receipt"", ""shape_type"": ""polygon"", ""points"": [[293.16, 359.23], [796.9, 353.03], [782.45, 1112.77], [338.58, 1090.06]], ""image_width"": 960, ""image_height"": 1280}",indoor,fingers
LIVE/Honor 8A/live_0232.jpeg,"{""label"": ""receipt"", ""shape_type"": ""polygon"", ""points"": [[204.39, 377.81], [606.97, 322.06], [650.32, 1073.55], [239.48, 1075.61]], ""image_width"": 960, ""image_height"": 1280}",indoor,fingers
LIVE/Honor 8A/live_0233.jpeg,"{""label"": ""receipt"", ""shape_type"": ""polygon"", ""points"": [[264.26, 202.32], [776.26, 177.55], [712.26, 976.52], [289.03, 995.1]], ""image_width"": 960, ""image_height"": 1280}",indoor,fingers
LIVE/Honor 8A/live_0234.jpeg,"{""label"": ""receipt"", ""shape_type"": ""polygon"", ""points"": [[428.31, 318.36], [915.69, 384.0], [945.23, 651.49], [426.67, 708.92]], ""image_width"": 1280, ""image_height"": 960}",indoor,without_fingers
LIVE/Honor 8A/live_0235.jpeg,"{""label"": ""receipt"", ""shape_type"": ""polygon"", ""points"": [[253.94, 167.23], [679.23, 206.45], [770.06, 964.13], [169.29, 982.71]], ""image_width"": 960, ""image_height"": 1280}",indoor,fingers
LIVE/Honor 8A/live_0236.jpeg,"{""label"": ""receipt"", ""shape_type"": ""polygon"", ""points"": [[270.45, 311.74], [642.06, 328.26], [658.58, 968.26], [293.16, 966.19]], ""image_width"": 960, ""image_height"": 1280}",indoor,fingers
LIVE/Honor 8A/live_0237.jpeg,"{""label"": ""receipt"", ""shape_type"": ""polygon"", ""points"": [[357.16, 427.35], [617.29, 462.45], [528.52, 1028.13], [231.23, 968.26]], ""image_width"": 960, ""image_height"": 1280}",indoor,without_fingers
LIVE/Honor 8A/live_0238.jpeg,"{""label"": ""receipt"", ""shape_type"": ""polygon"", ""points"": [[239.48, 350.97], [532.65, 388.13], [509.94, 873.29], [196.13, 867.1]], ""image_width"": 960, ""image_height"": 1280}",indoor,without_fingers
LIVE/Honor 8A/live_0239.jpeg,"{""label"": ""receipt"", ""shape_type"": ""polygon"", ""points"": [[233.29, 363.35], [606.97, 338.58], [701.94, 1069.42], [286.97, 1141.68]], ""image_width"": 960, ""image_height"": 1280}",indoor,fingers
LIVE/Honor 8A/live_0240.jpeg,"{""label"": ""receipt"", ""shape_type"": ""polygon"", ""points"": [[307.61, 472.77], [668.9, 464.52], [664.77, 966.19], [282.84, 951.74]], ""image_width"": 960, ""image_height"": 1280}",indoor,without_fingers
LIVE/Honor 8A/live_0241.jpeg,"{""label"": ""receipt"", ""shape_type"": ""polygon"", ""points"": [[340.65, 258.06], [786.58, 284.9], [712.26, 1067.35], [299.35, 1067.35]], ""image_width"": 960, ""image_height"": 1280}",outdoor,fingers
LIVE/Honor 8A/live_0242.jpeg,"{""label"": ""receipt"", ""shape_type"": ""polygon"", ""points"": [[388.13, 340.65], [681.29, 330.32], [691.61, 827.87], [406.71, 908.39]], ""image_width"": 960, ""image_height"": 1280}",indoor,without_fingers
LIVE/Honor 8A/live_0243.jpeg,"{""label"": ""receipt"", ""shape_type"": ""polygon"", ""points"": [[291.1, 268.39], [693.68, 274.58], [648.26, 995.1], [183.74, 1073.55]], ""image_width"": 960, ""image_height"": 1280}",indoor,fingers
LIVE/Honor 8A/live_0244.jpeg,"{""label"": ""receipt"", ""shape_type"": ""polygon"", ""points"": [[233.29, 183.74], [701.94, 192.0], [786.58, 724.65], [353.03, 844.39]], ""image_width"": 960, ""image_height"": 1280}",indoor,fingers
LIVE/Honor 8A/live_0245.jpeg,"{""label"": ""receipt"", ""shape_type"": ""polygon"", ""points"": [[253.94, 229.16], [765.94, 320.0], [778.32, 877.42], [276.65, 966.19]], ""image_width"": 960, ""image_height"": 1280}",indoor,fingers
LIVE/Honor 8A/live_0246.jpeg,"{""label"": ""receipt"", ""shape_type"": ""polygon"", ""points"": [[326.19, 346.84], [780.39, 487.23], [706.06, 960.0], [297.29, 1032.26]], ""image_width"": 960, ""image_height"": 1280}",indoor,without_fingers
LIVE/Honor 8A/live_0247.jpeg,"{""label"": ""receipt"", ""shape_type"": ""polygon"", ""points"": [[305.55, 402.58], [687.48, 398.45], [699.87, 1100.39], [245.68, 1096.26]], ""image_width"": 960, ""image_height"": 1280}",indoor,without_fingers
LIVE/Honor 8A/live_0248.jpeg,"{""label"": ""receipt"", ""shape_type"": ""polygon"", ""points"": [[332.39, 309.68], [732.9, 278.71], [776.26, 1036.39], [276.65, 1030.19]], ""image_width"": 960, ""image_height"": 1280}",indoor,without_fingers
LIVE/Honor 8A/live_0249.jpeg,"{""label"": ""receipt"", ""shape_type"": ""polygon"", ""points"": [[276.65, 332.39], [720.52, 303.48], [693.68, 801.03], [317.94, 817.55]], ""image_width"": 960, ""image_height"": 1280}",indoor,fingers
LIVE/Honor 8A/live_0250.jpeg,"{""label"": ""receipt"", ""shape_type"": ""polygon"", ""points"": [[297.29, 253.94], [716.39, 276.65], [726.71, 1042.58], [291.1, 1005.42]], ""image_width"": 960, ""image_height"": 1280}",indoor,without_fingers
LIVE/Honor 8A/live_0251.jpeg,"{""label"": ""receipt"", ""shape_type"": ""polygon"", ""points"": [[278.71, 179.61], [749.42, 97.03], [844.39, 1094.19], [289.03, 1013.68]], ""image_width"": 960, ""image_height"": 1280}",indoor,fingers
LIVE/Honor 8A/live_0252.jpeg,"{""label"": ""receipt"", ""shape_type"": ""polygon"", ""points"": [[336.52, 377.81], [720.52, 286.97], [679.23, 935.23], [299.35, 1009.55]], ""image_width"": 960, ""image_height"": 1280}",indoor,without_fingers
LIVE/Honor 8A/live_0253.jpeg,"{""label"": ""receipt"", ""shape_type"": ""polygon"", ""points"": [[392.26, 443.87], [798.97, 299.35], [768.0, 1057.03], [361.29, 1042.58]], ""image_width"": 960, ""image_height"": 1280}",indoor,fingers
LIVE/Honor 8A/live_0254.jpeg,"{""label"": ""receipt"", ""shape_type"": ""polygon"", ""points"": [[264.26, 334.45], [772.13, 342.71], [780.39, 1081.81], [278.71, 939.35]], ""image_width"": 960, ""image_height"": 1280}",indoor,without_fingers
LIVE/Honor 8A/live_0255.jpeg,"{""label"": ""receipt"", ""shape_type"": ""polygon"", ""points"": [[289.03, 311.74], [741.16, 330.32], [757.68, 891.87], [299.35, 858.84]], ""image_width"": 960, ""image_height"": 1280}",indoor,fingers
LIVE/Honor 8A/live_0256.jpeg,"{""label"": ""receipt"", ""shape_type"": ""polygon"", ""points"": [[196.13, 268.39], [642.06, 225.03], [798.97, 951.74], [326.19, 1079.74]], ""image_width"": 960, ""image_height"": 1280}",indoor,without_fingers
LIVE/Honor 8A/live_0257.jpeg,"{""label"": ""receipt"", ""shape_type"": ""polygon"", ""points"": [[293.16, 445.94], [600.77, 377.81], [704.0, 990.97], [293.16, 939.35]], ""image_width"": 960, ""image_height"": 1280}",indoor,fingers
LIVE/Honor 8A/live_0258.jpeg,"{""label"": ""receipt"", ""shape_type"": ""polygon"", ""points"": [[334.45, 501.68], [747.35, 481.03], [788.65, 1061.16], [355.1, 1127.23]], ""image_width"": 960, ""image_height"": 1280}",indoor,without_fingers
LIVE/Honor 8A/live_0259.jpeg,"{""label"": ""receipt"", ""shape_type"": ""polygon"", ""points"": [[348.9, 303.48], [854.71, 204.39], [893.94, 953.81], [357.16, 924.9]], ""image_width"": 960, ""image_height"": 1280}",indoor,fingers
LIVE/Honor 8A/live_0260.jpeg,"{""label"": ""receipt"", ""shape_type"": ""polygon"", ""points"": [[247.74, 332.39], [642.06, 396.39], [627.61, 964.13], [262.19, 889.81]], ""image_width"": 960, ""image_height"": 1280}",indoor,without_fingers
LIVE/Honor 8A/live_0261.jpeg,"{""label"": ""receipt"", ""shape_type"": ""polygon"", ""points"": [[381.94, 266.32], [877.42, 322.06], [823.74, 1042.58], [365.42, 947.61]], ""image_width"": 960, ""image_height"": 1280}",indoor,fingers
LIVE/Honor 8A/live_0262.jpeg,"{""label"": ""receipt"", ""shape_type"": ""polygon"", ""points"": [[272.52, 414.97], [609.03, 425.29], [596.65, 955.87], [233.29, 984.77]], ""image_width"": 960, ""image_height"": 1280}",indoor,fingers
LIVE/Honor 8A/live_0263.jpeg,"{""label"": ""receipt"", ""shape_type"": ""polygon"", ""points"": [[361.29, 417.03], [774.19, 348.9], [836.13, 986.84], [417.03, 964.13]], ""image_width"": 960, ""image_height"": 1280}",indoor,fingers
LIVE/Honor 8A/live_0264.jpeg,"{""label"": ""receipt"", ""shape_type"": ""polygon"", ""points"": [[247.74, 185.81], [807.23, 185.81], [778.32, 1042.58], [286.97, 749.42]], ""image_width"": 960, ""image_height"": 1280}",indoor,without_fingers
LIVE/Honor 8A/live_0265.jpeg,"{""label"": ""receipt"", ""shape_type"": ""polygon"", ""points"": [[229.16, 245.68], [679.23, 227.1], [644.13, 1038.45], [198.19, 730.84]], ""image_width"": 960, ""image_height"": 1280}",indoor,fingers
LIVE/Honor 8A/live_0266.jpeg,"{""label"": ""receipt"", ""shape_type"": ""polygon"", ""points"": [[342.97, 259.28], [933.74, 247.79], [945.23, 669.54], [303.59, 697.44]], ""image_width"": 1280, ""image_height"": 960}",indoor,without_fingers
LIVE/Honor 8A/live_0267.jpeg,"{""label"": ""receipt"", ""shape_type"": ""polygon"", ""points"": [[216.77, 348.9], [673.03, 361.29], [689.55, 929.03], [272.52, 809.29]], ""image_width"": 960, ""image_height"": 1280}",indoor,fingers
LIVE/Honor 8A/live_0268.jpeg,"{""label"": ""receipt"", ""shape_type"": ""polygon"", ""points"": [[293.16, 542.97], [635.87, 470.71], [730.84, 1079.74], [379.87, 1054.97]], ""image_width"": 960, ""image_height"": 1280}",indoor,fingers
LIVE/Honor 8A/live_0269.jpeg,"{""label"": ""receipt"", ""shape_type"": ""polygon"", ""points"": [[313.81, 433.55], [718.45, 373.68], [712.26, 966.19], [396.39, 1063.23]], ""image_width"": 960, ""image_height"": 1280}",indoor,fingers
LIVE/Honor 8A/live_0270.jpeg,"{""label"": ""receipt"", ""shape_type"": ""polygon"", ""points"": [[212.65, 390.19], [743.23, 320.0], [796.9, 1065.29], [291.1, 1096.26]], ""image_width"": 960, ""image_height"": 1280}",indoor,without_fingers
LIVE/Honor 8A/live_0271.jpeg,"{""label"": ""receipt"", ""shape_type"": ""polygon"", ""points"": [[198.19, 307.61], [699.87, 113.55], [904.26, 1024.0], [328.26, 976.52]], ""image_width"": 960, ""image_height"": 1280}",indoor,fingers
LIVE/Honor 8A/live_0272.jpeg,"{""label"": ""receipt"", ""shape_type"": ""polygon"", ""points"": [[198.19, 408.77], [751.48, 377.81], [755.61, 1038.45], [239.48, 1059.1]], ""image_width"": 960, ""image_height"": 1280}",indoor,without_fingers
LIVE/Honor 8A/live_0273.jpeg,"{""label"": ""receipt"", ""shape_type"": ""polygon"", ""points"": [[326.19, 249.81], [842.32, 334.45], [732.9, 1059.1], [196.13, 1094.19]], ""image_width"": 960, ""image_height"": 1280}",indoor,fingers
LIVE/Honor 8A/live_0274.jpeg,"{""label"": ""receipt"", ""shape_type"": ""polygon"", ""points"": [[245.68, 235.35], [670.97, 179.61], [871.23, 1019.87], [282.84, 1088.0]], ""image_width"": 960, ""image_height"": 1280}",indoor,without_fingers
LIVE/Honor 8A/live_0275.jpeg,"{""label"": ""receipt"", ""shape_type"": ""polygon"", ""points"": [[367.48, 377.81], [798.97, 350.97], [879.48, 1149.94], [431.48, 1147.87]], ""image_width"": 960, ""image_height"": 1280}",indoor,fingers
LIVE/Honor 8A/live_0276.jpeg,"{""label"": ""receipt"", ""shape_type"": ""polygon"", ""points"": [[175.48, 268.39], [644.13, 264.26], [761.81, 1114.84], [218.84, 972.39]], ""image_width"": 960, ""image_height"": 1280}",indoor,without_fingers
LIVE/Honor 8A/live_0277.jpeg,"{""label"": ""receipt"", ""shape_type"": ""polygon"", ""points"": [[414.97, 233.29], [817.55, 233.29], [798.97, 993.03], [398.45, 1028.13]], ""image_width"": 960, ""image_height"": 1280}",indoor,without_fingers
LIVE/Honor 8A/live_0278.jpeg,"{""label"": ""receipt"", ""shape_type"": ""polygon"", ""points"": [[262.19, 336.52], [627.61, 303.48], [668.9, 995.1], [322.06, 1061.16]], ""image_width"": 960, ""image_height"": 1280}",indoor,fingers
LIVE/Honor 8A/live_0279.jpeg,"{""label"": ""receipt"", ""shape_type"": ""polygon"", ""points"": [[233.29, 350.97], [782.45, 437.68], [776.26, 1088.0], [227.1, 1118.97]], ""image_width"": 960, ""image_height"": 1280}",indoor,without_fingers
LIVE/Honor 8A/live_0280.jpeg,"{""label"": ""receipt"", ""shape_type"": ""polygon"", ""points"": [[280.77, 282.84], [747.35, 311.74], [749.42, 660.65], [320.0, 794.84]], ""image_width"": 960, ""image_height"": 1280}",indoor,fingers
LIVE/Honor 8A/live_0281.jpeg,"{""label"": ""receipt"", ""shape_type"": ""polygon"", ""points"": [[260.13, 270.45], [710.19, 94.97], [679.23, 1063.23], [237.42, 1088.0]], ""image_width"": 960, ""image_height"": 1280}",indoor,without_fingers
LIVE/Honor 8A/live_0282.jpeg,"{""label"": ""receipt"", ""shape_type"": ""polygon"", ""points"": [[291.1, 256.0], [751.48, 8.26], [739.1, 1158.19], [293.16, 1069.42]], ""image_width"": 960, ""image_height"": 1280}",indoor,fingers
LIVE/Honor 8A/live_0283.jpeg,"{""label"": ""receipt"", ""shape_type"": ""polygon"", ""points"": [[251.87, 338.58], [677.16, 80.52], [687.48, 1185.03], [258.06, 1116.9]], ""image_width"": 960, ""image_height"": 1280}",indoor,fingers
LIVE/Honor 8A/live_0284.jpeg,"{""label"": ""receipt"", ""shape_type"": ""polygon"", ""points"": [[142.77, 352.82], [976.41, 362.67], [1002.67, 789.33], [233.03, 777.85]], ""image_width"": 1280, ""image_height"": 960}",indoor,fingers
LIVE/Honor 8A/live_0285.jpeg,"{""label"": ""receipt"", ""shape_type"": ""polygon"", ""points"": [[200.26, 270.45], [753.55, 225.03], [741.16, 1156.13], [301.42, 1123.1]], ""image_width"": 960, ""image_height"": 1280}",indoor,fingers
LIVE/Honor 8A/live_0286.jpeg,"{""label"": ""receipt"", ""shape_type"": ""polygon"", ""points"": [[167.23, 414.97], [642.06, 437.68], [662.71, 1114.84], [239.48, 877.42]], ""image_width"": 960, ""image_height"": 1280}",indoor,fingers
LIVE/Honor 8A/live_0287.jpeg,"{""label"": ""receipt"", ""shape_type"": ""polygon"", ""points"": [[418.46, 75.49], [820.51, 206.77], [792.62, 817.23], [425.03, 758.15]], ""image_width"": 1280, ""image_height"": 960}",indoor,fingers
LIVE/Honor 8A/live_0288.jpeg,"{""label"": ""receipt"", ""shape_type"": ""polygon"", ""points"": [[158.97, 406.71], [914.58, 371.61], [885.68, 747.35], [177.55, 778.32]], ""image_width"": 960, ""image_height"": 1280}",indoor,fingers
LIVE/Honor 8A/live_0289.jpeg,"{""label"": ""receipt"", ""shape_type"": ""polygon"", ""points"": [[187.87, 538.84], [875.35, 346.84], [801.03, 821.68], [214.71, 842.32]], ""image_width"": 960, ""image_height"": 1280}",indoor,fingers
LIVE/Honor 8A/live_0290.jpeg,"{""label"": ""receipt"", ""shape_type"": ""polygon"", ""points"": [[109.42, 497.55], [908.39, 427.35], [811.35, 875.35], [144.52, 902.19]], ""image_width"": 960, ""image_height"": 1280}",indoor,fingers
LIVE/Honor 8A/live_0291.jpeg,"{""label"": ""receipt"", ""shape_type"": ""polygon"", ""points"": [[270.45, 569.81], [842.32, 553.29], [763.87, 984.77], [262.19, 957.94]], ""image_width"": 960, ""image_height"": 1280}",indoor,fingers
LIVE/Honor 8A/live_0292.jpeg,"{""label"": ""receipt"", ""shape_type"": ""polygon"", ""points"": [[119.74, 476.9], [825.81, 404.65], [751.48, 865.03], [185.81, 871.23]], ""image_width"": 960, ""image_height"": 1280}",indoor,fingers
LIVE/Honor 8A/live_0293.jpeg,"{""label"": ""receipt"", ""shape_type"": ""polygon"", ""points"": [[253.94, 150.71], [761.81, 150.71], [761.81, 1011.61], [313.81, 1067.35]], ""image_width"": 960, ""image_height"": 1280}",indoor,without_fingers
LIVE/Honor 8A/live_0294.jpeg,"{""label"": ""receipt"", ""shape_type"": ""polygon"", ""points"": [[336.52, 253.94], [753.55, 266.32], [753.55, 949.68], [311.74, 955.87]], ""image_width"": 960, ""image_height"": 1280}",indoor,without_fingers
LIVE/Honor 8A/live_0295.jpeg,"{""label"": ""receipt"", ""shape_type"": ""polygon"", ""points"": [[251.87, 251.87], [640.0, 227.1], [749.42, 889.81], [210.58, 951.74]], ""image_width"": 960, ""image_height"": 1280}",indoor,fingers
LIVE/Honor 8A/live_0296.jpeg,"{""label"": ""receipt"", ""shape_type"": ""polygon"", ""points"": [[266.32, 419.1], [592.52, 381.94], [590.45, 962.06], [291.1, 914.58]], ""image_width"": 960, ""image_height"": 1280}",indoor,fingers
LIVE/Honor 8A/live_0297.jpeg,"{""label"": ""receipt"", ""shape_type"": ""polygon"", ""points"": [[262.19, 229.16], [728.77, 229.16], [693.68, 966.19], [305.55, 941.42]], ""image_width"": 960, ""image_height"": 1280}",indoor,fingers
LIVE/Honor 8A/live_0298.jpeg,"{""label"": ""receipt"", ""shape_type"": ""polygon"", ""points"": [[289.03, 410.84], [885.68, 433.55], [838.19, 825.81], [276.65, 807.23]], ""image_width"": 960, ""image_height"": 1280}",indoor,without_fingers
LIVE/Honor 8A/live_0299.jpeg,"{""label"": ""receipt"", ""shape_type"": ""polygon"", ""points"": [[253.94, 419.1], [604.9, 381.94], [677.16, 910.45], [280.77, 937.29]], ""image_width"": 960, ""image_height"": 1280}",indoor,fingers
LIVE/Honor 8A/live_0300.jpeg,"{""label"": ""receipt"", ""shape_type"": ""polygon"", ""points"": [[185.81, 264.26], [734.97, 220.9], [751.48, 860.9], [315.87, 922.84]], ""image_width"": 960, ""image_height"": 1280}",indoor,fingers
LIVE/Honor 8A/live_0301.jpeg,"{""label"": ""receipt"", ""shape_type"": ""polygon"", ""points"": [[392.21, 246.15], [1040.41, 190.36], [1160.21, 638.36], [357.74, 707.28]], ""image_width"": 1280, ""image_height"": 960}",indoor,without_fingers
LIVE/Honor 8A/live_0302.jpeg,"{""label"": ""receipt"", ""shape_type"": ""polygon"", ""points"": [[82.58, 419.1], [838.19, 425.29], [770.06, 838.19], [130.06, 823.74]], ""image_width"": 960, ""image_height"": 1280}",indoor,fingers
LIVE/Honor 8A/live_0303.jpeg,"{""label"": ""receipt"", ""shape_type"": ""polygon"", ""points"": [[192.0, 429.42], [813.42, 361.29], [809.29, 869.16], [245.68, 891.87]], ""image_width"": 960, ""image_height"": 1280}",indoor,fingers
LIVE/Honor 8A/live_0304.jpeg,"{""label"": ""receipt"", ""shape_type"": ""polygon"", ""points"": [[421.16, 602.84], [633.81, 569.81], [687.48, 966.19], [437.68, 976.52]], ""image_width"": 960, ""image_height"": 1280}",indoor,without_fingers
LIVE/Honor 8A/live_0305.jpeg,"{""label"": ""receipt"", ""shape_type"": ""polygon"", ""points"": [[278.71, 161.03], [803.1, 175.48], [790.71, 1131.35], [249.81, 1108.65]], ""image_width"": 960, ""image_height"": 1280}",indoor,without_fingers
LIVE/Honor 8A/live_0306.jpeg,"{""label"": ""receipt"", ""shape_type"": ""polygon"", ""points"": [[233.29, 128.0], [798.97, 94.97], [819.61, 1118.97], [286.97, 1065.29]], ""image_width"": 960, ""image_height"": 1280}",indoor,fingers
LIVE/Honor 8A/live_0307.jpeg,"{""label"": ""receipt"", ""shape_type"": ""polygon"", ""points"": [[266.32, 353.03], [629.68, 167.23], [679.23, 995.1], [293.16, 980.65]], ""image_width"": 960, ""image_height"": 1280}",indoor,fingers
LIVE/Honor 8A/live_0308.jpeg,"{""label"": ""receipt"", ""shape_type"": ""polygon"", ""points"": [[317.94, 280.77], [679.23, 268.39], [666.84, 999.23], [336.52, 999.23]], ""image_width"": 960, ""image_height"": 1280}",indoor,fingers
LIVE/Honor 8A/live_0309.jpeg,"{""label"": ""receipt"", ""shape_type"": ""polygon"", ""points"": [[371.61, 386.06], [646.19, 369.55], [666.84, 966.19], [396.39, 972.39]], ""image_width"": 960, ""image_height"": 1280}",indoor,without_fingers
LIVE/Honor 8A/live_0310.jpeg,"{""label"": ""receipt"", ""shape_type"": ""polygon"", ""points"": [[466.05, 257.64], [886.15, 203.49], [910.77, 763.08], [502.15, 756.51]], ""image_width"": 1280, ""image_height"": 960}",indoor,fingers
LIVE/Honor 8A/live_0311.jpeg,"{""label"": ""receipt"", ""shape_type"": ""polygon"", ""points"": [[408.62, 308.51], [804.1, 257.64], [856.62, 672.82], [456.21, 715.49]], ""image_width"": 1280, ""image_height"": 960}",indoor,without_fingers
LIVE/Honor 8A/live_0312.jpeg,"{""label"": ""receipt"", ""shape_type"": ""polygon"", ""points"": [[270.45, 249.81], [656.52, 208.52], [708.13, 1017.81], [350.97, 1036.39]], ""image_width"": 960, ""image_height"": 1280}",indoor,fingers
LIVE/Honor 8A/live_0313.jpeg,"{""label"": ""receipt"", ""shape_type"": ""polygon"", ""points"": [[307.61, 377.81], [722.58, 398.45], [809.29, 1067.35], [320.0, 1052.9]], ""image_width"": 960, ""image_height"": 1280}",indoor,fingers
LIVE/Honor 8A/live_0314.jpeg,"{""label"": ""receipt"", ""shape_type"": ""polygon"", ""points"": [[152.77, 210.58], [745.29, 204.39], [867.1, 1092.13], [280.77, 1125.16]], ""image_width"": 960, ""image_height"": 1280}",indoor,without_fingers
LIVE/Honor 8A/live_0315.jpeg,"{""label"": ""receipt"", ""shape_type"": ""polygon"", ""points"": [[288.82, 231.38], [1071.59, 214.97], [1094.56, 697.44], [269.13, 666.26]], ""image_width"": 1280, ""image_height"": 960}",indoor,fingers
LIVE/Honor 8A/live_0316.jpeg,"{""label"": ""receipt"", ""shape_type"": ""polygon"", ""points"": [[295.38, 365.95], [832.0, 283.9], [853.33, 598.97], [365.95, 625.23]], ""image_width"": 1280, ""image_height"": 960}",indoor,fingers
LIVE/Honor 8A/live_0317.jpeg,"{""label"": ""receipt"", ""shape_type"": ""polygon"", ""points"": [[185.81, 427.35], [629.68, 322.06], [631.74, 1001.29], [239.48, 968.26]], ""image_width"": 960, ""image_height"": 1280}",indoor,fingers
LIVE/Honor 8A/live_0318.jpeg,"{""label"": ""receipt"", ""shape_type"": ""polygon"", ""points"": [[258.06, 258.06], [745.29, 256.0], [704.0, 1007.48], [293.16, 974.45]], ""image_width"": 960, ""image_height"": 1280}",indoor,fingers
LIVE/Honor 8A/live_0319.jpeg,"{""label"": ""receipt"", ""shape_type"": ""polygon"", ""points"": [[431.59, 208.41], [779.49, 206.77], [774.56, 753.23], [420.1, 731.9]], ""image_width"": 1280, ""image_height"": 960}",indoor,fingers
LIVE/Honor 8A/live_0320.jpeg,"{""label"": ""receipt"", ""shape_type"": ""polygon"", ""points"": [[163.1, 200.26], [619.35, 181.68], [652.39, 974.45], [210.58, 990.97]], ""image_width"": 960, ""image_height"": 1280}",indoor,without_fingers
LIVE/Honor 8A/live_0321.jpeg,"{""label"": ""receipt"", ""shape_type"": ""polygon"", ""points"": [[317.94, 268.39], [625.55, 237.42], [679.23, 1100.39], [346.84, 1147.87]], ""image_width"": 960, ""image_height"": 1280}",indoor,fingers
LIVE/Honor 8A/live_0322.jpeg,"{""label"": ""receipt"", ""shape_type"": ""polygon"", ""points"": [[270.45, 216.77], [640.0, 202.32], [642.06, 910.45], [274.58, 774.19]], ""image_width"": 960, ""image_height"": 1280}",indoor,fingers
LIVE/Honor 8A/live_0323.jpeg,"{""label"": ""receipt"", ""shape_type"": ""polygon"", ""points"": [[403.69, 464.41], [896.0, 402.05], [961.64, 607.18], [405.33, 704.0]], ""image_width"": 1280, ""image_height"": 960}",indoor,without_fingers
LIVE/Honor 8A/live_0324.jpeg,"{""label"": ""receipt"", ""shape_type"": ""polygon"", ""points"": [[380.72, 364.31], [1042.05, 489.03], [797.54, 825.44], [305.23, 579.28]], ""image_width"": 1280, ""image_height"": 960}",indoor,without_fingers
LIVE/Honor 8A/live_0325.jpeg,"{""label"": ""receipt"", ""shape_type"": ""polygon"", ""points"": [[357.74, 324.92], [1043.69, 265.85], [979.69, 664.62], [342.97, 685.95]], ""image_width"": 1280, ""image_height"": 960}",indoor,without_fingers
LIVE/Honor 8A/live_0326.jpeg,"{""label"": ""receipt"", ""shape_type"": ""polygon"", ""points"": [[216.77, 617.29], [633.81, 565.68], [720.52, 1118.97], [270.45, 1152.0]], ""image_width"": 960, ""image_height"": 1280}",indoor,without_fingers
LIVE/Honor 8A/live_0327.jpeg,"{""label"": ""receipt"", ""shape_type"": ""polygon"", ""points"": [[373.68, 381.94], [739.1, 406.71], [712.26, 966.19], [350.97, 891.87]], ""image_width"": 960, ""image_height"": 1280}",indoor,without_fingers
LIVE/Huawei P30 Lite/live_0328.jpeg,"{""label"": ""receipt"", ""shape_type"": ""polygon"", ""points"": [[297.29, 421.16], [642.06, 330.32], [646.19, 935.23], [305.55, 929.03]], ""image_width"": 960, ""image_height"": 1280}",indoor,fingers
LIVE/Huawei P30 Lite/live_0329.jpeg,"{""label"": ""receipt"", ""shape_type"": ""polygon"", ""points"": [[278.71, 293.16], [854.71, 125.94], [730.84, 1050.84], [260.13, 1026.06]], ""image_width"": 960, ""image_height"": 1280}",indoor,fingers
LIVE/Huawei P30 Lite/live_0330.jpeg,"{""label"": ""receipt"", ""shape_type"": ""polygon"", ""points"": [[72.26, 317.94], [765.94, 262.19], [761.81, 1100.39], [165.16, 1079.74]], ""image_width"": 960, ""image_height"": 1280}",indoor,without_fingers
LIVE/Huawei P30 Lite/live_0331.jpeg,"{""label"": ""receipt"", ""shape_type"": ""polygon"", ""points"": [[274.58, 326.19], [747.35, 317.94], [708.13, 1044.65], [247.74, 943.48]], ""image_width"": 960, ""image_height"": 1280}",indoor,without_fingers
LIVE/Huawei P30 Lite/live_0332.jpeg,"{""label"": ""receipt"", ""shape_type"": ""polygon"", ""points"": [[398.45, 179.61], [801.03, 152.77], [900.13, 1032.26], [367.48, 1034.32]], ""image_width"": 960, ""image_height"": 1280}",indoor,without_fingers
LIVE/Huawei P30 Lite/live_0333.jpeg,"{""label"": ""receipt"", ""shape_type"": ""polygon"", ""points"": [[264.26, 204.39], [629.68, 194.06], [584.26, 1137.55], [227.1, 1170.58]], ""image_width"": 960, ""image_height"": 1280}",indoor,fingers
LIVE/Huawei P30 Lite/live_0334.jpeg,"{""label"": ""receipt"", ""shape_type"": ""polygon"", ""points"": [[286.97, 373.68], [716.39, 303.48], [757.68, 1009.55], [220.9, 1075.61]], ""image_width"": 960, ""image_height"": 1280}",indoor,fingers
LIVE/Huawei P30 Lite/live_0335.jpeg,"{""label"": ""receipt"", ""shape_type"": ""polygon"", ""points"": [[371.61, 315.87], [741.16, 286.97], [569.81, 1067.35], [334.45, 1110.71]], ""image_width"": 960, ""image_height"": 1280}",indoor,fingers
LIVE/Huawei P30 Lite/live_0336.jpeg,"{""label"": ""receipt"", ""shape_type"": ""polygon"", ""points"": [[284.9, 286.97], [611.1, 278.71], [689.55, 883.61], [324.13, 858.84]], ""image_width"": 960, ""image_height"": 1280}",indoor,fingers
LIVE/Huawei P30 Lite/live_0337.jpeg,"{""label"": ""receipt"", ""shape_type"": ""polygon"", ""points"": [[249.81, 425.29], [532.65, 396.39], [670.97, 1102.45], [251.87, 1071.48]], ""image_width"": 960, ""image_height"": 1280}",indoor,fingers
LIVE/Huawei P30 Lite/live_0338.jpeg,"{""label"": ""receipt"", ""shape_type"": ""polygon"", ""points"": [[320.0, 542.97], [681.29, 530.58], [734.97, 1001.29], [233.29, 957.94]], ""image_width"": 960, ""image_height"": 1280}",indoor,fingers
LIVE/Huawei P30 Lite/live_0339.jpeg,"{""label"": ""receipt"", ""shape_type"": ""polygon"", ""points"": [[222.97, 379.87], [573.94, 439.74], [780.39, 1046.71], [107.35, 1028.13]], ""image_width"": 960, ""image_height"": 1280}",indoor,fingers
LIVE/Huawei P30 Lite/live_0340.jpeg,"{""label"": ""receipt"", ""shape_type"": ""polygon"", ""points"": [[268.39, 454.19], [662.71, 472.77], [697.81, 1011.61], [169.29, 1011.61]], ""image_width"": 960, ""image_height"": 1280}",indoor,fingers
LIVE/Huawei P30 Lite/live_0341.jpeg,"{""label"": ""receipt"", ""shape_type"": ""polygon"", ""points"": [[303.48, 398.45], [786.58, 286.97], [786.58, 1141.68], [253.94, 1123.1]], ""image_width"": 960, ""image_height"": 1280}",indoor,fingers
LIVE/Huawei P30 Lite/live_0342.jpeg,"{""label"": ""receipt"", ""shape_type"": ""polygon"", ""points"": [[355.1, 338.58], [701.94, 324.13], [724.65, 825.81], [384.0, 821.68]], ""image_width"": 960, ""image_height"": 1280}",indoor,fingers
LIVE/Huawei P30 Lite/live_0343.jpeg,"{""label"": ""receipt"", ""shape_type"": ""polygon"", ""points"": [[274.58, 392.26], [739.1, 272.52], [734.97, 1077.68], [268.39, 1083.87]], ""image_width"": 960, ""image_height"": 1280}",indoor,fingers
LIVE/Huawei P30 Lite/live_0344.jpeg,"{""label"": ""receipt"", ""shape_type"": ""polygon"", ""points"": [[202.32, 198.19], [666.84, 210.58], [689.55, 844.39], [251.87, 842.32]], ""image_width"": 960, ""image_height"": 1280}",indoor,fingers
LIVE/Huawei P30 Lite/live_0345.jpeg,"{""label"": ""receipt"", ""shape_type"": ""polygon"", ""points"": [[270.45, 462.45], [658.58, 307.61], [701.94, 997.16], [307.61, 1040.52]], ""image_width"": 960, ""image_height"": 1280}",indoor,fingers
LIVE/Huawei P30 Lite/live_0346.jpeg,"{""label"": ""receipt"", ""shape_type"": ""polygon"", ""points"": [[247.74, 342.71], [739.1, 348.9], [788.65, 1040.52], [315.87, 1042.58]], ""image_width"": 960, ""image_height"": 1280}",indoor,fingers
LIVE/Huawei P30 Lite/live_0347.jpeg,"{""label"": ""receipt"", ""shape_type"": ""polygon"", ""points"": [[185.81, 367.48], [745.29, 326.19], [794.84, 1065.29], [210.58, 1073.55]], ""image_width"": 960, ""image_height"": 1280}",indoor,fingers
LIVE/Huawei P30 Lite/live_0348.jpeg,"{""label"": ""receipt"", ""shape_type"": ""polygon"", ""points"": [[280.77, 251.87], [617.29, 276.65], [623.48, 1003.35], [291.1, 995.1]], ""image_width"": 960, ""image_height"": 1280}",indoor,fingers
LIVE/Huawei P30 Lite/live_0349.jpeg,"{""label"": ""receipt"", ""shape_type"": ""polygon"", ""points"": [[208.52, 249.81], [588.39, 210.58], [491.35, 1048.77], [284.9, 1079.74]], ""image_width"": 960, ""image_height"": 1280}",indoor,fingers
LIVE/Huawei P30 Lite/live_0350.jpeg,"{""label"": ""receipt"", ""shape_type"": ""polygon"", ""points"": [[239.48, 247.74], [547.1, 241.55], [615.23, 968.26], [309.68, 976.52]], ""image_width"": 960, ""image_height"": 1280}",indoor,fingers
LIVE/Huawei P30 Lite/live_0351.jpeg,"{""label"": ""receipt"", ""shape_type"": ""polygon"", ""points"": [[377.81, 410.84], [675.1, 408.77], [691.61, 1019.87], [412.9, 999.23]], ""image_width"": 960, ""image_height"": 1280}",indoor,without_fingers
LIVE/Huawei P30 Lite/live_0352.jpeg,"{""label"": ""receipt"", ""shape_type"": ""polygon"", ""points"": [[227.1, 171.35], [668.9, 239.48], [621.42, 1110.71], [227.1, 1057.03]], ""image_width"": 960, ""image_height"": 1280}",indoor,fingers
LIVE/Huawei P30 Lite/live_0353.jpeg,"{""label"": ""receipt"", ""shape_type"": ""polygon"", ""points"": [[305.55, 340.65], [691.61, 317.94], [699.87, 1100.39], [381.94, 1050.84]], ""image_width"": 960, ""image_height"": 1280}",indoor,without_fingers
LIVE/Huawei P30 Lite/live_0354.jpeg,"{""label"": ""receipt"", ""shape_type"": ""polygon"", ""points"": [[251.87, 274.58], [604.9, 123.87], [664.77, 974.45], [346.84, 978.58]], ""image_width"": 960, ""image_height"": 1280}",indoor,fingers
LIVE/Huawei P30 Lite/live_0355.jpeg,"{""label"": ""receipt"", ""shape_type"": ""polygon"", ""points"": [[301.42, 410.84], [635.87, 348.9], [573.94, 1108.65], [202.32, 1048.77]], ""image_width"": 960, ""image_height"": 1280}",indoor,fingers
LIVE/Huawei P30 Lite/live_0356.jpeg,"{""label"": ""receipt"", ""shape_type"": ""polygon"", ""points"": [[189.94, 286.97], [567.74, 146.58], [790.71, 1081.81], [357.16, 1141.68]], ""image_width"": 960, ""image_height"": 1280}",indoor,fingers
LIVE/Huawei P30 Lite/live_0357.jpeg,"{""label"": ""receipt"", ""shape_type"": ""polygon"", ""points"": [[276.65, 218.84], [770.06, 179.61], [573.94, 984.77], [146.58, 869.16]], ""image_width"": 960, ""image_height"": 1280}",indoor,fingers
LIVE/Huawei P30 Lite/live_0358.jpeg,"{""label"": ""receipt"", ""shape_type"": ""polygon"", ""points"": [[252.72, 316.72], [1101.13, 247.79], [1099.49, 628.51], [270.77, 571.08]], ""image_width"": 1280, ""image_height"": 960}",indoor,fingers
LIVE/Huawei P30 Lite/live_0359.jpeg,"{""label"": ""receipt"", ""shape_type"": ""polygon"", ""points"": [[222.97, 371.61], [664.77, 235.35], [701.94, 997.16], [274.58, 990.97]], ""image_width"": 960, ""image_height"": 1280}",indoor,fingers
LIVE/Huawei P30 Lite/live_0360.jpeg,"{""label"": ""receipt"", ""shape_type"": ""polygon"", ""points"": [[249.81, 454.19], [683.35, 301.42], [699.87, 801.03], [276.65, 953.81]], ""image_width"": 960, ""image_height"": 1280}",indoor,fingers
LIVE/Huawei P30 Lite/live_0361.jpeg,"{""label"": ""receipt"", ""shape_type"": ""polygon"", ""points"": [[293.16, 361.29], [642.06, 365.42], [765.94, 1015.74], [286.97, 1005.42]], ""image_width"": 960, ""image_height"": 1280}",indoor,fingers
LIVE/Huawei P30 Lite/live_0362.jpeg,"{""label"": ""receipt"", ""shape_type"": ""polygon"", ""points"": [[204.39, 487.23], [701.94, 450.06], [753.55, 1009.55], [247.74, 1030.19]], ""image_width"": 960, ""image_height"": 1280}",indoor,fingers
LIVE/Huawei P30 Lite/live_0363.jpeg,"{""label"": ""receipt"", ""shape_type"": ""polygon"", ""points"": [[210.58, 317.94], [664.77, 297.29], [648.26, 960.0], [192.0, 935.23]], ""image_width"": 960, ""image_height"": 1280}",indoor,fingers
LIVE/Huawei P30 Lite/live_0364.jpeg,"{""label"": ""receipt"", ""shape_type"": ""polygon"", ""points"": [[121.81, 392.26], [578.06, 169.29], [885.68, 815.48], [307.61, 1036.39]], ""image_width"": 960, ""image_height"": 1280}",indoor,fingers
LIVE/Huawei P30 Lite/live_0365.jpeg,"{""label"": ""receipt"", ""shape_type"": ""polygon"", ""points"": [[381.94, 293.16], [677.16, 315.87], [681.29, 926.97], [336.52, 904.26]], ""image_width"": 960, ""image_height"": 1280}",indoor,fingers
LIVE/Huawei P30 Lite/live_0366.jpeg,"{""label"": ""receipt"", ""shape_type"": ""polygon"", ""points"": [[256.0, 427.35], [708.13, 231.23], [596.65, 986.84], [264.26, 966.19]], ""image_width"": 960, ""image_height"": 1280}",indoor,without_fingers
LIVE/Huawei P30 Lite/live_0367.jpeg,"{""label"": ""receipt"", ""shape_type"": ""polygon"", ""points"": [[185.81, 542.97], [679.23, 311.74], [559.48, 933.16], [212.65, 896.0]], ""image_width"": 960, ""image_height"": 1280}",indoor,fingers
LIVE/Huawei P30 Lite/live_0368.jpeg,"{""label"": ""receipt"", ""shape_type"": ""polygon"", ""points"": [[239.48, 171.35], [780.39, 340.65], [701.94, 986.84], [175.48, 885.68]], ""image_width"": 960, ""image_height"": 1280}",indoor,fingers
LIVE/Huawei P30 Lite/live_0369.jpeg,"{""label"": ""receipt"", ""shape_type"": ""polygon"", ""points"": [[237.42, 305.55], [681.29, 123.87], [670.97, 1077.68], [192.0, 1044.65]], ""image_width"": 960, ""image_height"": 1280}",indoor,fingers
LIVE/Huawei P30 Lite/live_0370.jpeg,"{""label"": ""receipt"", ""shape_type"": ""polygon"", ""points"": [[328.26, 530.58], [658.58, 528.52], [732.9, 827.87], [220.9, 929.03]], ""image_width"": 960, ""image_height"": 1280}",indoor,fingers
LIVE/Huawei P30 Lite/live_0371.jpeg,"{""label"": ""receipt"", ""shape_type"": ""polygon"", ""points"": [[222.97, 212.65], [792.77, 183.74], [708.13, 1088.0], [107.35, 1036.39]], ""image_width"": 960, ""image_height"": 1280}",indoor,fingers
LIVE/Huawei P30 Lite/live_0372.jpeg,"{""label"": ""receipt"", ""shape_type"": ""polygon"", ""points"": [[388.13, 253.94], [728.77, 297.29], [825.81, 951.74], [330.32, 877.42]], ""image_width"": 960, ""image_height"": 1280}",indoor,without_fingers
LIVE/Huawei P30 Lite/live_0373.jpeg,"{""label"": ""receipt"", ""shape_type"": ""polygon"", ""points"": [[225.03, 256.0], [627.61, 243.61], [677.16, 1001.29], [268.39, 1071.48]], ""image_width"": 960, ""image_height"": 1280}",indoor,fingers
LIVE/Huawei P30 Lite/live_0374.jpeg,"{""label"": ""receipt"", ""shape_type"": ""polygon"", ""points"": [[340.65, 433.55], [664.77, 249.81], [714.32, 887.74], [282.84, 867.1]], ""image_width"": 960, ""image_height"": 1280}",indoor,fingers
LIVE/Huawei P30 Lite/live_0375.jpeg,"{""label"": ""receipt"", ""shape_type"": ""polygon"", ""points"": [[348.9, 462.45], [751.48, 425.29], [761.81, 1114.84], [299.35, 1083.87]], ""image_width"": 960, ""image_height"": 1280}",indoor,fingers
LIVE/Huawei P30 Lite/live_0376.jpeg,"{""label"": ""receipt"", ""shape_type"": ""polygon"", ""points"": [[303.48, 373.68], [776.26, 165.16], [619.35, 1131.35], [216.77, 1069.42]], ""image_width"": 960, ""image_height"": 1280}",indoor,without_fingers
LIVE/Huawei P30 Lite/live_0377.jpeg,"{""label"": ""receipt"", ""shape_type"": ""polygon"", ""points"": [[379.87, 320.0], [772.13, 293.16], [745.29, 997.16], [392.26, 945.55]], ""image_width"": 960, ""image_height"": 1280}",indoor,fingers
LIVE/Huawei P30 Lite/live_0378.jpeg,"{""label"": ""receipt"", ""shape_type"": ""polygon"", ""points"": [[216.77, 220.9], [654.45, 293.16], [708.13, 1096.26], [237.42, 976.52]], ""image_width"": 960, ""image_height"": 1280}",indoor,fingers
LIVE/Huawei P30 Lite/live_0379.jpeg,"{""label"": ""receipt"", ""shape_type"": ""polygon"", ""points"": [[390.19, 167.23], [745.29, 264.26], [848.52, 865.03], [348.9, 805.16]], ""image_width"": 960, ""image_height"": 1280}",indoor,without_fingers
LIVE/Huawei P30 Lite/live_0380.jpeg,"{""label"": ""receipt"", ""shape_type"": ""polygon"", ""points"": [[262.19, 274.58], [565.68, 326.19], [567.74, 838.19], [291.1, 809.29]], ""image_width"": 960, ""image_height"": 1280}",indoor,fingers
LIVE/Huawei P30 Lite/live_0381.jpeg,"{""label"": ""receipt"", ""shape_type"": ""polygon"", ""points"": [[336.52, 346.84], [716.39, 431.48], [664.77, 953.81], [284.9, 904.26]], ""image_width"": 960, ""image_height"": 1280}",indoor,without_fingers
LIVE/Huawei P30 Lite/live_0382.jpeg,"{""label"": ""receipt"", ""shape_type"": ""polygon"", ""points"": [[167.23, 227.1], [656.52, 332.39], [563.61, 918.71], [208.52, 881.55]], ""image_width"": 960, ""image_height"": 1280}",indoor,fingers
LIVE/Huawei P30 Lite/live_0383.jpeg,"{""label"": ""receipt"", ""shape_type"": ""polygon"", ""points"": [[249.81, 293.16], [749.42, 218.84], [827.87, 1067.35], [320.0, 1085.94]], ""image_width"": 960, ""image_height"": 1280}",indoor,fingers
LIVE/Huawei P30 Lite/live_0384.jpeg,"{""label"": ""receipt"", ""shape_type"": ""polygon"", ""points"": [[204.39, 454.19], [584.26, 404.65], [654.45, 972.39], [293.16, 1036.39]], ""image_width"": 960, ""image_height"": 1280}",indoor,without_fingers
LIVE/Huawei P30 Lite/live_0385.jpeg,"{""label"": ""receipt"", ""shape_type"": ""polygon"", ""points"": [[297.29, 320.0], [691.61, 322.06], [761.81, 1013.68], [282.84, 1030.19]], ""image_width"": 960, ""image_height"": 1280}",indoor,without_fingers
LIVE/Huawei P30 Lite/live_0386.jpeg,"{""label"": ""receipt"", ""shape_type"": ""polygon"", ""points"": [[260.13, 317.94], [778.32, 309.68], [765.94, 1092.13], [264.26, 1085.94]], ""image_width"": 960, ""image_height"": 1280}",indoor,fingers
LIVE/Huawei P30 Lite/live_0387.jpeg,"{""label"": ""receipt"", ""shape_type"": ""polygon"", ""points"": [[334.45, 485.16], [621.42, 402.58], [757.68, 939.35], [338.58, 982.71]], ""image_width"": 960, ""image_height"": 1280}",indoor,fingers
LIVE/Huawei P30 Lite/live_0388.jpeg,"{""label"": ""receipt"", ""shape_type"": ""polygon"", ""points"": [[284.9, 567.74], [569.81, 375.74], [586.32, 844.39], [301.42, 858.84]], ""image_width"": 960, ""image_height"": 1280}",indoor,fingers
LIVE/Huawei P30 Lite/live_0389.jpeg,"{""label"": ""receipt"", ""shape_type"": ""polygon"", ""points"": [[466.58, 361.29], [732.9, 270.45], [598.71, 1028.13], [322.06, 974.45]], ""image_width"": 960, ""image_height"": 1280}",indoor,fingers
LIVE/Huawei P30 Lite/live_0390.jpeg,"{""label"": ""receipt"", ""shape_type"": ""polygon"", ""points"": [[280.77, 530.58], [798.97, 175.48], [794.84, 1077.68], [249.81, 1054.97]], ""image_width"": 960, ""image_height"": 1280}",indoor,without_fingers
LIVE/Huawei P30 Lite/live_0391.jpeg,"{""label"": ""receipt"", ""shape_type"": ""polygon"", ""points"": [[181.68, 425.29], [460.39, 342.71], [619.35, 906.32], [309.68, 1077.68]], ""image_width"": 960, ""image_height"": 1280}",indoor,fingers
LIVE/Huawei P30 Lite/live_0392.jpeg,"{""label"": ""receipt"", ""shape_type"": ""polygon"", ""points"": [[286.97, 524.39], [683.35, 363.35], [883.61, 1073.55], [258.06, 1112.77]], ""image_width"": 960, ""image_height"": 1280}",indoor,fingers
LIVE/Huawei P30 Lite/live_0393.jpeg,"{""label"": ""receipt"", ""shape_type"": ""polygon"", ""points"": [[322.06, 481.03], [652.39, 220.9], [497.55, 1075.61], [270.45, 1085.94]], ""image_width"": 960, ""image_height"": 1280}",indoor,fingers
LIVE/Huawei P30 Lite/live_0394.jpeg,"{""label"": ""receipt"", ""shape_type"": ""polygon"", ""points"": [[468.65, 483.1], [730.84, 419.1], [664.77, 962.06], [417.03, 929.03]], ""image_width"": 960, ""image_height"": 1280}",indoor,without_fingers
LIVE/Huawei P30 Lite/live_0395.jpeg,"{""label"": ""receipt"", ""shape_type"": ""polygon"", ""points"": [[299.35, 485.16], [699.87, 344.77], [906.32, 1063.23], [270.45, 1092.13]], ""image_width"": 960, ""image_height"": 1280}",indoor,without_fingers
LIVE/Huawei P30 Lite/live_0396.jpeg,"{""label"": ""receipt"", ""shape_type"": ""polygon"", ""points"": [[156.9, 495.48], [668.9, 445.94], [809.29, 794.84], [187.87, 852.65]], ""image_width"": 960, ""image_height"": 1280}",indoor,fingers
LIVE/Huawei P30 Lite/live_0397.jpeg,"{""label"": ""receipt"", ""shape_type"": ""polygon"", ""points"": [[326.19, 295.23], [704.0, 177.55], [677.16, 891.87], [336.52, 908.39]], ""image_width"": 960, ""image_height"": 1280}",indoor,fingers
LIVE/Huawei P30 Lite/live_0398.jpeg,"{""label"": ""receipt"", ""shape_type"": ""polygon"", ""points"": [[206.45, 464.52], [613.16, 280.77], [652.39, 964.13], [256.0, 966.19]], ""image_width"": 960, ""image_height"": 1280}",indoor,fingers
LIVE/Huawei P30 Lite/live_0399.jpeg,"{""label"": ""receipt"", ""shape_type"": ""polygon"", ""points"": [[274.58, 187.87], [623.48, 68.13], [658.58, 854.71], [258.06, 832.0]], ""image_width"": 960, ""image_height"": 1280}",indoor,fingers
LIVE/Huawei P30 Lite/live_0400.jpeg,"{""label"": ""receipt"", ""shape_type"": ""polygon"", ""points"": [[181.68, 400.52], [625.55, 243.61], [553.29, 906.32], [130.06, 834.06]], ""image_width"": 960, ""image_height"": 1280}",indoor,fingers
LIVE/Huawei P30 Lite/live_0401.jpeg,"{""label"": ""receipt"", ""shape_type"": ""polygon"", ""points"": [[31.18, 305.23], [1209.44, 270.77], [1040.41, 713.85], [301.95, 710.56]], ""image_width"": 1280, ""image_height"": 960}",indoor,fingers
LIVE/Huawei P30 Lite/live_0402.jpeg,"{""label"": ""receipt"", ""shape_type"": ""polygon"", ""points"": [[272.52, 324.13], [858.84, 235.35], [809.29, 1028.13], [218.84, 953.81]], ""image_width"": 960, ""image_height"": 1280}",indoor,without_fingers
LIVE/Huawei P30 Lite/live_0403.jpeg,"{""label"": ""receipt"", ""shape_type"": ""polygon"", ""points"": [[229.16, 396.39], [631.74, 247.74], [615.23, 966.19], [299.35, 988.9]], ""image_width"": 960, ""image_height"": 1280}",indoor,fingers
LIVE/Huawei P30 Lite/live_0404.jpeg,"{""label"": ""receipt"", ""shape_type"": ""polygon"", ""points"": [[220.9, 474.84], [609.03, 429.42], [530.58, 906.32], [194.06, 869.16]], ""image_width"": 960, ""image_height"": 1280}",indoor,fingers
LIVE/Huawei P30 Lite/live_0405.jpeg,"{""label"": ""receipt"", ""shape_type"": ""polygon"", ""points"": [[297.29, 272.52], [683.35, 185.81], [784.52, 881.55], [324.13, 896.0]], ""image_width"": 960, ""image_height"": 1280}",indoor,without_fingers
LIVE/Huawei P30 Lite/live_0406.jpeg,"{""label"": ""receipt"", ""shape_type"": ""polygon"", ""points"": [[309.68, 301.42], [658.58, 274.58], [652.39, 821.68], [303.48, 805.16]], ""image_width"": 960, ""image_height"": 1280}",indoor,fingers
LIVE/Huawei P30 Lite/live_0407.jpeg,"{""label"": ""receipt"", ""shape_type"": ""polygon"", ""points"": [[169.29, 258.06], [681.29, 233.29], [695.74, 1040.52], [262.19, 1057.03]], ""image_width"": 960, ""image_height"": 1280}",indoor,fingers
LIVE/Huawei P30 Lite/live_0408.jpeg,"{""label"": ""receipt"", ""shape_type"": ""polygon"", ""points"": [[272.52, 315.87], [677.16, 276.65], [699.87, 862.97], [320.0, 877.42]], ""image_width"": 960, ""image_height"": 1280}",indoor,without_fingers
LIVE/Huawei P30 Lite/live_0409.jpeg,"{""label"": ""receipt"", ""shape_type"": ""polygon"", ""points"": [[276.65, 307.61], [749.42, 330.32], [664.77, 935.23], [253.94, 976.52]], ""image_width"": 960, ""image_height"": 1280}",indoor,without_fingers
LIVE/Huawei P30 Lite/live_0410.jpeg,"{""label"": ""receipt"", ""shape_type"": ""polygon"", ""points"": [[295.23, 260.13], [741.16, 437.68], [798.97, 947.61], [348.9, 984.77]], ""image_width"": 960, ""image_height"": 1280}",indoor,fingers
LIVE/Huawei P30 Lite/live_0411.jpeg,"{""label"": ""receipt"", ""shape_type"": ""polygon"", ""points"": [[113.55, 231.23], [670.97, 173.42], [706.06, 1048.77], [268.39, 1075.61]], ""image_width"": 960, ""image_height"": 1280}",indoor,without_fingers
LIVE/Huawei P30 Lite/live_0412.jpeg,"{""label"": ""receipt"", ""shape_type"": ""polygon"", ""points"": [[243.61, 243.61], [609.03, 274.58], [660.65, 1050.84], [262.19, 1075.61]], ""image_width"": 960, ""image_height"": 1280}",indoor,without_fingers
LIVE/Huawei P30 Lite/live_0413.jpeg,"{""label"": ""receipt"", ""shape_type"": ""polygon"", ""points"": [[322.06, 202.32], [679.23, 229.16], [724.65, 1001.29], [365.42, 988.9]], ""image_width"": 960, ""image_height"": 1280}",indoor,fingers
LIVE/Huawei P30 Lite/live_0414.jpeg,"{""label"": ""receipt"", ""shape_type"": ""polygon"", ""points"": [[278.71, 328.26], [642.06, 317.94], [623.48, 1079.74], [235.35, 1069.42]], ""image_width"": 960, ""image_height"": 1280}",indoor,fingers
LIVE/Samsung Galaxy J3/live_0415.jpeg,"{""label"": ""receipt"", ""shape_type"": ""polygon"", ""points"": [[181.55, 346.84], [565.27, 384.0], [519.89, 832.0], [193.93, 865.03]], ""image_width"": 720, ""image_height"": 1280}",outdoor,fingers
LIVE/Samsung Galaxy J3/live_0416.jpeg,"{""label"": ""receipt"", ""shape_type"": ""polygon"", ""points"": [[167.11, 291.1], [437.36, 375.74], [375.47, 862.97], [70.14, 807.23]], ""image_width"": 720, ""image_height"": 1280}",outdoor,fingers
LIVE/Samsung Galaxy J3/live_0417.jpeg,"{""label"": ""receipt"", ""shape_type"": ""polygon"", ""points"": [[229.0, 460.39], [579.71, 404.65], [610.66, 869.16], [266.13, 924.9]], ""image_width"": 720, ""image_height"": 1280}",outdoor,fingers
LIVE/Samsung Galaxy J3/live_0418.jpeg,"{""label"": ""receipt"", ""shape_type"": ""polygon"", ""points"": [[105.21, 315.87], [544.64, 303.48], [689.05, 896.0], [239.31, 881.55]], ""image_width"": 720, ""image_height"": 1280}",outdoor,fingers
LIVE/Samsung Galaxy J3/live_0419.jpeg,"{""label"": ""receipt"", ""shape_type"": ""polygon"", ""points"": [[257.88, 315.87], [614.79, 369.55], [596.22, 982.71], [191.86, 850.58]], ""image_width"": 720, ""image_height"": 1280}",outdoor,fingers
LIVE/Samsung Galaxy J3/live_0420.jpeg,"{""label"": ""receipt"", ""shape_type"": ""polygon"", ""points"": [[158.85, 396.39], [534.33, 336.52], [600.34, 722.58], [218.68, 794.84]], ""image_width"": 720, ""image_height"": 1280}",outdoor,without_fingers
LIVE/Samsung Galaxy J3/live_0421.jpeg,"{""label"": ""receipt"", ""shape_type"": ""polygon"", ""points"": [[306.87, 55.76], [726.97, 18.04], [997.74, 501.87], [206.77, 511.71]], ""image_width"": 1280, ""image_height"": 720}",outdoor,fingers
LIVE/Samsung Galaxy J3/live_0422.jpeg,"{""label"": ""receipt"", ""shape_type"": ""polygon"", ""points"": [[84.58, 359.23], [559.08, 338.58], [480.69, 1007.48], [162.98, 796.9]], ""image_width"": 720, ""image_height"": 1280}",outdoor,fingers
LIVE/Samsung Galaxy J3/live_0423.jpeg,"{""label"": ""receipt"", ""shape_type"": ""polygon"", ""points"": [[191.86, 322.06], [643.67, 284.9], [629.23, 834.06], [235.19, 875.35]], ""image_width"": 720, ""image_height"": 1280}",outdoor,fingers
LIVE/Samsung Galaxy J3/live_0424.jpeg,"{""label"": ""receipt"", ""shape_type"": ""polygon"", ""points"": [[233.12, 388.13], [532.26, 353.03], [509.57, 784.52], [167.11, 823.74]], ""image_width"": 720, ""image_height"": 1280}",outdoor,fingers
LIVE/Samsung Galaxy J3/live_0425.jpeg,"{""label"": ""receipt"", ""shape_type"": ""polygon"", ""points"": [[303.27, 278.71], [678.74, 398.45], [507.51, 962.06], [134.1, 900.13]], ""image_width"": 720, ""image_height"": 1280}",outdoor,fingers
LIVE/Samsung Galaxy J3/live_0426.jpeg,"{""label"": ""receipt"", ""shape_type"": ""polygon"", ""points"": [[119.66, 390.19], [565.27, 379.87], [664.3, 842.32], [140.29, 856.77]], ""image_width"": 720, ""image_height"": 1280}",outdoor,fingers
LIVE/Samsung Galaxy J3/live_0427.jpeg,"{""label"": ""receipt"", ""shape_type"": ""polygon"", ""points"": [[208.37, 512.0], [563.21, 495.48], [561.15, 902.19], [177.42, 904.26]], ""image_width"": 720, ""image_height"": 1280}",outdoor,fingers
LIVE/Samsung Galaxy J3/live_0428.jpeg,"{""label"": ""receipt"", ""shape_type"": ""polygon"", ""points"": [[206.3, 377.81], [594.15, 392.26], [565.27, 786.58], [167.11, 790.71]], ""image_width"": 720, ""image_height"": 1280}",outdoor,fingers
LIVE/Samsung Galaxy J3/live_0429.jpeg,"{""label"": ""receipt"", ""shape_type"": ""polygon"", ""points"": [[144.41, 542.97], [406.42, 584.26], [379.6, 1032.26], [175.36, 997.16]], ""image_width"": 720, ""image_height"": 1280}",outdoor,fingers
LIVE/Samsung Galaxy J3/live_0430.jpeg,"{""label"": ""receipt"", ""shape_type"": ""polygon"", ""points"": [[206.3, 253.94], [561.15, 231.23], [517.82, 768.0], [214.56, 757.68]], ""image_width"": 720, ""image_height"": 1280}",outdoor,fingers
LIVE/Samsung Galaxy J3/live_0431.jpeg,"{""label"": ""receipt"", ""shape_type"": ""polygon"", ""points"": [[140.29, 433.55], [486.88, 458.32], [427.05, 869.16], [160.92, 836.13]], ""image_width"": 720, ""image_height"": 1280}",outdoor,fingers
LIVE/Samsung Galaxy J3/live_0432.jpeg,"{""label"": ""receipt"", ""shape_type"": ""polygon"", ""points"": [[200.11, 425.29], [521.95, 417.03], [488.94, 798.97], [262.01, 813.42]], ""image_width"": 720, ""image_height"": 1280}",outdoor,fingers
LIVE/Samsung Galaxy J3/live_0433.jpeg,"{""label"": ""receipt"", ""shape_type"": ""polygon"", ""points"": [[268.19, 437.68], [526.07, 460.39], [542.58, 770.06], [295.01, 784.52]], ""image_width"": 720, ""image_height"": 1280}",outdoor,fingers
LIVE/Samsung Galaxy J3/live_0434.jpeg,"{""label"": ""receipt"", ""shape_type"": ""polygon"", ""points"": [[264.07, 392.26], [583.84, 419.1], [598.28, 931.1], [253.75, 902.19]], ""image_width"": 720, ""image_height"": 1280}",outdoor,fingers
LIVE/Samsung Galaxy J3/live_0435.jpeg,"{""label"": ""receipt"", ""shape_type"": ""polygon"", ""points"": [[169.17, 404.65], [435.3, 460.39], [435.3, 848.52], [191.86, 850.58]], ""image_width"": 720, ""image_height"": 1280}",outdoor,fingers
LIVE/Samsung Galaxy J3/live_0436.jpeg,"{""label"": ""receipt"", ""shape_type"": ""polygon"", ""points"": [[111.4, 439.74], [447.68, 456.26], [404.36, 896.0], [158.85, 893.94]], ""image_width"": 720, ""image_height"": 1280}",outdoor,fingers
LIVE/Samsung Galaxy J3/live_0437.jpeg,"{""label"": ""receipt"", ""shape_type"": ""polygon"", ""points"": [[144.41, 249.81], [540.52, 256.0], [602.41, 887.74], [241.38, 889.81]], ""image_width"": 720, ""image_height"": 1280}",outdoor,fingers
LIVE/Samsung Galaxy J3/live_0438.jpeg,"{""label"": ""receipt"", ""shape_type"": ""polygon"", ""points"": [[181.55, 516.13], [468.31, 512.0], [437.36, 912.52], [181.55, 935.23]], ""image_width"": 720, ""image_height"": 1280}",outdoor,fingers
LIVE/Samsung Galaxy J3/live_0439.jpeg,"{""label"": ""receipt"", ""shape_type"": ""polygon"", ""points"": [[187.74, 419.1], [464.18, 468.65], [447.68, 832.0], [226.93, 856.77]], ""image_width"": 720, ""image_height"": 1280}",outdoor,fingers
LIVE/Samsung Galaxy J3/live_0440.jpeg,"{""label"": ""receipt"", ""shape_type"": ""polygon"", ""points"": [[467.69, 195.17], [866.46, 196.81], [859.9, 410.02], [484.1, 454.31]], ""image_width"": 1280, ""image_height"": 720}",outdoor,fingers
LIVE/Samsung Galaxy J3/live_0441.jpeg,"{""label"": ""receipt"", ""shape_type"": ""polygon"", ""points"": [[195.99, 412.9], [437.36, 245.68], [437.36, 844.39], [212.49, 809.29]], ""image_width"": 720, ""image_height"": 1280}",outdoor,fingers
LIVE/Samsung Galaxy J3/live_0442.jpeg,"{""label"": ""receipt"", ""shape_type"": ""polygon"", ""points"": [[208.37, 476.9], [567.34, 437.68], [565.27, 691.61], [185.67, 677.16]], ""image_width"": 720, ""image_height"": 1280}",outdoor,fingers
LIVE/Samsung Galaxy J3/live_0443.jpeg,"{""label"": ""receipt"", ""shape_type"": ""polygon"", ""points"": [[76.33, 346.84], [711.75, 476.9], [600.34, 689.55], [183.61, 662.71]], ""image_width"": 720, ""image_height"": 1280}",outdoor,fingers
LIVE/Samsung Galaxy J3/live_0444.jpeg,"{""label"": ""receipt"", ""shape_type"": ""polygon"", ""points"": [[262.01, 357.16], [521.95, 375.74], [495.13, 805.16], [245.5, 755.61]], ""image_width"": 720, ""image_height"": 1280}",outdoor,fingers
LIVE/Samsung Galaxy J3/live_0445.jpeg,"{""label"": ""receipt"", ""shape_type"": ""polygon"", ""points"": [[171.23, 225.03], [521.95, 375.74], [515.76, 877.42], [183.61, 739.1]], ""image_width"": 720, ""image_height"": 1280}",outdoor,fingers
LIVE/Samsung Galaxy J3/live_0446.jpeg,"{""label"": ""receipt"", ""shape_type"": ""polygon"", ""points"": [[280.57, 346.84], [674.61, 637.94], [600.34, 1021.94], [237.25, 935.23]], ""image_width"": 720, ""image_height"": 1280}",outdoor,fingers
LIVE/Samsung Galaxy J3/live_0447.jpeg,"{""label"": ""receipt"", ""shape_type"": ""polygon"", ""points"": [[371.35, 332.39], [631.29, 402.58], [658.11, 883.61], [365.16, 838.19]], ""image_width"": 720, ""image_height"": 1280}",outdoor,fingers
LIVE/Samsung Galaxy J3/live_0448.jpeg,"{""label"": ""receipt"", ""shape_type"": ""polygon"", ""points"": [[206.3, 253.94], [559.08, 251.87], [528.14, 862.97], [259.94, 891.87]], ""image_width"": 720, ""image_height"": 1280}",outdoor,fingers
LIVE/Samsung Galaxy J3/live_0449.jpeg,"{""label"": ""receipt"", ""shape_type"": ""polygon"", ""points"": [[113.47, 476.9], [633.35, 452.13], [581.78, 722.58], [92.84, 749.42]], ""image_width"": 720, ""image_height"": 1280}",outdoor,fingers
LIVE/Samsung Galaxy J3/live_0450.jpeg,"{""label"": ""receipt"", ""shape_type"": ""polygon"", ""points"": [[257.88, 212.65], [637.48, 206.45], [594.15, 858.84], [286.76, 893.94]], ""image_width"": 720, ""image_height"": 1280}",outdoor,fingers
LIVE/Samsung Galaxy J3/live_0451.jpeg,"{""label"": ""receipt"", ""shape_type"": ""polygon"", ""points"": [[200.11, 313.81], [567.34, 245.68], [569.4, 712.26], [239.31, 714.32]], ""image_width"": 720, ""image_height"": 1280}",outdoor,fingers
LIVE/Samsung Galaxy J3/live_0452.jpeg,"{""label"": ""receipt"", ""shape_type"": ""polygon"", ""points"": [[239.31, 470.71], [594.15, 336.52], [631.29, 891.87], [272.32, 904.26]], ""image_width"": 720, ""image_height"": 1280}",outdoor,fingers
LIVE/Samsung Galaxy J3/live_0453.jpeg,"{""label"": ""receipt"", ""shape_type"": ""polygon"", ""points"": [[307.39, 367.48], [610.66, 375.74], [573.52, 782.45], [249.63, 743.23]], ""image_width"": 720, ""image_height"": 1280}",outdoor,fingers
LIVE/Samsung Galaxy J3/live_0454.jpeg,"{""label"": ""receipt"", ""shape_type"": ""polygon"", ""points"": [[287.18, 221.41], [856.62, 203.37], [818.87, 544.51], [310.15, 560.91]], ""image_width"": 1280, ""image_height"": 720}",outdoor,fingers
LIVE/Samsung Galaxy J3/live_0455.jpeg,"{""label"": ""receipt"", ""shape_type"": ""polygon"", ""points"": [[361.03, 282.1], [1010.87, 288.66], [984.62, 592.07], [388.92, 544.51]], ""image_width"": 1280, ""image_height"": 720}",outdoor,fingers
LIVE/Samsung Galaxy J3/live_0456.jpeg,"{""label"": ""receipt"", ""shape_type"": ""polygon"", ""points"": [[339.69, 268.97], [1074.87, 247.65], [1158.56, 610.11], [359.38, 664.24]], ""image_width"": 1280, ""image_height"": 720}",outdoor,fingers
LIVE/Samsung Galaxy J3/live_0457.jpeg,"{""label"": ""receipt"", ""shape_type"": ""polygon"", ""points"": [[68.08, 266.32], [521.95, 171.35], [557.02, 904.26], [103.15, 844.39]], ""image_width"": 720, ""image_height"": 1280}",outdoor,fingers
LIVE/Samsung Galaxy J3/live_0458.jpeg,"{""label"": ""receipt"", ""shape_type"": ""polygon"", ""points"": [[88.71, 340.65], [515.76, 274.58], [554.96, 807.23], [171.23, 823.74]], ""image_width"": 720, ""image_height"": 1280}",outdoor,fingers
LIVE/Samsung Galaxy J3/live_0459.jpeg,"{""label"": ""receipt"", ""shape_type"": ""polygon"", ""points"": [[154.73, 338.58], [540.52, 295.23], [569.4, 798.97], [183.61, 796.9]], ""image_width"": 720, ""image_height"": 1280}",outdoor,fingers
LIVE/Samsung Galaxy J3/live_0460.jpeg,"{""label"": ""receipt"", ""shape_type"": ""polygon"", ""points"": [[290.89, 441.81], [548.77, 398.45], [590.03, 858.84], [325.96, 962.06]], ""image_width"": 720, ""image_height"": 1280}",outdoor,fingers
LIVE/Samsung Galaxy J3/live_0461.jpeg,"{""label"": ""receipt"", ""shape_type"": ""polygon"", ""points"": [[330.09, 326.19], [565.27, 326.19], [536.39, 745.29], [340.4, 801.03]], ""image_width"": 720, ""image_height"": 1280}",outdoor,fingers
LIVE/Samsung Galaxy J3/live_0462.jpeg,"{""label"": ""receipt"", ""shape_type"": ""polygon"", ""points"": [[183.61, 268.39], [470.37, 237.42], [579.71, 844.39], [292.95, 926.97]], ""image_width"": 720, ""image_height"": 1280}",outdoor,without_fingers
LIVE/Samsung Galaxy J3/live_0463.jpeg,"{""label"": ""receipt"", ""shape_type"": ""polygon"", ""points"": [[255.82, 350.97], [594.15, 386.06], [567.34, 881.55], [255.82, 823.74]], ""image_width"": 720, ""image_height"": 1280}",indoor,fingers
LIVE/Samsung Galaxy J3/live_0464.jpeg,"{""label"": ""receipt"", ""shape_type"": ""polygon"", ""points"": [[220.74, 247.74], [561.15, 266.32], [536.39, 914.58], [206.3, 848.52]], ""image_width"": 720, ""image_height"": 1280}",indoor,fingers
LIVE/Samsung Galaxy J3/live_0465.jpeg,"{""label"": ""receipt"", ""shape_type"": ""polygon"", ""points"": [[226.93, 295.23], [592.09, 309.68], [590.03, 865.03], [233.12, 809.29]], ""image_width"": 720, ""image_height"": 1280}",indoor,fingers
LIVE/Samsung Galaxy J3/live_0466.jpeg,"{""label"": ""receipt"", ""shape_type"": ""polygon"", ""points"": [[231.06, 371.61], [530.2, 379.87], [528.14, 778.32], [224.87, 842.32]], ""image_width"": 720, ""image_height"": 1280}",indoor,fingers
LIVE/Samsung Galaxy J3/live_0467.jpeg,"{""label"": ""receipt"", ""shape_type"": ""polygon"", ""points"": [[305.33, 423.23], [614.79, 468.65], [526.07, 904.26], [167.11, 931.1]], ""image_width"": 720, ""image_height"": 1280}",indoor,fingers
LIVE/Samsung Galaxy J3/live_0468.jpeg,"{""label"": ""receipt"", ""shape_type"": ""polygon"", ""points"": [[152.66, 379.87], [546.7, 324.13], [608.6, 807.23], [237.25, 893.94]], ""image_width"": 720, ""image_height"": 1280}",outdoor,fingers
LIVE/Samsung Galaxy J3/live_0469.jpeg,"{""label"": ""receipt"", ""shape_type"": ""polygon"", ""points"": [[94.9, 212.65], [581.78, 227.1], [614.79, 778.32], [111.4, 945.55]], ""image_width"": 720, ""image_height"": 1280}",outdoor,fingers
LIVE/Samsung Galaxy J3/live_0470.jpeg,"{""label"": ""receipt"", ""shape_type"": ""polygon"", ""points"": [[127.91, 169.29], [517.82, 192.0], [524.01, 834.06], [146.48, 825.81]], ""image_width"": 720, ""image_height"": 1280}",outdoor,fingers
LIVE/Samsung Galaxy J3/live_0471.jpeg,"{""label"": ""receipt"", ""shape_type"": ""polygon"", ""points"": [[300.31, 62.32], [974.77, 193.53], [896.0, 557.63], [211.69, 505.15]], ""image_width"": 1280, ""image_height"": 720}",indoor,without_fingers
LIVE/Samsung Galaxy J3/live_0472.jpeg,"{""label"": ""receipt"", ""shape_type"": ""polygon"", ""points"": [[262.01, 307.61], [616.85, 342.71], [581.78, 873.29], [235.19, 761.81]], ""image_width"": 720, ""image_height"": 1280}",indoor,without_fingers
LIVE/Samsung Galaxy J3/live_0473.jpeg,"{""label"": ""receipt"", ""shape_type"": ""polygon"", ""points"": [[156.79, 388.13], [532.26, 361.29], [620.97, 673.03], [181.55, 706.06]], ""image_width"": 720, ""image_height"": 1280}",indoor,without_fingers
LIVE/Samsung Galaxy J3/live_0474.jpeg,"{""label"": ""receipt"", ""shape_type"": ""polygon"", ""points"": [[179.48, 363.35], [530.2, 338.58], [573.52, 943.48], [152.66, 953.81]], ""image_width"": 720, ""image_height"": 1280}",indoor,fingers
LIVE/Samsung Galaxy J3/live_0475.jpeg,"{""label"": ""receipt"", ""shape_type"": ""polygon"", ""points"": [[156.79, 371.61], [573.52, 324.13], [612.72, 875.35], [154.73, 949.68]], ""image_width"": 720, ""image_height"": 1280}",outdoor,fingers
LIVE/Samsung Galaxy J3/live_0476.jpeg,"{""label"": ""receipt"", ""shape_type"": ""polygon"", ""points"": [[266.13, 458.32], [596.22, 346.84], [594.15, 918.71], [255.82, 929.03]], ""image_width"": 720, ""image_height"": 1280}",outdoor,fingers
LIVE/Samsung Galaxy J3/live_0477.jpeg,"{""label"": ""receipt"", ""shape_type"": ""polygon"", ""points"": [[305.33, 297.29], [689.05, 276.65], [672.55, 875.35], [313.58, 815.48]], ""image_width"": 720, ""image_height"": 1280}",outdoor,without_fingers
LIVE/Samsung Galaxy J3/live_0478.jpeg,"{""label"": ""receipt"", ""shape_type"": ""polygon"", ""points"": [[210.43, 303.48], [620.97, 264.26], [651.92, 914.58], [218.68, 856.77]], ""image_width"": 720, ""image_height"": 1280}",outdoor,fingers
LIVE/Samsung Galaxy J3/live_0479.jpeg,"{""label"": ""receipt"", ""shape_type"": ""polygon"", ""points"": [[431.59, 282.1], [950.15, 226.33], [1002.67, 539.59], [449.64, 590.43]], ""image_width"": 1280, ""image_height"": 720}",outdoor,fingers
LIVE/Samsung Galaxy J3/live_0480.jpeg,"{""label"": ""receipt"", ""shape_type"": ""polygon"", ""points"": [[266.13, 365.42], [563.21, 324.13], [575.59, 792.77], [297.08, 743.23]], ""image_width"": 720, ""image_height"": 1280}",outdoor,fingers
LIVE/Samsung Galaxy J3/live_0481.jpeg,"{""label"": ""receipt"", ""shape_type"": ""polygon"", ""points"": [[210.43, 369.55], [542.58, 326.19], [645.73, 966.19], [191.86, 877.42]], ""image_width"": 720, ""image_height"": 1280}",outdoor,fingers
LIVE/Samsung Galaxy J3/live_0482.jpeg,"{""label"": ""receipt"", ""shape_type"": ""polygon"", ""points"": [[150.6, 315.87], [484.81, 276.65], [559.08, 805.16], [191.86, 896.0]], ""image_width"": 720, ""image_height"": 1280}",outdoor,fingers
LIVE/Samsung Galaxy J3/live_0483.jpeg,"{""label"": ""receipt"", ""shape_type"": ""polygon"", ""points"": [[272.32, 313.81], [563.21, 412.9], [538.45, 885.68], [220.74, 668.9]], ""image_width"": 720, ""image_height"": 1280}",outdoor,fingers
LIVE/Samsung Galaxy J3/live_0484.jpeg,"{""label"": ""receipt"", ""shape_type"": ""polygon"", ""points"": [[272.32, 474.84], [596.22, 450.06], [526.07, 877.42], [247.56, 815.48]], ""image_width"": 720, ""image_height"": 1280}",indoor,fingers
LIVE/Samsung Galaxy J3/live_0485.jpeg,"{""label"": ""receipt"", ""shape_type"": ""polygon"", ""points"": [[202.18, 336.52], [590.03, 369.55], [546.7, 982.71], [125.85, 939.35]], ""image_width"": 720, ""image_height"": 1280}",indoor,fingers
LIVE/Samsung Galaxy J3/live_0486.jpeg,"{""label"": ""receipt"", ""shape_type"": ""polygon"", ""points"": [[220.74, 421.16], [519.89, 336.52], [643.67, 955.87], [290.89, 1007.48]], ""image_width"": 720, ""image_height"": 1280}",indoor,fingers
LIVE/Samsung Galaxy J3/live_0487.jpeg,"{""label"": ""receipt"", ""shape_type"": ""polygon"", ""points"": [[202.18, 220.9], [499.26, 212.65], [478.62, 960.0], [181.55, 922.84]], ""image_width"": 720, ""image_height"": 1280}",indoor,fingers
LIVE/Samsung Galaxy J3/live_0488.jpeg,"{""label"": ""receipt"", ""shape_type"": ""polygon"", ""points"": [[179.48, 218.84], [616.85, 262.19], [658.11, 904.26], [165.04, 883.61]], ""image_width"": 720, ""image_height"": 1280}",indoor,fingers
LIVE/Samsung Galaxy J3/live_0489.jpeg,"{""label"": ""receipt"", ""shape_type"": ""polygon"", ""points"": [[328.02, 97.03], [637.48, 109.42], [614.79, 962.06], [282.64, 902.19]], ""image_width"": 720, ""image_height"": 1280}",indoor,fingers
LIVE/Samsung Galaxy J3/live_0490.jpeg,"{""label"": ""receipt"", ""shape_type"": ""polygon"", ""points"": [[214.56, 245.68], [538.45, 256.0], [538.45, 931.1], [216.62, 914.58]], ""image_width"": 720, ""image_height"": 1280}",indoor,fingers
LIVE/Samsung Galaxy J3/live_0491.jpeg,"{""label"": ""receipt"", ""shape_type"": ""polygon"", ""points"": [[264.07, 249.81], [519.89, 239.48], [561.15, 955.87], [286.76, 945.55]], ""image_width"": 720, ""image_height"": 1280}",indoor,fingers
LIVE/Samsung Galaxy J3/live_0492.jpeg,"{""label"": ""receipt"", ""shape_type"": ""polygon"", ""points"": [[152.66, 268.39], [565.27, 282.84], [521.95, 939.35], [111.4, 875.35]], ""image_width"": 720, ""image_height"": 1280}",indoor,fingers
LIVE/Samsung Galaxy J3/live_0493.jpeg,"{""label"": ""receipt"", ""shape_type"": ""polygon"", ""points"": [[235.19, 256.0], [612.72, 231.23], [530.2, 869.16], [193.93, 786.58]], ""image_width"": 720, ""image_height"": 1280}",indoor,fingers
LIVE/Samsung Galaxy J3/live_0494.jpeg,"{""label"": ""receipt"", ""shape_type"": ""polygon"", ""points"": [[49.51, 431.48], [631.29, 394.32], [631.29, 677.16], [61.89, 768.0]], ""image_width"": 720, ""image_height"": 1280}",indoor,fingers
LIVE/Samsung Galaxy J3/live_0495.jpeg,"{""label"": ""receipt"", ""shape_type"": ""polygon"", ""points"": [[288.83, 249.81], [571.46, 241.55], [594.15, 924.9], [220.74, 912.52]], ""image_width"": 720, ""image_height"": 1280}",indoor,fingers
LIVE/Samsung Galaxy J3/live_0496.jpeg,"{""label"": ""receipt"", ""shape_type"": ""polygon"", ""points"": [[226.93, 247.74], [581.78, 222.97], [643.67, 848.52], [295.01, 883.61]], ""image_width"": 720, ""image_height"": 1280}",indoor,fingers
LIVE/Samsung Galaxy J3/live_0497.jpeg,"{""label"": ""receipt"", ""shape_type"": ""polygon"", ""points"": [[103.15, 258.06], [612.72, 293.16], [590.03, 957.94], [72.21, 1001.29]], ""image_width"": 720, ""image_height"": 1280}",indoor,fingers
REPLAY/Honor 8A by Samsung Galaxy J3/replay_0498.jpeg,"{""label"": ""receipt"", ""shape_type"": ""polygon"", ""points"": [[451.28, 147.61], [1158.56, 108.25], [1137.23, 675.72], [408.62, 555.99]], ""image_width"": 1280, ""image_height"": 720}",indoor,fingers
REPLAY/Honor 8A by Samsung Galaxy J3/replay_0499.jpeg,"{""label"": ""receipt"", ""shape_type"": ""polygon"", ""points"": [[70.14, 264.26], [561.15, 260.13], [583.84, 840.26], [109.34, 854.71]], ""image_width"": 720, ""image_height"": 1280}",outdoor,fingers
REPLAY/Honor 8A by Samsung Galaxy J3/replay_0500.jpeg,"{""label"": ""receipt"", ""shape_type"": ""polygon"", ""points"": [[428.31, 108.25], [1104.41, 142.69], [1063.38, 603.55], [418.46, 639.64]], ""image_width"": 1280, ""image_height"": 720}",indoor,fingers
REPLAY/Honor 8A by Samsung Galaxy J3/replay_0501.jpeg,"{""label"": ""receipt"", ""shape_type"": ""polygon"", ""points"": [[191.86, 192.0], [559.08, 317.94], [544.64, 873.29], [177.42, 881.55]], ""image_width"": 720, ""image_height"": 1280}",outdoor,without_fingers
REPLAY/Honor 8A by Samsung Galaxy J3/replay_0502.jpeg,"{""label"": ""receipt"", ""shape_type"": ""polygon"", ""points"": [[171.23, 161.03], [608.6, 268.39], [587.97, 955.87], [162.98, 935.23]], ""image_width"": 720, ""image_height"": 1280}",outdoor,fingers
REPLAY/Honor 8A by Samsung Galaxy J3/replay_0503.jpeg,"{""label"": ""receipt"", ""shape_type"": ""polygon"", ""points"": [[259.94, 227.1], [608.6, 200.26], [602.41, 757.68], [299.14, 732.9]], ""image_width"": 720, ""image_height"": 1280}",outdoor,fingers
REPLAY/Honor 8A by Samsung Galaxy J3/replay_0504.jpeg,"{""label"": ""receipt"", ""shape_type"": ""polygon"", ""points"": [[195.99, 192.0], [682.87, 239.48], [610.66, 832.0], [200.11, 734.97]], ""image_width"": 720, ""image_height"": 1280}",outdoor,fingers
REPLAY/Honor 8A by Samsung Galaxy J3/replay_0505.jpeg,"{""label"": ""receipt"", ""shape_type"": ""polygon"", ""points"": [[160.92, 202.32], [639.54, 185.81], [610.66, 931.1], [183.61, 832.0]], ""image_width"": 720, ""image_height"": 1280}",outdoor,fingers
REPLAY/Honor 8A by Samsung Galaxy J3/replay_0506.jpeg,"{""label"": ""receipt"", ""shape_type"": ""polygon"", ""points"": [[323.28, 167.29], [1038.77, 154.17], [1030.56, 680.64], [356.1, 659.32]], ""image_width"": 1280, ""image_height"": 720}",outdoor,fingers
REPLAY/Honor 8A by Samsung Galaxy J3/replay_0507.jpeg,"{""label"": ""receipt"", ""shape_type"": ""polygon"", ""points"": [[267.49, 226.33], [836.92, 180.41], [912.41, 546.15], [352.82, 652.76]], ""image_width"": 1280, ""image_height"": 720}",outdoor,fingers
REPLAY/Honor 8A by Samsung Galaxy J3/replay_0508.jpeg,"{""label"": ""receipt"", ""shape_type"": ""polygon"", ""points"": [[198.05, 303.48], [563.21, 272.52], [581.78, 871.23], [245.5, 891.87]], ""image_width"": 720, ""image_height"": 1280}",outdoor,fingers
REPLAY/Honor 8A by Samsung Galaxy J3/replay_0509.jpeg,"{""label"": ""receipt"", ""shape_type"": ""polygon"", ""points"": [[264.21, 157.45], [1101.13, 165.65], [1099.49, 619.95], [369.23, 685.56]], ""image_width"": 1280, ""image_height"": 720}",outdoor,without_fingers
REPLAY/Honor 8A by Samsung Galaxy J3/replay_0510.jpeg,"{""label"": ""receipt"", ""shape_type"": ""polygon"", ""points"": [[35.07, 173.42], [653.98, 179.61], [610.66, 993.03], [55.7, 984.77]], ""image_width"": 720, ""image_height"": 1280}",indoor,fingers
REPLAY/Honor 8A by Samsung Galaxy J3/replay_0511.jpeg,"{""label"": ""receipt"", ""shape_type"": ""polygon"", ""points"": [[446.36, 147.61], [1089.64, 109.89], [1063.38, 657.68], [361.03, 656.04]], ""image_width"": 1280, ""image_height"": 720}",indoor,without_fingers
REPLAY/Honor 8A by Samsung Galaxy J3/replay_0512.jpeg,"{""label"": ""receipt"", ""shape_type"": ""polygon"", ""points"": [[99.03, 177.55], [709.68, 161.03], [707.62, 1011.61], [123.78, 877.42]], ""image_width"": 720, ""image_height"": 1280}",indoor,fingers
REPLAY/Honor 8A by Samsung Galaxy J3/replay_0513.jpeg,"{""label"": ""receipt"", ""shape_type"": ""polygon"", ""points"": [[331.49, 109.89], [992.82, 36.08], [1058.46, 521.55], [347.9, 578.95]], ""image_width"": 1280, ""image_height"": 720}",indoor,without_fingers
REPLAY/Honor 8A by Samsung Galaxy J3/replay_0514.jpeg,"{""label"": ""receipt"", ""shape_type"": ""polygon"", ""points"": [[229.0, 406.71], [662.23, 404.65], [676.68, 1024.0], [195.99, 918.71]], ""image_width"": 720, ""image_height"": 1280}",outdoor,fingers
REPLAY/Honor 8A by Samsung Galaxy J3/replay_0515.jpeg,"{""label"": ""receipt"", ""shape_type"": ""polygon"", ""points"": [[146.48, 222.97], [680.8, 194.06], [608.6, 910.45], [144.41, 883.61]], ""image_width"": 720, ""image_height"": 1280}",indoor,fingers
REPLAY/Honor 8A by Samsung Galaxy J3/replay_0516.jpeg,"{""label"": ""receipt"", ""shape_type"": ""polygon"", ""points"": [[47.45, 68.13], [623.04, 59.87], [691.12, 926.97], [78.4, 935.23]], ""image_width"": 720, ""image_height"": 1280}",indoor,without_fingers
REPLAY/Honor 8A by Samsung Galaxy J3/replay_0517.jpeg,"{""label"": ""receipt"", ""shape_type"": ""polygon"", ""points"": [[169.17, 227.1], [686.99, 192.0], [618.91, 912.52], [152.66, 877.42]], ""image_width"": 720, ""image_height"": 1280}",indoor,fingers
REPLAY/Honor 8A by Samsung Galaxy J3/replay_0518.jpeg,"{""label"": ""receipt"", ""shape_type"": ""polygon"", ""points"": [[403.69, 254.21], [941.95, 142.69], [1040.41, 549.43], [459.49, 670.8]], ""image_width"": 1280, ""image_height"": 720}",indoor,without_fingers
REPLAY/Honor 8A by Samsung Galaxy J3/replay_0519.jpeg,"{""label"": ""receipt"", ""shape_type"": ""polygon"", ""points"": [[70.14, 132.13], [651.92, 134.19], [666.36, 908.39], [66.02, 906.32]], ""image_width"": 720, ""image_height"": 1280}",outdoor,without_fingers
REPLAY/Honor 8A by Samsung Galaxy J3/replay_0520.jpeg,"{""label"": ""receipt"", ""shape_type"": ""polygon"", ""points"": [[132.03, 338.58], [592.09, 264.26], [590.03, 912.52], [198.05, 904.26]], ""image_width"": 720, ""image_height"": 1280}",indoor,fingers
REPLAY/Honor 8A by Samsung Galaxy J3/replay_0521.jpeg,"{""label"": ""receipt"", ""shape_type"": ""polygon"", ""points"": [[30.95, 214.71], [715.87, 194.06], [639.54, 982.71], [107.28, 1001.29]], ""image_width"": 720, ""image_height"": 1280}",indoor,fingers
REPLAY/Honor 8A by Samsung Galaxy J3/replay_0522.jpeg,"{""label"": ""receipt"", ""shape_type"": ""polygon"", ""points"": [[214.97, 149.25], [813.95, 129.57], [882.87, 528.11], [231.38, 608.47]], ""image_width"": 1280, ""image_height"": 720}",indoor,fingers
REPLAY/Honor 8A by Samsung Galaxy J3/replay_0523.jpeg,"{""label"": ""receipt"", ""shape_type"": ""polygon"", ""points"": [[446.36, 96.77], [948.51, 73.8], [974.77, 680.64], [436.51, 642.92]], ""image_width"": 1280, ""image_height"": 720}",indoor,fingers
REPLAY/Honor 8A by Samsung Galaxy J3/replay_0524.jpeg,"{""label"": ""receipt"", ""shape_type"": ""polygon"", ""points"": [[452.92, 124.65], [1010.87, 127.93], [1033.85, 633.08], [333.13, 495.31]], ""image_width"": 1280, ""image_height"": 720}",indoor,without_fingers
REPLAY/Honor 8A by Samsung Galaxy J3/replay_0525.jpeg,"{""label"": ""receipt"", ""shape_type"": ""polygon"", ""points"": [[144.41, 212.65], [664.3, 212.65], [625.1, 982.71], [127.91, 945.55]], ""image_width"": 720, ""image_height"": 1280}",indoor,without_fingers
REPLAY/Honor 8A by Samsung Galaxy J3/replay_0526.jpeg,"{""label"": ""receipt"", ""shape_type"": ""polygon"", ""points"": [[254.36, 14.76], [909.13, 234.53], [899.28, 621.59], [170.67, 537.95]], ""image_width"": 1280, ""image_height"": 720}",indoor,fingers
REPLAY/Honor 8A by Samsung Galaxy J3/replay_0527.jpeg,"{""label"": ""receipt"", ""shape_type"": ""polygon"", ""points"": [[94.9, 115.61], [666.36, 185.81], [540.52, 1003.35], [68.08, 889.81]], ""image_width"": 720, ""image_height"": 1280}",indoor,without_fingers
REPLAY/Honor 8A by Samsung Galaxy J3/replay_0528.jpeg,"{""label"": ""receipt"", ""shape_type"": ""polygon"", ""points"": [[208.37, 289.03], [554.96, 299.35], [491.0, 898.06], [88.71, 788.65]], ""image_width"": 720, ""image_height"": 1280}",indoor,without_fingers
REPLAY/Honor 8A by Samsung Galaxy J3/replay_0529.jpeg,"{""label"": ""receipt"", ""shape_type"": ""polygon"", ""points"": [[357.74, 149.25], [1055.18, 164.01], [1078.15, 616.67], [361.03, 603.55]], ""image_width"": 1280, ""image_height"": 720}",indoor,without_fingers
REPLAY/Honor 8A by Samsung Galaxy J3/replay_0530.jpeg,"{""label"": ""receipt"", ""shape_type"": ""polygon"", ""points"": [[129.97, 299.35], [571.46, 338.58], [645.73, 1100.39], [107.28, 1133.42]], ""image_width"": 720, ""image_height"": 1280}",indoor,fingers
REPLAY/Honor 8A by Samsung Galaxy J3/replay_0531.jpeg,"{""label"": ""receipt"", ""shape_type"": ""polygon"", ""points"": [[113.47, 90.84], [680.8, 183.74], [575.59, 1001.29], [78.4, 891.87]], ""image_width"": 720, ""image_height"": 1280}",indoor,without_fingers
REPLAY/Honor 8A by Samsung Galaxy J3/replay_0532.jpeg,"{""label"": ""receipt"", ""shape_type"": ""polygon"", ""points"": [[228.1, 83.64], [1061.74, 136.13], [1068.31, 608.47], [210.05, 582.23]], ""image_width"": 1280, ""image_height"": 720}",indoor,without_fingers
REPLAY/Honor 8A by Samsung Galaxy J3/replay_0533.jpeg,"{""label"": ""receipt"", ""shape_type"": ""polygon"", ""points"": [[449.64, 150.89], [1063.38, 164.01], [1088.0, 641.28], [413.54, 610.11]], ""image_width"": 1280, ""image_height"": 720}",indoor,fingers
REPLAY/Honor 8A by Samsung Galaxy J3/replay_0534.jpeg,"{""label"": ""receipt"", ""shape_type"": ""polygon"", ""points"": [[428.31, 127.93], [1035.49, 373.94], [1025.64, 679.0], [333.13, 601.91]], ""image_width"": 1280, ""image_height"": 720}",indoor,without_fingers
REPLAY/Honor 8A by Samsung Galaxy J3/replay_0535.jpeg,"{""label"": ""receipt"", ""shape_type"": ""polygon"", ""points"": [[236.31, 149.25], [1091.28, 108.25], [1133.95, 647.84], [247.79, 603.55]], ""image_width"": 1280, ""image_height"": 720}",indoor,fingers
REPLAY/Honor 8A by Samsung Galaxy J3/replay_0536.jpeg,"{""label"": ""receipt"", ""shape_type"": ""polygon"", ""points"": [[282.26, 180.41], [800.82, 205.01], [799.18, 500.23], [256.0, 498.59]], ""image_width"": 1280, ""image_height"": 720}",indoor,fingers
REPLAY/Honor 8A by Samsung Galaxy J3/replay_0537.jpeg,"{""label"": ""receipt"", ""shape_type"": ""polygon"", ""points"": [[364.31, 155.81], [973.13, 236.17], [1009.23, 665.88], [311.79, 578.95]], ""image_width"": 1280, ""image_height"": 720}",indoor,fingers
REPLAY/Honor 8A by Samsung Galaxy J3/replay_0538.jpeg,"{""label"": ""receipt"", ""shape_type"": ""polygon"", ""points"": [[364.31, 165.65], [1122.46, 180.41], [1130.67, 636.36], [344.62, 600.27]], ""image_width"": 1280, ""image_height"": 720}",indoor,without_fingers
REPLAY/Honor 8A by Samsung Galaxy J3/replay_0539.jpeg,"{""label"": ""receipt"", ""shape_type"": ""polygon"", ""points"": [[233.03, 260.77], [1214.36, 55.76], [1237.33, 596.99], [282.26, 642.92]], ""image_width"": 1280, ""image_height"": 720}",indoor,without_fingers
REPLAY/Honor 8A by Samsung Galaxy J3/replay_0540.jpeg,,indoor,without_fingers
REPLAY/Honor 8A by Samsung Galaxy J3/replay_0541.jpeg,"{""label"": ""receipt"", ""shape_type"": ""polygon"", ""points"": [[297.03, 160.73], [902.56, 121.37], [917.33, 567.47], [298.67, 662.6]], ""image_width"": 1280, ""image_height"": 720}",indoor,without_fingers
REPLAY/Honor 8A by Samsung Galaxy J3/replay_0542.jpeg,"{""label"": ""receipt"", ""shape_type"": ""polygon"", ""points"": [[170.67, 60.68], [1046.97, 129.57], [1002.67, 679.0], [165.74, 598.63]], ""image_width"": 1280, ""image_height"": 720}",outdoor,without_fingers
REPLAY/Honor 8A by Samsung Galaxy J3/replay_0543.jpeg,"{""label"": ""receipt"", ""shape_type"": ""polygon"", ""points"": [[195.99, 165.16], [672.55, 220.9], [575.59, 891.87], [160.92, 792.77]], ""image_width"": 720, ""image_height"": 1280}",outdoor,without_fingers
REPLAY/Honor 8A by Samsung Galaxy J3/replay_0544.jpeg,"{""label"": ""receipt"", ""shape_type"": ""polygon"", ""points"": [[282.64, 282.84], [682.87, 340.65], [585.9, 957.94], [239.31, 916.65]], ""image_width"": 720, ""image_height"": 1280}",outdoor,fingers
REPLAY/Honor 8A by Samsung Galaxy J3/replay_0545.jpeg,"{""label"": ""receipt"", ""shape_type"": ""polygon"", ""points"": [[282.26, 205.01], [961.64, 170.57], [925.54, 564.19], [256.0, 547.79]], ""image_width"": 1280, ""image_height"": 720}",indoor,without_fingers
REPLAY/Honor 8A by Samsung Galaxy J3/replay_0546.jpeg,"{""label"": ""receipt"", ""shape_type"": ""polygon"", ""points"": [[121.72, 258.06], [709.68, 342.71], [600.34, 912.52], [173.3, 871.23]], ""image_width"": 720, ""image_height"": 1280}",outdoor,fingers
REPLAY/Honor 8A by Samsung Galaxy J3/replay_0547.jpeg,"{""label"": ""receipt"", ""shape_type"": ""polygon"", ""points"": [[334.77, 129.57], [1110.97, 50.84], [1129.03, 693.76], [318.36, 608.47]], ""image_width"": 1280, ""image_height"": 720}",outdoor,fingers
REPLAY/Honor 8A by Samsung Galaxy J3/replay_0548.jpeg,"{""label"": ""receipt"", ""shape_type"": ""polygon"", ""points"": [[290.46, 95.13], [1140.51, 98.41], [1156.92, 638.0], [247.79, 600.27]], ""image_width"": 1280, ""image_height"": 720}",indoor,fingers
REPLAY/Honor 8A by Samsung Galaxy J3/replay_0549.jpeg,"{""label"": ""receipt"", ""shape_type"": ""polygon"", ""points"": [[475.9, 227.97], [1015.79, 219.77], [1017.44, 559.27], [441.44, 555.99]], ""image_width"": 1280, ""image_height"": 720}",outdoor,fingers
REPLAY/Honor 8A by Samsung Galaxy J3/replay_0550.jpeg,"{""label"": ""receipt"", ""shape_type"": ""polygon"", ""points"": [[457.85, 239.45], [981.33, 209.93], [978.05, 549.43], [443.08, 546.15]], ""image_width"": 1280, ""image_height"": 720}",outdoor,without_fingers
REPLAY/Honor 8A by Samsung Galaxy J3/replay_0551.jpeg,"{""label"": ""receipt"", ""shape_type"": ""polygon"", ""points"": [[489.03, 182.05], [1110.97, 185.33], [1096.21, 588.79], [426.67, 552.71]], ""image_width"": 1280, ""image_height"": 720}",indoor,fingers
REPLAY/Honor 8A by Samsung Galaxy J3/replay_0552.jpeg,"{""label"": ""receipt"", ""shape_type"": ""polygon"", ""points"": [[177.42, 253.94], [623.04, 280.77], [602.41, 978.58], [158.85, 941.42]], ""image_width"": 720, ""image_height"": 1280}",outdoor,fingers
REPLAY/Honor 8A by Samsung Galaxy J3/replay_0553.jpeg,"{""label"": ""receipt"", ""shape_type"": ""polygon"", ""points"": [[428.31, 183.69], [1138.87, 149.25], [1138.87, 631.44], [387.28, 585.51]], ""image_width"": 1280, ""image_height"": 720}",outdoor,fingers
REPLAY/Honor 8A by Samsung Galaxy J3/replay_0554.jpeg,"{""label"": ""receipt"", ""shape_type"": ""polygon"", ""points"": [[154.73, 392.26], [571.46, 375.74], [526.07, 1137.55], [103.15, 1152.0]], ""image_width"": 720, ""image_height"": 1280}",outdoor,fingers
REPLAY/Honor 8A by Samsung Galaxy J3/replay_0555.jpeg,"{""label"": ""receipt"", ""shape_type"": ""polygon"", ""points"": [[233.12, 270.45], [682.87, 367.48], [552.89, 990.97], [195.99, 976.52]], ""image_width"": 720, ""image_height"": 1280}",outdoor,without_fingers
REPLAY/Honor 8A by Samsung Galaxy J3/replay_0556.jpeg,"{""label"": ""receipt"", ""shape_type"": ""polygon"", ""points"": [[115.53, 266.32], [567.34, 247.74], [575.59, 896.0], [187.74, 887.74]], ""image_width"": 720, ""image_height"": 1280}",outdoor,fingers
REPLAY/Honor 8A by Samsung Galaxy J3/replay_0557.jpeg,"{""label"": ""receipt"", ""shape_type"": ""polygon"", ""points"": [[426.67, 186.97], [1005.95, 178.77], [1056.82, 613.39], [408.62, 605.19]], ""image_width"": 1280, ""image_height"": 720}",outdoor,fingers
REPLAY/Honor 8A by Samsung Galaxy J3/replay_0558.jpeg,"{""label"": ""receipt"", ""shape_type"": ""polygon"", ""points"": [[136.16, 134.19], [610.66, 156.9], [600.34, 904.26], [202.18, 951.74]], ""image_width"": 720, ""image_height"": 1280}",outdoor,without_fingers
REPLAY/Honor 8A by Samsung Galaxy J3/replay_0559.jpeg,"{""label"": ""receipt"", ""shape_type"": ""polygon"", ""points"": [[377.44, 208.29], [1091.28, 191.89], [1060.1, 664.24], [395.49, 595.35]], ""image_width"": 1280, ""image_height"": 720}",outdoor,fingers
REPLAY/Honor 8A by Samsung Galaxy J3/replay_0560.jpeg,"{""label"": ""receipt"", ""shape_type"": ""polygon"", ""points"": [[138.22, 412.9], [606.53, 445.94], [472.44, 1065.29], [49.51, 970.32]], ""image_width"": 720, ""image_height"": 1280}",outdoor,fingers
REPLAY/Honor 8A by Samsung Galaxy J3/replay_0561.jpeg,"{""label"": ""receipt"", ""shape_type"": ""polygon"", ""points"": [[318.36, 155.81], [1163.49, 116.45], [1155.28, 680.64], [326.56, 560.91]], ""image_width"": 1280, ""image_height"": 720}",outdoor,fingers
REPLAY/Honor 8A by Samsung Galaxy J3/replay_0562.jpeg,"{""label"": ""receipt"", ""shape_type"": ""polygon"", ""points"": [[96.96, 344.77], [505.44, 425.29], [474.5, 964.13], [113.47, 953.81]], ""image_width"": 720, ""image_height"": 1280}",outdoor,without_fingers
REPLAY/Honor 8A by Samsung Galaxy J3/replay_0563.jpeg,"{""label"": ""receipt"", ""shape_type"": ""polygon"", ""points"": [[202.18, 301.42], [587.97, 291.1], [559.08, 908.39], [200.11, 912.52]], ""image_width"": 720, ""image_height"": 1280}",outdoor,without_fingers
REPLAY/Honor 8A by Samsung Galaxy J3/replay_0564.jpeg,"{""label"": ""receipt"", ""shape_type"": ""polygon"", ""points"": [[175.36, 355.1], [610.66, 311.74], [608.6, 939.35], [200.11, 935.23]], ""image_width"": 720, ""image_height"": 1280}",outdoor,without_fingers
REPLAY/Honor 8A by Samsung Galaxy J3/replay_0565.jpeg,"{""label"": ""receipt"", ""shape_type"": ""polygon"", ""points"": [[200.11, 363.35], [577.65, 365.42], [592.09, 976.52], [189.8, 916.65]], ""image_width"": 720, ""image_height"": 1280}",outdoor,without_fingers
REPLAY/Honor 8A by Samsung Galaxy J3/replay_0566.jpeg,"{""label"": ""receipt"", ""shape_type"": ""polygon"", ""points"": [[212.49, 450.06], [519.89, 421.16], [548.77, 883.61], [222.81, 887.74]], ""image_width"": 720, ""image_height"": 1280}",outdoor,without_fingers
REPLAY/Honor 8A by Samsung Galaxy J3/replay_0567.jpeg,"{""label"": ""receipt"", ""shape_type"": ""polygon"", ""points"": [[187.74, 326.19], [536.39, 346.84], [509.57, 997.16], [144.41, 980.65]], ""image_width"": 720, ""image_height"": 1280}",outdoor,without_fingers
REPLAY/Honor 8A by Samsung Galaxy J3/replay_0568.jpeg,"{""label"": ""receipt"", ""shape_type"": ""polygon"", ""points"": [[423.38, 182.05], [1010.87, 205.01], [976.41, 557.63], [397.13, 490.39]], ""image_width"": 1280, ""image_height"": 720}",outdoor,without_fingers
REPLAY/Honor 8A by Samsung Galaxy J3/replay_0569.jpeg,"{""label"": ""receipt"", ""shape_type"": ""polygon"", ""points"": [[129.97, 365.42], [559.08, 369.55], [507.51, 1141.68], [80.46, 1131.35]], ""image_width"": 720, ""image_height"": 1280}",outdoor,without_fingers
REPLAY/Honor 8A by Samsung Galaxy J3/replay_0570.jpeg,"{""label"": ""receipt"", ""shape_type"": ""polygon"", ""points"": [[390.56, 300.14], [1050.26, 193.53], [1056.82, 592.07], [393.85, 593.71]], ""image_width"": 1280, ""image_height"": 720}",outdoor,without_fingers
REPLAY/Honor 8A by Samsung Galaxy J3/replay_0571.jpeg,"{""label"": ""receipt"", ""shape_type"": ""polygon"", ""points"": [[111.4, 315.87], [515.76, 295.23], [587.97, 1059.1], [142.35, 1052.9]], ""image_width"": 720, ""image_height"": 1280}",outdoor,without_fingers
REPLAY/Honor 8A by Samsung Galaxy J3/replay_0572.jpeg,"{""label"": ""receipt"", ""shape_type"": ""polygon"", ""points"": [[359.38, 123.01], [1181.54, 72.16], [1097.85, 700.32], [395.49, 660.96]], ""image_width"": 1280, ""image_height"": 720}",outdoor,fingers
REPLAY/Honor 8A by Samsung Galaxy J3/replay_0573.jpeg,"{""label"": ""receipt"", ""shape_type"": ""polygon"", ""points"": [[216.62, 425.29], [590.03, 377.81], [606.53, 926.97], [272.32, 947.61]], ""image_width"": 720, ""image_height"": 1280}",outdoor,without_fingers
REPLAY/Honor 8A by Samsung Galaxy J3/replay_0574.jpeg,"{""label"": ""receipt"", ""shape_type"": ""polygon"", ""points"": [[446.36, 236.17], [1022.36, 234.53], [1038.77, 605.19], [428.31, 590.43]], ""image_width"": 1280, ""image_height"": 720}",outdoor,without_fingers
REPLAY/Honor 8A by Samsung Galaxy J3/replay_0575.jpeg,"{""label"": ""receipt"", ""shape_type"": ""polygon"", ""points"": [[415.18, 196.81], [989.54, 214.85], [1025.64, 656.04], [387.28, 624.87]], ""image_width"": 1280, ""image_height"": 720}",outdoor,fingers
REPLAY/Honor 8A by Samsung Galaxy J3/replay_0576.jpeg,"{""label"": ""receipt"", ""shape_type"": ""polygon"", ""points"": [[464.41, 224.69], [1069.95, 214.85], [1033.85, 575.67], [495.59, 560.91]], ""image_width"": 1280, ""image_height"": 720}",outdoor,without_fingers
REPLAY/Honor 8A by Samsung Galaxy J3/replay_0577.jpeg,"{""label"": ""receipt"", ""shape_type"": ""polygon"", ""points"": [[457.85, 195.17], [1046.97, 218.13], [1045.33, 554.35], [420.1, 498.59]], ""image_width"": 1280, ""image_height"": 720}",outdoor,fingers
REPLAY/Honor 8A by Samsung Galaxy J3/replay_0578.jpeg,"{""label"": ""receipt"", ""shape_type"": ""polygon"", ""points"": [[346.26, 183.69], [1138.87, 221.41], [1168.41, 665.88], [318.36, 677.36]], ""image_width"": 1280, ""image_height"": 720}",outdoor,fingers
REPLAY/Honor 8A by Samsung Galaxy J3/replay_0579.jpeg,"{""label"": ""receipt"", ""shape_type"": ""polygon"", ""points"": [[347.9, 129.57], [1025.64, 185.33], [1068.31, 611.75], [265.85, 485.47]], ""image_width"": 1280, ""image_height"": 720}",outdoor,fingers
REPLAY/Honor 8A by Samsung Galaxy J3/replay_0580.jpeg,"{""label"": ""receipt"", ""shape_type"": ""polygon"", ""points"": [[390.56, 234.53], [1024.0, 139.41], [1027.28, 493.67], [413.54, 526.47]], ""image_width"": 1280, ""image_height"": 720}",outdoor,fingers
REPLAY/Honor 8A by Samsung Galaxy J3/replay_0581.jpeg,"{""label"": ""receipt"", ""shape_type"": ""polygon"", ""points"": [[129.97, 76.39], [670.49, 88.77], [623.04, 1026.06], [175.36, 1007.48]], ""image_width"": 720, ""image_height"": 1280}",outdoor,fingers
REPLAY/Honor 8A by Samsung Galaxy J3/replay_0582.jpeg,"{""label"": ""receipt"", ""shape_type"": ""polygon"", ""points"": [[134.1, 163.1], [625.1, 140.39], [629.23, 926.97], [150.6, 906.32]], ""image_width"": 720, ""image_height"": 1280}",outdoor,fingers
REPLAY/Honor 8A by Samsung Galaxy J3/replay_0583.jpeg,"{""label"": ""receipt"", ""shape_type"": ""polygon"", ""points"": [[341.33, 159.09], [892.72, 175.49], [956.72, 590.43], [344.62, 578.95]], ""image_width"": 1280, ""image_height"": 720}",outdoor,fingers
REPLAY/Honor 8A by Samsung Galaxy J3/replay_0584.jpeg,"{""label"": ""receipt"", ""shape_type"": ""polygon"", ""points"": [[379.08, 242.73], [1017.44, 249.29], [900.92, 613.39], [316.72, 575.67]], ""image_width"": 1280, ""image_height"": 720}",outdoor,fingers
REPLAY/Honor 8A by Samsung Galaxy J3/replay_0585.jpeg,"{""label"": ""receipt"", ""shape_type"": ""polygon"", ""points"": [[233.12, 388.13], [561.15, 363.35], [656.05, 1009.55], [323.9, 1040.52]], ""image_width"": 720, ""image_height"": 1280}",outdoor,without_fingers
REPLAY/Honor 8A by Samsung Galaxy J3/replay_0586.jpeg,"{""label"": ""receipt"", ""shape_type"": ""polygon"", ""points"": [[287.18, 98.41], [1178.26, 72.16], [1214.36, 647.84], [292.1, 564.19]], ""image_width"": 1280, ""image_height"": 720}",outdoor,fingers
REPLAY/Honor 8A by Samsung Galaxy J3/replay_0587.jpeg,"{""label"": ""receipt"", ""shape_type"": ""polygon"", ""points"": [[425.03, 98.41], [1058.46, 124.65], [941.95, 662.6], [365.95, 564.19]], ""image_width"": 1280, ""image_height"": 720}",outdoor,without_fingers
REPLAY/Honor 8A by Samsung Galaxy J3/replay_0588.jpeg,"{""label"": ""receipt"", ""shape_type"": ""polygon"", ""points"": [[385.64, 218.13], [1061.74, 190.25], [1084.72, 631.44], [402.05, 623.23]], ""image_width"": 1280, ""image_height"": 720}",outdoor,fingers
REPLAY/Honor 8A by Samsung Galaxy J3/replay_0589.jpeg,"{""label"": ""receipt"", ""shape_type"": ""polygon"", ""points"": [[165.04, 119.74], [641.6, 260.13], [573.52, 995.1], [183.61, 974.45]], ""image_width"": 720, ""image_height"": 1280}",outdoor,fingers
REPLAY/Honor 8A by Samsung Galaxy J3/replay_0590.jpeg,"{""label"": ""receipt"", ""shape_type"": ""polygon"", ""points"": [[107.28, 179.61], [672.55, 167.23], [618.91, 912.52], [66.02, 883.61]], ""image_width"": 720, ""image_height"": 1280}",outdoor,fingers
REPLAY/Honor 8A by Samsung Galaxy J3/replay_0591.jpeg,"{""label"": ""receipt"", ""shape_type"": ""polygon"", ""points"": [[195.99, 229.16], [610.66, 276.65], [676.68, 999.23], [247.56, 865.03]], ""image_width"": 720, ""image_height"": 1280}",indoor,fingers
REPLAY/Honor 8A by Samsung Galaxy J3/replay_0592.jpeg,"{""label"": ""receipt"", ""shape_type"": ""polygon"", ""points"": [[212.49, 315.87], [486.88, 322.06], [497.19, 765.94], [290.89, 745.29]], ""image_width"": 720, ""image_height"": 1280}",indoor,fingers
REPLAY/Honor 8A by Samsung Galaxy J3/replay_0593.jpeg,"{""label"": ""receipt"", ""shape_type"": ""polygon"", ""points"": [[111.4, 229.16], [647.79, 183.74], [664.3, 856.77], [210.43, 904.26]], ""image_width"": 720, ""image_height"": 1280}",indoor,fingers
REPLAY/Honor 8A by Samsung Galaxy J3/replay_0594.jpeg,"{""label"": ""receipt"", ""shape_type"": ""polygon"", ""points"": [[315.08, 150.89], [1148.72, 137.77], [1178.26, 642.92], [267.49, 646.2]], ""image_width"": 1280, ""image_height"": 720}",indoor,fingers
REPLAY/Honor 8A by Samsung Galaxy J3/replay_0595.jpeg,"{""label"": ""receipt"", ""shape_type"": ""polygon"", ""points"": [[403.69, 73.8], [1174.97, 139.41], [1188.1, 639.64], [377.44, 638.0]], ""image_width"": 1280, ""image_height"": 720}",outdoor,fingers
REPLAY/Honor 8A by Samsung Galaxy J3/replay_0596.jpeg,"{""label"": ""receipt"", ""shape_type"": ""polygon"", ""points"": [[106.67, 109.89], [918.97, 54.12], [961.64, 575.67], [114.87, 544.51]], ""image_width"": 1280, ""image_height"": 720}",indoor,without_fingers
REPLAY/Honor 8A by Samsung Galaxy J3/replay_0597.jpeg,"{""label"": ""receipt"", ""shape_type"": ""polygon"", ""points"": [[244.51, 305.06], [799.18, 331.3], [812.31, 665.88], [270.77, 710.16]], ""image_width"": 1280, ""image_height"": 720}",outdoor,without_fingers
REPLAY/Honor 8A by Samsung Galaxy J3/replay_0598.jpeg,"{""label"": ""receipt"", ""shape_type"": ""polygon"", ""points"": [[315.08, 180.41], [1068.31, 150.89], [1024.0, 554.35], [272.41, 564.19]], ""image_width"": 1280, ""image_height"": 720}",outdoor,fingers
REPLAY/Honor 8A by Samsung Galaxy J3/replay_0599.jpeg,"{""label"": ""receipt"", ""shape_type"": ""polygon"", ""points"": [[420.1, 155.81], [1007.59, 160.73], [933.74, 560.91], [382.36, 542.87]], ""image_width"": 1280, ""image_height"": 720}",outdoor,fingers
REPLAY/Honor 8A by Samsung Galaxy J3/replay_0600.jpeg,"{""label"": ""receipt"", ""shape_type"": ""polygon"", ""points"": [[365.95, 82.0], [1109.33, 86.92], [1142.15, 672.44], [303.59, 636.36]], ""image_width"": 1280, ""image_height"": 720}",outdoor,fingers
REPLAY/Honor 8A by Samsung Galaxy J3/replay_0601.jpeg,"{""label"": ""receipt"", ""shape_type"": ""polygon"", ""points"": [[382.36, 200.09], [1183.18, 157.45], [1168.41, 659.32], [308.51, 585.51]], ""image_width"": 1280, ""image_height"": 720}",outdoor,fingers
REPLAY/Honor 8A by Samsung Galaxy J3/replay_0602.jpeg,"{""label"": ""receipt"", ""shape_type"": ""polygon"", ""points"": [[449.64, 175.49], [1074.87, 149.25], [1030.56, 572.39], [411.9, 575.67]], ""image_width"": 1280, ""image_height"": 720}",outdoor,fingers
REPLAY/Honor 8A by Samsung Galaxy J3/replay_0603.jpeg,"{""label"": ""receipt"", ""shape_type"": ""polygon"", ""points"": [[351.18, 137.77], [1046.97, 160.73], [1040.41, 523.19], [379.08, 513.35]], ""image_width"": 1280, ""image_height"": 720}",outdoor,fingers
REPLAY/Honor 8A by Samsung Galaxy J3/replay_0604.jpeg,"{""label"": ""receipt"", ""shape_type"": ""polygon"", ""points"": [[154.73, 198.19], [623.04, 212.65], [577.65, 980.65], [134.1, 933.16]], ""image_width"": 720, ""image_height"": 1280}",outdoor,fingers
REPLAY/Honor 8A by Samsung Galaxy J3/replay_0605.jpeg,"{""label"": ""receipt"", ""shape_type"": ""polygon"", ""points"": [[438.15, 177.13], [1056.82, 131.21], [1053.54, 600.27], [472.62, 570.75]], ""image_width"": 1280, ""image_height"": 720}",outdoor,fingers
REPLAY/Honor 8A by Samsung Galaxy J3/replay_0606.jpeg,"{""label"": ""receipt"", ""shape_type"": ""polygon"", ""points"": [[70.14, 204.39], [620.97, 192.0], [587.97, 908.39], [103.15, 972.39]], ""image_width"": 720, ""image_height"": 1280}",outdoor,fingers
REPLAY/Honor 8A by Samsung Galaxy J3/replay_0607.jpeg,"{""label"": ""receipt"", ""shape_type"": ""polygon"", ""points"": [[117.59, 220.9], [587.97, 148.65], [645.73, 974.45], [169.17, 1052.9]], ""image_width"": 720, ""image_height"": 1280}",outdoor,fingers
REPLAY/Honor 8A by Samsung Galaxy J3/replay_0608.jpeg,"{""label"": ""receipt"", ""shape_type"": ""polygon"", ""points"": [[357.74, 198.45], [1074.87, 162.37], [1081.44, 577.31], [408.62, 582.23]], ""image_width"": 1280, ""image_height"": 720}",outdoor,fingers
REPLAY/Honor 8A by Samsung Galaxy J3/replay_0609.jpeg,"{""label"": ""receipt"", ""shape_type"": ""polygon"", ""points"": [[107.28, 119.74], [647.79, 90.84], [629.23, 871.23], [61.89, 827.87]], ""image_width"": 720, ""image_height"": 1280}",indoor,fingers
REPLAY/Honor 8A by Samsung Galaxy J3/replay_0610.jpeg,"{""label"": ""receipt"", ""shape_type"": ""polygon"", ""points"": [[119.66, 196.13], [666.36, 229.16], [680.8, 912.52], [191.86, 922.84]], ""image_width"": 720, ""image_height"": 1280}",outdoor,fingers
REPLAY/Honor 8A by Samsung Galaxy J3/replay_0611.jpeg,"{""label"": ""receipt"", ""shape_type"": ""polygon"", ""points"": [[367.22, 509.94], [524.01, 520.26], [517.82, 790.71], [354.84, 805.16]], ""image_width"": 720, ""image_height"": 1280}",outdoor,without_fingers
REPLAY/Honor 8A by Samsung Galaxy J3/replay_0612.jpeg,"{""label"": ""receipt"", ""shape_type"": ""polygon"", ""points"": [[251.69, 478.97], [585.9, 460.39], [530.2, 873.29], [249.63, 827.87]], ""image_width"": 720, ""image_height"": 1280}",indoor,fingers
REPLAY/Honor 8A by Samsung Galaxy J3/replay_0613.jpeg,"{""label"": ""receipt"", ""shape_type"": ""polygon"", ""points"": [[226.93, 423.23], [519.89, 340.65], [635.42, 957.94], [307.39, 1019.87]], ""image_width"": 720, ""image_height"": 1280}",indoor,fingers
REPLAY/Honor 8A by Samsung Galaxy J3/replay_0614.jpeg,"{""label"": ""receipt"", ""shape_type"": ""polygon"", ""points"": [[204.24, 334.45], [598.28, 377.81], [542.58, 982.71], [125.85, 945.55]], ""image_width"": 720, ""image_height"": 1280}",indoor,fingers
REPLAY/Honor 8A by Samsung Galaxy J3/replay_0615.jpeg,"{""label"": ""receipt"", ""shape_type"": ""polygon"", ""points"": [[208.37, 222.97], [497.19, 204.39], [478.62, 962.06], [160.92, 904.26]], ""image_width"": 720, ""image_height"": 1280}",indoor,fingers
REPLAY/Honor 8A by Samsung Galaxy J3/replay_0616.jpeg,"{""label"": ""receipt"", ""shape_type"": ""polygon"", ""points"": [[253.75, 247.74], [530.2, 262.19], [505.44, 941.42], [299.14, 951.74]], ""image_width"": 720, ""image_height"": 1280}",indoor,fingers
REPLAY/Honor 8A by Samsung Galaxy J3/replay_0617.jpeg,"{""label"": ""receipt"", ""shape_type"": ""polygon"", ""points"": [[175.36, 233.29], [623.04, 266.32], [674.61, 904.26], [177.42, 881.55]], ""image_width"": 720, ""image_height"": 1280}",indoor,fingers
REPLAY/Honor 8A by Samsung Galaxy J3/replay_0618.jpeg,"{""label"": ""receipt"", ""shape_type"": ""polygon"", ""points"": [[222.81, 245.68], [530.2, 258.06], [532.26, 939.35], [220.74, 914.58]], ""image_width"": 720, ""image_height"": 1280}",indoor,fingers
REPLAY/Honor 8A by Samsung Galaxy J3/replay_0619.jpeg,"{""label"": ""receipt"", ""shape_type"": ""polygon"", ""points"": [[338.34, 105.29], [616.85, 101.16], [604.47, 941.42], [303.27, 889.81]], ""image_width"": 720, ""image_height"": 1280}",indoor,fingers
REPLAY/Honor 8A by Samsung Galaxy J3/replay_0620.jpeg,"{""label"": ""receipt"", ""shape_type"": ""polygon"", ""points"": [[35.07, 437.68], [623.04, 392.26], [633.35, 687.48], [78.4, 755.61]], ""image_width"": 720, ""image_height"": 1280}",indoor,fingers
REPLAY/Honor 8A by Samsung Galaxy J3/replay_0621.jpeg,"{""label"": ""receipt"", ""shape_type"": ""polygon"", ""points"": [[241.38, 247.74], [594.15, 241.55], [526.07, 943.48], [208.37, 834.06]], ""image_width"": 720, ""image_height"": 1280}",indoor,fingers
REPLAY/Honor 8A by Samsung Galaxy J3/replay_0622.jpeg,"{""label"": ""receipt"", ""shape_type"": ""polygon"", ""points"": [[156.79, 272.52], [571.46, 289.03], [526.07, 935.23], [125.85, 877.42]], ""image_width"": 720, ""image_height"": 1280}",indoor,fingers
REPLAY/Honor 8A by Samsung Galaxy J3/replay_0623.jpeg,"{""label"": ""receipt"", ""shape_type"": ""polygon"", ""points"": [[245.5, 245.68], [575.59, 225.03], [649.86, 858.84], [295.01, 867.1]], ""image_width"": 720, ""image_height"": 1280}",indoor,fingers
REPLAY/Honor 8A by Samsung Galaxy J3/replay_0624.jpeg,"{""label"": ""receipt"", ""shape_type"": ""polygon"", ""points"": [[113.47, 260.13], [598.28, 280.77], [590.03, 955.87], [88.71, 993.03]], ""image_width"": 720, ""image_height"": 1280}",indoor,fingers
REPLAY/Honor 8A by Samsung Galaxy J3/replay_0625.jpeg,"{""label"": ""receipt"", ""shape_type"": ""polygon"", ""points"": [[284.7, 247.74], [569.4, 241.55], [594.15, 937.29], [229.0, 891.87]], ""image_width"": 720, ""image_height"": 1280}",indoor,fingers
REPLAY/Honor 8A by Samsung Galaxy J3/replay_0626.jpeg,"{""label"": ""receipt"", ""shape_type"": ""polygon"", ""points"": [[280.57, 249.81], [565.27, 231.23], [598.28, 924.9], [229.0, 904.26]], ""image_width"": 720, ""image_height"": 1280}",indoor,fingers
REPLAY/Huawei P30 Lite by Honor 8A/replay_0627.jpeg,"{""label"": ""receipt"", ""shape_type"": ""polygon"", ""points"": [[311.74, 247.74], [689.55, 239.48], [668.9, 1024.0], [278.71, 1005.42]], ""image_width"": 960, ""image_height"": 1280}",indoor,fingers
REPLAY/Huawei P30 Lite by Honor 8A/replay_0628.jpeg,"{""label"": ""receipt"", ""shape_type"": ""polygon"", ""points"": [[274.58, 198.19], [712.26, 235.35], [757.68, 1102.45], [326.19, 1118.97]], ""image_width"": 960, ""image_height"": 1280}",indoor,fingers
REPLAY/Huawei P30 Lite by Honor 8A/replay_0629.jpeg,"{""label"": ""receipt"", ""shape_type"": ""polygon"", ""points"": [[185.81, 289.03], [538.84, 322.06], [617.29, 1050.84], [245.68, 1061.16]], ""image_width"": 960, ""image_height"": 1280}",indoor,without_fingers
REPLAY/Huawei P30 Lite by Honor 8A/replay_0630.jpeg,"{""label"": ""receipt"", ""shape_type"": ""polygon"", ""points"": [[181.68, 249.81], [524.39, 251.87], [751.48, 995.1], [270.45, 1059.1]], ""image_width"": 960, ""image_height"": 1280}",indoor,fingers
REPLAY/Huawei P30 Lite by Honor 8A/replay_0631.jpeg,"{""label"": ""receipt"", ""shape_type"": ""polygon"", ""points"": [[92.9, 206.45], [697.81, 144.52], [718.45, 1048.77], [280.77, 1108.65]], ""image_width"": 960, ""image_height"": 1280}",indoor,without_fingers
REPLAY/Huawei P30 Lite by Honor 8A/replay_0632.jpeg,"{""label"": ""receipt"", ""shape_type"": ""polygon"", ""points"": [[158.97, 282.84], [716.39, 305.55], [625.55, 974.45], [175.48, 1028.13]], ""image_width"": 960, ""image_height"": 1280}",indoor,without_fingers
REPLAY/Huawei P30 Lite by Honor 8A/replay_0633.jpeg,"{""label"": ""receipt"", ""shape_type"": ""polygon"", ""points"": [[233.29, 249.81], [757.68, 216.77], [745.29, 964.13], [280.77, 955.87]], ""image_width"": 960, ""image_height"": 1280}",indoor,without_fingers
REPLAY/Huawei P30 Lite by Honor 8A/replay_0634.jpeg,"{""label"": ""receipt"", ""shape_type"": ""polygon"", ""points"": [[284.9, 394.32], [670.97, 390.19], [635.87, 964.13], [253.94, 945.55]], ""image_width"": 960, ""image_height"": 1280}",indoor,fingers
REPLAY/Huawei P30 Lite by Honor 8A/replay_0635.jpeg,"{""label"": ""receipt"", ""shape_type"": ""polygon"", ""points"": [[202.32, 262.19], [631.74, 194.06], [759.74, 916.65], [206.45, 968.26]], ""image_width"": 960, ""image_height"": 1280}",indoor,without_fingers
REPLAY/Huawei P30 Lite by Honor 8A/replay_0636.jpeg,"{""label"": ""receipt"", ""shape_type"": ""polygon"", ""points"": [[165.16, 487.23], [619.35, 406.71], [534.71, 966.19], [138.32, 931.1]], ""image_width"": 960, ""image_height"": 1280}",indoor,fingers
REPLAY/Huawei P30 Lite by Honor 8A/replay_0637.jpeg,"{""label"": ""receipt"", ""shape_type"": ""polygon"", ""points"": [[86.71, 202.32], [699.87, 138.32], [737.03, 1081.81], [235.35, 1127.23]], ""image_width"": 960, ""image_height"": 1280}",indoor,fingers
REPLAY/Huawei P30 Lite by Honor 8A/replay_0638.jpeg,"{""label"": ""receipt"", ""shape_type"": ""polygon"", ""points"": [[268.39, 307.61], [722.58, 165.16], [670.97, 962.06], [260.13, 960.0]], ""image_width"": 960, ""image_height"": 1280}",indoor,fingers
REPLAY/Huawei P30 Lite by Honor 8A/replay_0639.jpeg,"{""label"": ""receipt"", ""shape_type"": ""polygon"", ""points"": [[136.26, 338.58], [836.13, 214.71], [770.06, 1123.1], [117.68, 1044.65]], ""image_width"": 960, ""image_height"": 1280}",indoor,without_fingers
REPLAY/Huawei P30 Lite by Honor 8A/replay_0640.jpeg,"{""label"": ""receipt"", ""shape_type"": ""polygon"", ""points"": [[192.0, 394.32], [755.61, 179.61], [658.58, 1005.42], [134.19, 939.35]], ""image_width"": 960, ""image_height"": 1280}",,
REPLAY/Huawei P30 Lite by Honor 8A/replay_0641.jpeg,"{""label"": ""receipt"", ""shape_type"": ""polygon"", ""points"": [[357.16, 225.03], [811.35, 125.94], [693.68, 995.1], [320.0, 933.16]], ""image_width"": 960, ""image_height"": 1280}",indoor,fingers
REPLAY/Huawei P30 Lite by Honor 8A/replay_0642.jpeg,"{""label"": ""receipt"", ""shape_type"": ""polygon"", ""points"": [[297.29, 251.87], [751.48, 111.48], [720.52, 1030.19], [268.39, 1030.19]], ""image_width"": 960, ""image_height"": 1280}",indoor,fingers
REPLAY/Huawei P30 Lite by Honor 8A/replay_0643.jpeg,"{""label"": ""receipt"", ""shape_type"": ""polygon"", ""points"": [[272.41, 311.79], [1028.92, 344.62], [1229.13, 723.69], [128.0, 720.41]], ""image_width"": 1280, ""image_height"": 960}",indoor,fingers
REPLAY/Huawei P30 Lite by Honor 8A/replay_0644.jpeg,"{""label"": ""receipt"", ""shape_type"": ""polygon"", ""points"": [[361.29, 260.13], [829.94, 138.32], [718.45, 1017.81], [336.52, 947.61]], ""image_width"": 960, ""image_height"": 1280}",indoor,fingers
REPLAY/Huawei P30 Lite by Honor 8A/replay_0645.jpeg,"{""label"": ""receipt"", ""shape_type"": ""polygon"", ""points"": [[251.87, 435.61], [714.32, 249.81], [712.26, 1030.19], [274.58, 1009.55]], ""image_width"": 960, ""image_height"": 1280}",indoor,fingers
REPLAY/Huawei P30 Lite by Honor 8A/replay_0646.jpeg,"{""label"": ""receipt"", ""shape_type"": ""polygon"", ""points"": [[140.39, 472.77], [722.58, 433.55], [867.1, 827.87], [175.48, 875.35]], ""image_width"": 960, ""image_height"": 1280}",indoor,fingers
REPLAY/Huawei P30 Lite by Honor 8A/replay_0647.jpeg,"{""label"": ""receipt"", ""shape_type"": ""polygon"", ""points"": [[320.0, 311.74], [706.06, 16.52], [569.81, 1030.19], [260.13, 1024.0]], ""image_width"": 960, ""image_height"": 1280}",indoor,fingers
REPLAY/Huawei P30 Lite by Honor 8A/replay_0648.jpeg,"{""label"": ""receipt"", ""shape_type"": ""polygon"", ""points"": [[258.06, 470.71], [708.13, 311.74], [883.61, 1100.39], [229.16, 1090.06]], ""image_width"": 960, ""image_height"": 1280}",indoor,fingers
REPLAY/Huawei P30 Lite by Honor 8A/replay_0649.jpeg,"{""label"": ""receipt"", ""shape_type"": ""polygon"", ""points"": [[454.19, 472.77], [790.71, 390.19], [675.1, 1046.71], [386.06, 1007.48]], ""image_width"": 960, ""image_height"": 1280}",indoor,without_fingers
REPLAY/Huawei P30 Lite by Honor 8A/replay_0650.jpeg,"{""label"": ""receipt"", ""shape_type"": ""polygon"", ""points"": [[210.58, 524.39], [720.52, 336.52], [910.45, 1187.1], [198.19, 1189.16]], ""image_width"": 960, ""image_height"": 1280}",indoor,fingers
REPLAY/Huawei P30 Lite by Honor 8A/replay_0651.jpeg,"{""label"": ""receipt"", ""shape_type"": ""polygon"", ""points"": [[208.52, 371.61], [580.13, 286.97], [765.94, 1026.06], [363.35, 1189.16]], ""image_width"": 960, ""image_height"": 1280}",indoor,fingers
REPLAY/Huawei P30 Lite by Honor 8A/replay_0652.jpeg,"{""label"": ""receipt"", ""shape_type"": ""polygon"", ""points"": [[272.52, 522.32], [551.23, 326.19], [567.74, 784.52], [286.97, 803.1]], ""image_width"": 960, ""image_height"": 1280}",indoor,fingers
REPLAY/Huawei P30 Lite by Honor 8A/replay_0653.jpeg,"{""label"": ""receipt"", ""shape_type"": ""polygon"", ""points"": [[291.1, 563.61], [813.42, 206.45], [796.9, 1081.81], [266.32, 1050.84]], ""image_width"": 960, ""image_height"": 1280}",indoor,without_fingers
REPLAY/Huawei P30 Lite by Honor 8A/replay_0654.jpeg,"{""label"": ""receipt"", ""shape_type"": ""polygon"", ""points"": [[350.97, 214.71], [724.65, 68.13], [530.58, 1108.65], [169.29, 1046.71]], ""image_width"": 960, ""image_height"": 1280}",indoor,fingers
REPLAY/Huawei P30 Lite by Honor 8A/replay_0655.jpeg,"{""label"": ""receipt"", ""shape_type"": ""polygon"", ""points"": [[291.1, 460.39], [615.23, 328.26], [776.26, 918.71], [268.39, 955.87]], ""image_width"": 960, ""image_height"": 1280}",indoor,fingers
REPLAY/Huawei P30 Lite by Honor 8A/replay_0656.jpeg,"{""label"": ""receipt"", ""shape_type"": ""polygon"", ""points"": [[231.23, 483.1], [697.81, 295.23], [565.68, 1048.77], [220.9, 1015.74]], ""image_width"": 960, ""image_height"": 1280}",indoor,without_fingers
REPLAY/Huawei P30 Lite by Honor 8A/replay_0657.jpeg,"{""label"": ""receipt"", ""shape_type"": ""polygon"", ""points"": [[334.45, 280.77], [648.26, 291.1], [642.06, 910.45], [293.16, 898.06]], ""image_width"": 960, ""image_height"": 1280}",indoor,fingers
REPLAY/Huawei P30 Lite by Honor 8A/replay_0658.jpeg,"{""label"": ""receipt"", ""shape_type"": ""polygon"", ""points"": [[76.39, 417.03], [569.81, 169.29], [883.61, 887.74], [235.35, 1116.9]], ""image_width"": 960, ""image_height"": 1280}",indoor,fingers
REPLAY/Huawei P30 Lite by Honor 8A/replay_0659.jpeg,"{""label"": ""receipt"", ""shape_type"": ""polygon"", ""points"": [[125.94, 532.65], [722.58, 262.19], [582.19, 970.32], [158.97, 957.94]], ""image_width"": 960, ""image_height"": 1280}",indoor,fingers
REPLAY/Huawei P30 Lite by Honor 8A/replay_0660.jpeg,"{""label"": ""receipt"", ""shape_type"": ""polygon"", ""points"": [[165.16, 270.45], [768.0, 235.35], [718.45, 1061.16], [134.19, 1036.39]], ""image_width"": 960, ""image_height"": 1280}",indoor,fingers
REPLAY/Huawei P30 Lite by Honor 8A/replay_0661.jpeg,"{""label"": ""receipt"", ""shape_type"": ""polygon"", ""points"": [[187.87, 249.81], [658.58, 245.68], [792.77, 1073.55], [163.1, 1042.58]], ""image_width"": 960, ""image_height"": 1280}",indoor,fingers
REPLAY/Huawei P30 Lite by Honor 8A/replay_0662.jpeg,"{""label"": ""receipt"", ""shape_type"": ""polygon"", ""points"": [[194.06, 359.23], [772.13, 194.06], [755.61, 1129.29], [245.68, 1114.84]], ""image_width"": 960, ""image_height"": 1280}",indoor,fingers
REPLAY/Huawei P30 Lite by Honor 8A/replay_0663.jpeg,"{""label"": ""receipt"", ""shape_type"": ""polygon"", ""points"": [[235.35, 452.13], [708.13, 286.97], [718.45, 962.06], [262.19, 980.65]], ""image_width"": 960, ""image_height"": 1280}",indoor,fingers
REPLAY/Huawei P30 Lite by Honor 8A/replay_0664.jpeg,"{""label"": ""receipt"", ""shape_type"": ""polygon"", ""points"": [[125.94, 369.55], [712.26, 286.97], [765.94, 966.19], [187.87, 1024.0]], ""image_width"": 960, ""image_height"": 1280}",indoor,fingers
REPLAY/Huawei P30 Lite by Honor 8A/replay_0665.jpeg,"{""label"": ""receipt"", ""shape_type"": ""polygon"", ""points"": [[297.29, 268.39], [724.65, 270.45], [774.19, 999.23], [272.52, 997.16]], ""image_width"": 960, ""image_height"": 1280}",indoor,without_fingers
REPLAY/Huawei P30 Lite by Honor 8A/replay_0666.jpeg,"{""label"": ""receipt"", ""shape_type"": ""polygon"", ""points"": [[214.71, 227.1], [842.32, 152.77], [637.94, 1112.77], [142.45, 1026.06]], ""image_width"": 960, ""image_height"": 1280}",indoor,without_fingers
REPLAY/Huawei P30 Lite by Honor 8A/replay_0667.jpeg,"{""label"": ""receipt"", ""shape_type"": ""polygon"", ""points"": [[260.13, 260.13], [805.16, 249.81], [768.0, 1067.35], [268.39, 1063.23]], ""image_width"": 960, ""image_height"": 1280}",,fingers
REPLAY/Huawei P30 Lite by Honor 8A/replay_0668.jpeg,"{""label"": ""receipt"", ""shape_type"": ""polygon"", ""points"": [[361.29, 336.52], [790.71, 437.68], [708.13, 1001.29], [305.55, 949.68]], ""image_width"": 960, ""image_height"": 1280}",indoor,without_fingers
REPLAY/Huawei P30 Lite by Honor 8A/replay_0669.jpeg,"{""label"": ""receipt"", ""shape_type"": ""polygon"", ""points"": [[192.0, 249.81], [749.42, 156.9], [817.55, 1079.74], [264.26, 1083.87]], ""image_width"": 960, ""image_height"": 1280}",indoor,fingers
REPLAY/Huawei P30 Lite by Honor 8A/replay_0670.jpeg,"{""label"": ""receipt"", ""shape_type"": ""polygon"", ""points"": [[216.77, 237.42], [772.13, 365.42], [633.81, 984.77], [260.13, 945.55]], ""image_width"": 960, ""image_height"": 1280}",indoor,fingers
REPLAY/Huawei P30 Lite by Honor 8A/replay_0671.jpeg,"{""label"": ""receipt"", ""shape_type"": ""polygon"", ""points"": [[202.32, 414.97], [596.65, 357.16], [662.71, 962.06], [264.26, 1028.13]], ""image_width"": 960, ""image_height"": 1280}",indoor,without_fingers
REPLAY/Huawei P30 Lite by Honor 8A/replay_0672.jpeg,"{""label"": ""receipt"", ""shape_type"": ""polygon"", ""points"": [[237.42, 227.1], [619.35, 264.26], [588.39, 898.06], [270.45, 834.06]], ""image_width"": 960, ""image_height"": 1280}",indoor,fingers
REPLAY/Huawei P30 Lite by Honor 8A/replay_0673.jpeg,"{""label"": ""receipt"", ""shape_type"": ""polygon"", ""points"": [[185.81, 206.45], [710.19, 293.16], [737.03, 1176.77], [218.84, 1106.58]], ""image_width"": 960, ""image_height"": 1280}",indoor,fingers
REPLAY/Huawei P30 Lite by Honor 8A/replay_0674.jpeg,"{""label"": ""receipt"", ""shape_type"": ""polygon"", ""points"": [[313.81, 282.84], [753.55, 249.81], [741.16, 1015.74], [332.39, 957.94]], ""image_width"": 960, ""image_height"": 1280}",indoor,fingers
REPLAY/Huawei P30 Lite by Honor 8A/replay_0675.jpeg,"{""label"": ""receipt"", ""shape_type"": ""polygon"", ""points"": [[245.68, 317.94], [745.29, 82.58], [576.0, 1094.19], [156.9, 1009.55]], ""image_width"": 960, ""image_height"": 1280}",indoor,without_fingers
REPLAY/Huawei P30 Lite by Honor 8A/replay_0676.jpeg,"{""label"": ""receipt"", ""shape_type"": ""polygon"", ""points"": [[359.23, 115.61], [749.42, 227.1], [846.45, 900.13], [315.87, 842.32]], ""image_width"": 960, ""image_height"": 1280}",indoor,without_fingers
REPLAY/Huawei P30 Lite by Honor 8A/replay_0677.jpeg,"{""label"": ""receipt"", ""shape_type"": ""polygon"", ""points"": [[299.35, 367.48], [633.81, 189.94], [664.77, 838.19], [237.42, 796.9]], ""image_width"": 960, ""image_height"": 1280}",indoor,fingers
REPLAY/Huawei P30 Lite by Honor 8A/replay_0678.jpeg,"{""label"": ""receipt"", ""shape_type"": ""polygon"", ""points"": [[225.03, 245.68], [650.32, 247.74], [677.16, 1017.81], [262.19, 1085.94]], ""image_width"": 960, ""image_height"": 1280}",indoor,fingers
REPLAY/Huawei P30 Lite by Honor 8A/replay_0679.jpeg,"{""label"": ""receipt"", ""shape_type"": ""polygon"", ""points"": [[330.32, 429.42], [770.06, 392.26], [755.61, 1114.84], [278.71, 1067.35]], ""image_width"": 960, ""image_height"": 1280}",indoor,fingers
REPLAY/Huawei P30 Lite by Honor 8A/replay_0680.jpeg,"{""label"": ""receipt"", ""shape_type"": ""polygon"", ""points"": [[334.45, 245.68], [743.23, 282.84], [829.94, 1015.74], [278.71, 945.55]], ""image_width"": 960, ""image_height"": 1280}",indoor,without_fingers
REPLAY/Huawei P30 Lite by Honor 8A/replay_0681.jpeg,"{""label"": ""receipt"", ""shape_type"": ""polygon"", ""points"": [[202.32, 177.55], [813.42, 144.52], [699.87, 1125.16], [80.52, 1054.97]], ""image_width"": 960, ""image_height"": 1280}",indoor,fingers
REPLAY/Huawei P30 Lite by Honor 8A/replay_0682.jpeg,"{""label"": ""receipt"", ""shape_type"": ""polygon"", ""points"": [[286.97, 569.81], [741.16, 569.81], [805.16, 1005.42], [136.26, 1067.35]], ""image_width"": 960, ""image_height"": 1280}",indoor,fingers
REPLAY/Huawei P30 Lite by Honor 8A/replay_0683.jpeg,"{""label"": ""receipt"", ""shape_type"": ""polygon"", ""points"": [[138.32, 130.06], [718.45, 103.23], [679.23, 1048.77], [140.39, 1110.71]], ""image_width"": 960, ""image_height"": 1280}",indoor,fingers
REPLAY/Huawei P30 Lite by Honor 8A/replay_0684.jpeg,"{""label"": ""receipt"", ""shape_type"": ""polygon"", ""points"": [[220.9, 140.39], [813.42, 344.77], [714.32, 1046.71], [132.13, 926.97]], ""image_width"": 960, ""image_height"": 1280}",indoor,fingers
REPLAY/Huawei P30 Lite by Honor 8A/replay_0685.jpeg,"{""label"": ""receipt"", ""shape_type"": ""polygon"", ""points"": [[194.06, 266.32], [749.42, 57.81], [660.65, 1118.97], [138.32, 1098.32]], ""image_width"": 960, ""image_height"": 1280}",indoor,fingers
REPLAY/Huawei P30 Lite by Honor 8A/replay_0686.jpeg,"{""label"": ""receipt"", ""shape_type"": ""polygon"", ""points"": [[115.61, 293.16], [505.81, 270.45], [573.94, 1141.68], [165.16, 1185.03]], ""image_width"": 960, ""image_height"": 1280}",indoor,fingers
REPLAY/Huawei P30 Lite by Honor 8A/replay_0687.jpeg,"{""label"": ""receipt"", ""shape_type"": ""polygon"", ""points"": [[235.35, 99.1], [790.71, 189.94], [732.9, 1176.77], [218.84, 1096.26]], ""image_width"": 960, ""image_height"": 1280}",indoor,fingers
REPLAY/Huawei P30 Lite by Honor 8A/replay_0688.jpeg,"{""label"": ""receipt"", ""shape_type"": ""polygon"", ""points"": [[158.97, 229.16], [555.35, 55.74], [749.42, 1015.74], [280.77, 1083.87]], ""image_width"": 960, ""image_height"": 1280}",indoor,fingers
REPLAY/Huawei P30 Lite by Honor 8A/replay_0689.jpeg,"{""label"": ""receipt"", ""shape_type"": ""polygon"", ""points"": [[289.03, 408.77], [681.29, 332.39], [606.97, 1152.0], [167.23, 1057.03]], ""image_width"": 960, ""image_height"": 1280}",indoor,fingers
REPLAY/Huawei P30 Lite by Honor 8A/replay_0690.jpeg,"{""label"": ""receipt"", ""shape_type"": ""polygon"", ""points"": [[183.74, 194.06], [609.03, 192.0], [625.55, 1121.03], [220.9, 1090.06]], ""image_width"": 960, ""image_height"": 1280}",indoor,fingers
REPLAY/Huawei P30 Lite by Honor 8A/replay_0691.jpeg,"{""label"": ""receipt"", ""shape_type"": ""polygon"", ""points"": [[336.52, 206.45], [805.16, 200.26], [741.16, 1032.26], [338.58, 1005.42]], ""image_width"": 960, ""image_height"": 1280}",indoor,without_fingers
REPLAY/Huawei P30 Lite by Honor 8A/replay_0692.jpeg,"{""label"": ""receipt"", ""shape_type"": ""polygon"", ""points"": [[249.81, 171.35], [602.84, 167.23], [629.68, 960.0], [274.58, 943.48]], ""image_width"": 960, ""image_height"": 1280}",indoor,fingers
REPLAY/Huawei P30 Lite by Honor 8A/replay_0693.jpeg,"{""label"": ""receipt"", ""shape_type"": ""polygon"", ""points"": [[408.77, 350.97], [765.94, 344.77], [716.39, 988.9], [406.71, 960.0]], ""image_width"": 960, ""image_height"": 1280}",indoor,fingers
REPLAY/Huawei P30 Lite by Honor 8A/replay_0694.jpeg,"{""label"": ""receipt"", ""shape_type"": ""polygon"", ""points"": [[156.9, 282.84], [813.42, 266.32], [782.45, 1042.58], [183.74, 1036.39]], ""image_width"": 960, ""image_height"": 1280}",indoor,fingers
REPLAY/Huawei P30 Lite by Honor 8A/replay_0695.jpeg,"{""label"": ""receipt"", ""shape_type"": ""polygon"", ""points"": [[202.32, 185.81], [660.65, 152.77], [637.94, 1052.9], [274.58, 1048.77]], ""image_width"": 960, ""image_height"": 1280}",indoor,fingers
REPLAY/Huawei P30 Lite by Honor 8A/replay_0696.jpeg,"{""label"": ""receipt"", ""shape_type"": ""polygon"", ""points"": [[266.32, 156.9], [625.55, 163.1], [594.58, 960.0], [266.32, 943.48]], ""image_width"": 960, ""image_height"": 1280}",indoor,fingers
REPLAY/Huawei P30 Lite by Honor 8A/replay_0697.jpeg,"{""label"": ""receipt"", ""shape_type"": ""polygon"", ""points"": [[220.9, 326.19], [842.32, 342.71], [790.71, 1083.87], [280.77, 1077.68]], ""image_width"": 960, ""image_height"": 1280}",indoor,fingers
REPLAY/Huawei P30 Lite by Honor 8A/replay_0698.jpeg,"{""label"": ""receipt"", ""shape_type"": ""polygon"", ""points"": [[156.9, 204.39], [701.94, 229.16], [675.1, 933.16], [206.45, 922.84]], ""image_width"": 960, ""image_height"": 1280}",indoor,fingers
REPLAY/Huawei P30 Lite by Honor 8A/replay_0699.jpeg,"{""label"": ""receipt"", ""shape_type"": ""polygon"", ""points"": [[192.0, 439.74], [706.06, 258.06], [691.61, 1038.45], [262.19, 1059.1]], ""image_width"": 960, ""image_height"": 1280}",indoor,fingers
REPLAY/Huawei P30 Lite by Honor 8A/replay_0700.jpeg,"{""label"": ""receipt"", ""shape_type"": ""polygon"", ""points"": [[307.61, 305.55], [745.29, 313.81], [724.65, 906.32], [328.26, 877.42]], ""image_width"": 960, ""image_height"": 1280}",indoor,fingers
REPLAY/Huawei P30 Lite by Honor 8A/replay_0701.jpeg,"{""label"": ""receipt"", ""shape_type"": ""polygon"", ""points"": [[260.13, 313.81], [885.68, 189.94], [761.81, 1149.94], [231.23, 1106.58]], ""image_width"": 960, ""image_height"": 1280}",indoor,fingers
REPLAY/Huawei P30 Lite by Honor 8A/replay_0702.jpeg,"{""label"": ""receipt"", ""shape_type"": ""polygon"", ""points"": [[206.45, 307.61], [782.45, 181.68], [712.26, 1083.87], [202.32, 1059.1]], ""image_width"": 960, ""image_height"": 1280}",indoor,fingers
REPLAY/Huawei P30 Lite by Honor 8A/replay_0703.jpeg,"{""label"": ""receipt"", ""shape_type"": ""polygon"", ""points"": [[243.61, 425.29], [706.06, 474.84], [695.74, 1040.52], [152.77, 1026.06]], ""image_width"": 960, ""image_height"": 1280}",indoor,fingers
REPLAY/Huawei P30 Lite by Honor 8A/replay_0704.jpeg,"{""label"": ""receipt"", ""shape_type"": ""polygon"", ""points"": [[231.23, 295.23], [668.9, 408.77], [805.16, 1032.26], [125.94, 974.45]], ""image_width"": 960, ""image_height"": 1280}",indoor,fingers
REPLAY/Huawei P30 Lite by Honor 8A/replay_0705.jpeg,"{""label"": ""receipt"", ""shape_type"": ""polygon"", ""points"": [[260.13, 483.1], [662.71, 435.61], [761.81, 1015.74], [206.45, 912.52]], ""image_width"": 960, ""image_height"": 1280}",indoor,fingers
REPLAY/Huawei P30 Lite by Honor 8A/replay_0706.jpeg,"{""label"": ""receipt"", ""shape_type"": ""polygon"", ""points"": [[357.16, 313.81], [788.65, 233.29], [611.1, 1158.19], [270.45, 1141.68]], ""image_width"": 960, ""image_height"": 1280}",indoor,fingers
REPLAY/Huawei P30 Lite by Honor 8A/replay_0707.jpeg,"{""label"": ""receipt"", ""shape_type"": ""polygon"", ""points"": [[198.19, 326.19], [604.9, 338.58], [687.48, 1114.84], [150.71, 1077.68]], ""image_width"": 960, ""image_height"": 1280}",indoor,fingers
REPLAY/Huawei P30 Lite by Honor 8A/replay_0708.jpeg,"{""label"": ""receipt"", ""shape_type"": ""polygon"", ""points"": [[289.03, 266.32], [656.52, 268.39], [745.29, 929.03], [299.35, 877.42]], ""image_width"": 960, ""image_height"": 1280}",indoor,fingers
REPLAY/Huawei P30 Lite by Honor 8A/replay_0709.jpeg,"{""label"": ""receipt"", ""shape_type"": ""polygon"", ""points"": [[251.87, 146.58], [710.19, 146.58], [602.84, 1164.39], [225.03, 1125.16]], ""image_width"": 960, ""image_height"": 1280}",indoor,fingers
REPLAY/Huawei P30 Lite by Honor 8A/replay_0710.jpeg,"{""label"": ""receipt"", ""shape_type"": ""polygon"", ""points"": [[210.58, 353.03], [734.97, 295.23], [722.58, 1081.81], [163.1, 1085.94]], ""image_width"": 960, ""image_height"": 1280}",indoor,fingers
REPLAY/Huawei P30 Lite by Honor 8A/replay_0711.jpeg,"{""label"": ""receipt"", ""shape_type"": ""polygon"", ""points"": [[253.94, 94.97], [836.13, 30.97], [873.29, 1104.52], [274.58, 1073.55]], ""image_width"": 960, ""image_height"": 1280}",indoor,without_fingers
REPLAY/Huawei P30 Lite by Honor 8A/replay_0712.jpeg,"{""label"": ""receipt"", ""shape_type"": ""polygon"", ""points"": [[249.81, 270.45], [918.71, 119.74], [730.84, 1135.48], [249.81, 1075.61]], ""image_width"": 960, ""image_height"": 1280}",indoor,fingers
REPLAY/Huawei P30 Lite by Honor 8A/replay_0713.jpeg,"{""label"": ""receipt"", ""shape_type"": ""polygon"", ""points"": [[167.23, 225.03], [782.45, 212.65], [710.19, 1075.61], [194.06, 974.45]], ""image_width"": 960, ""image_height"": 1280}",indoor,without_fingers
REPLAY/Huawei P30 Lite by Honor 8A/replay_0714.jpeg,"{""label"": ""receipt"", ""shape_type"": ""polygon"", ""points"": [[59.87, 206.45], [834.06, 119.74], [811.35, 1028.13], [189.94, 999.23]], ""image_width"": 960, ""image_height"": 1280}",indoor,without_fingers
REPLAY/Huawei P30 Lite by Honor 8A/replay_0715.jpeg,"{""label"": ""receipt"", ""shape_type"": ""polygon"", ""points"": [[204.39, 303.48], [701.94, 105.29], [675.1, 1015.74], [237.42, 964.13]], ""image_width"": 960, ""image_height"": 1280}",indoor,fingers
REPLAY/Huawei P30 Lite by Honor 8A/replay_0716.jpeg,"{""label"": ""receipt"", ""shape_type"": ""polygon"", ""points"": [[82.58, 241.55], [955.87, 400.52], [813.42, 761.81], [173.42, 670.97]], ""image_width"": 960, ""image_height"": 1280}",outdoor,fingers
REPLAY/Lenovo ThinkBook 15 G2 by Honor 8A/replay_0717.jpeg,"{""label"": ""receipt"", ""shape_type"": ""polygon"", ""points"": [[338.58, 340.65], [664.77, 313.81], [652.39, 865.03], [284.9, 900.13]], ""image_width"": 960, ""image_height"": 1280}",indoor,without_fingers
REPLAY/Lenovo ThinkBook 15 G2 by Honor 8A/replay_0718.jpeg,"{""label"": ""receipt"", ""shape_type"": ""polygon"", ""points"": [[348.9, 315.87], [732.9, 264.26], [776.26, 962.06], [326.19, 1026.06]], ""image_width"": 960, ""image_height"": 1280}",indoor,without_fingers
REPLAY/Lenovo ThinkBook 15 G2 by Honor 8A/replay_0719.jpeg,"{""label"": ""receipt"", ""shape_type"": ""polygon"", ""points"": [[212.65, 487.23], [617.29, 390.19], [691.61, 941.42], [262.19, 982.71]], ""image_width"": 960, ""image_height"": 1280}",outdoor,fingers
REPLAY/Lenovo ThinkBook 15 G2 by Honor 8A/replay_0720.jpeg,"{""label"": ""receipt"", ""shape_type"": ""polygon"", ""points"": [[299.35, 483.1], [693.68, 460.39], [712.26, 1032.26], [299.35, 1003.35]], ""image_width"": 960, ""image_height"": 1280}",outdoor,fingers
REPLAY/Lenovo ThinkBook 15 G2 by Honor 8A/replay_0721.jpeg,"{""label"": ""receipt"", ""shape_type"": ""polygon"", ""points"": [[386.06, 342.71], [689.55, 363.35], [743.23, 920.77], [394.32, 953.81]], ""image_width"": 960, ""image_height"": 1280}",outdoor,without_fingers
REPLAY/Lenovo ThinkBook 15 G2 by Honor 8A/replay_0722.jpeg,"{""label"": ""receipt"", ""shape_type"": ""polygon"", ""points"": [[377.81, 443.87], [695.74, 431.48], [666.84, 856.77], [410.84, 836.13]], ""image_width"": 960, ""image_height"": 1280}",outdoor,fingers
REPLAY/Lenovo ThinkBook 15 G2 by Honor 8A/replay_0723.jpeg,"{""label"": ""receipt"", ""shape_type"": ""polygon"", ""points"": [[379.87, 452.13], [662.71, 377.81], [714.32, 739.1], [390.19, 774.19]], ""image_width"": 960, ""image_height"": 1280}",outdoor,without_fingers
REPLAY/Lenovo ThinkBook 15 G2 by Honor 8A/replay_0724.jpeg,"{""label"": ""receipt"", ""shape_type"": ""polygon"", ""points"": [[16.52, 163.1], [871.23, 303.48], [763.87, 759.74], [-12.39, 666.84]], ""image_width"": 960, ""image_height"": 1280}",outdoor,without_fingers
REPLAY/Lenovo ThinkBook 15 G2 by Honor 8A/replay_0725.jpeg,"{""label"": ""receipt"", ""shape_type"": ""polygon"", ""points"": [[241.55, 476.9], [790.71, 456.26], [770.06, 763.87], [245.68, 768.0]], ""image_width"": 960, ""image_height"": 1280}",outdoor,without_fingers
REPLAY/Lenovo ThinkBook 15 G2 by Honor 8A/replay_0726.jpeg,"{""label"": ""receipt"", ""shape_type"": ""polygon"", ""points"": [[181.68, 450.06], [858.84, 417.03], [834.06, 846.45], [183.74, 869.16]], ""image_width"": 960, ""image_height"": 1280}",outdoor,without_fingers
REPLAY/Lenovo ThinkBook 15 G2 by Honor 8A/replay_0727.jpeg,"{""label"": ""receipt"", ""shape_type"": ""polygon"", ""points"": [[386.06, 394.32], [668.9, 412.9], [631.74, 877.42], [340.65, 873.29]], ""image_width"": 960, ""image_height"": 1280}",outdoor,without_fingers
REPLAY/Lenovo ThinkBook 15 G2 by Honor 8A/replay_0728.jpeg,"{""label"": ""receipt"", ""shape_type"": ""polygon"", ""points"": [[158.97, 448.0], [889.81, 305.55], [856.77, 869.16], [204.39, 858.84]], ""image_width"": 960, ""image_height"": 1280}",outdoor,without_fingers
REPLAY/Lenovo ThinkBook 15 G2 by Honor 8A/replay_0729.jpeg,"{""label"": ""receipt"", ""shape_type"": ""polygon"", ""points"": [[332.39, 464.52], [596.65, 443.87], [631.74, 920.77], [377.81, 941.42]], ""image_width"": 960, ""image_height"": 1280}",outdoor,without_fingers
REPLAY/Lenovo ThinkBook 15 G2 by Honor 8A/replay_0730.jpeg,"{""label"": ""receipt"", ""shape_type"": ""polygon"", ""points"": [[289.03, 305.55], [817.55, 342.71], [724.65, 1028.13], [258.06, 1038.45]], ""image_width"": 960, ""image_height"": 1280}",outdoor,fingers
REPLAY/Lenovo ThinkBook 15 G2 by Honor 8A/replay_0731.jpeg,"{""label"": ""receipt"", ""shape_type"": ""polygon"", ""points"": [[293.16, 297.29], [718.45, 289.03], [699.87, 1003.35], [297.29, 1015.74]], ""image_width"": 960, ""image_height"": 1280}",outdoor,fingers
REPLAY/Lenovo ThinkBook 15 G2 by Honor 8A/replay_0732.jpeg,"{""label"": ""receipt"", ""shape_type"": ""polygon"", ""points"": [[2.06, 355.1], [794.84, 309.68], [809.29, 786.58], [-2.06, 807.23]], ""image_width"": 960, ""image_height"": 1280}",outdoor,without_fingers
REPLAY/Lenovo ThinkBook 15 G2 by Honor 8A/replay_0733.jpeg,"{""label"": ""receipt"", ""shape_type"": ""polygon"", ""points"": [[330.32, 198.19], [722.58, 218.84], [691.61, 978.58], [192.0, 974.45]], ""image_width"": 960, ""image_height"": 1280}",outdoor,fingers
REPLAY/Lenovo ThinkBook 15 G2 by Honor 8A/replay_0734.jpeg,"{""label"": ""receipt"", ""shape_type"": ""polygon"", ""points"": [[381.94, 390.19], [751.48, 348.9], [724.65, 984.77], [346.84, 968.26]], ""image_width"": 960, ""image_height"": 1280}",outdoor,fingers
REPLAY/Lenovo ThinkBook 15 G2 by Honor 8A/replay_0735.jpeg,"{""label"": ""receipt"", ""shape_type"": ""polygon"", ""points"": [[218.84, 433.55], [693.68, 367.48], [714.32, 1050.84], [268.39, 1036.39], [270.45, 1034.32]], ""image_width"": 960, ""image_height"": 1280}",outdoor,fingers
REPLAY/Lenovo ThinkBook 15 G2 by Honor 8A/replay_0736.jpeg,"{""label"": ""receipt"", ""shape_type"": ""polygon"", ""points"": [[398.45, 326.19], [827.87, 348.9], [794.84, 972.39], [375.74, 931.1]], ""image_width"": 960, ""image_height"": 1280}",outdoor,fingers
REPLAY/Lenovo ThinkBook 15 G2 by Honor 8A/replay_0737.jpeg,"{""label"": ""receipt"", ""shape_type"": ""polygon"", ""points"": [[218.84, 274.58], [685.42, 301.42], [689.55, 1090.06], [243.61, 1088.0]], ""image_width"": 960, ""image_height"": 1280}",outdoor,fingers
REPLAY/Lenovo ThinkBook 15 G2 by Honor 8A/replay_0738.jpeg,"{""label"": ""receipt"", ""shape_type"": ""polygon"", ""points"": [[146.58, 355.1], [712.26, 256.0], [732.9, 1092.13], [220.9, 1100.39]], ""image_width"": 960, ""image_height"": 1280}",outdoor,fingers
REPLAY/Lenovo ThinkBook 15 G2 by Honor 8A/replay_0739.jpeg,"{""label"": ""receipt"", ""shape_type"": ""polygon"", ""points"": [[400.52, 505.81], [627.61, 464.52], [627.61, 829.94], [412.9, 836.13]], ""image_width"": 960, ""image_height"": 1280}",outdoor,without_fingers
REPLAY/Lenovo ThinkBook 15 G2 by Honor 8A/replay_0740.jpeg,"{""label"": ""receipt"", ""shape_type"": ""polygon"", ""points"": [[280.77, 334.45], [631.74, 330.32], [654.45, 960.0], [289.03, 986.84]], ""image_width"": 960, ""image_height"": 1280}",outdoor,fingers
REPLAY/Lenovo ThinkBook 15 G2 by Honor 8A/replay_0741.jpeg,"{""label"": ""receipt"", ""shape_type"": ""polygon"", ""points"": [[404.65, 381.94], [776.26, 313.81], [879.48, 904.26], [489.29, 962.06]], ""image_width"": 960, ""image_height"": 1280}",outdoor,fingers
REPLAY/Lenovo ThinkBook 15 G2 by Honor 8A/replay_0742.jpeg,"{""label"": ""receipt"", ""shape_type"": ""polygon"", ""points"": [[276.65, 361.29], [718.45, 369.55], [706.06, 869.16], [260.13, 873.29]], ""image_width"": 960, ""image_height"": 1280}",outdoor,fingers
REPLAY/Lenovo ThinkBook 15 G2 by Honor 8A/replay_0743.jpeg,"{""label"": ""receipt"", ""shape_type"": ""polygon"", ""points"": [[229.16, 540.9], [726.71, 445.94], [786.58, 823.74], [251.87, 858.84]], ""image_width"": 960, ""image_height"": 1280}",outdoor,without_fingers
REPLAY/Lenovo ThinkBook 15 G2 by Honor 8A/replay_0744.jpeg,"{""label"": ""receipt"", ""shape_type"": ""polygon"", ""points"": [[156.9, 410.84], [687.48, 357.16], [687.48, 877.42], [258.06, 929.03]], ""image_width"": 960, ""image_height"": 1280}",outdoor,without_fingers
REPLAY/Lenovo ThinkBook 15 G2 by Honor 8A/replay_0745.jpeg,"{""label"": ""receipt"", ""shape_type"": ""polygon"", ""points"": [[293.16, 493.42], [912.52, 427.35], [896.0, 1001.29], [247.74, 875.35]], ""image_width"": 960, ""image_height"": 1280}",outdoor,without_fingers
REPLAY/Lenovo ThinkBook 15 G2 by Honor 8A/replay_0746.jpeg,"{""label"": ""receipt"", ""shape_type"": ""polygon"", ""points"": [[264.26, 528.52], [796.9, 499.61], [776.26, 807.23], [266.32, 832.0]], ""image_width"": 960, ""image_height"": 1280}",outdoor,fingers
REPLAY/Lenovo ThinkBook 15 G2 by Honor 8A/replay_0747.jpeg,"{""label"": ""receipt"", ""shape_type"": ""polygon"", ""points"": [[305.55, 216.77], [813.42, 144.52], [755.61, 896.0], [326.19, 918.71]], ""image_width"": 960, ""image_height"": 1280}",outdoor,fingers
REPLAY/Lenovo ThinkBook 15 G2 by Honor 8A/replay_0748.jpeg,"{""label"": ""receipt"", ""shape_type"": ""polygon"", ""points"": [[377.81, 322.06], [722.58, 324.13], [778.32, 796.9], [359.23, 755.61]], ""image_width"": 960, ""image_height"": 1280}",outdoor,fingers
REPLAY/Lenovo ThinkBook 15 G2 by Honor 8A/replay_0749.jpeg,"{""label"": ""receipt"", ""shape_type"": ""polygon"", ""points"": [[222.97, 367.48], [596.65, 359.23], [551.23, 904.26], [225.03, 881.55]], ""image_width"": 960, ""image_height"": 1280}",outdoor,fingers
REPLAY/Lenovo ThinkBook 15 G2 by Honor 8A/replay_0750.jpeg,"{""label"": ""receipt"", ""shape_type"": ""polygon"", ""points"": [[317.94, 332.39], [745.29, 268.39], [790.71, 999.23], [289.03, 1024.0]], ""image_width"": 960, ""image_height"": 1280}",outdoor,without_fingers
REPLAY/Lenovo ThinkBook 15 G2 by Honor 8A/replay_0751.jpeg,"{""label"": ""receipt"", ""shape_type"": ""polygon"", ""points"": [[443.87, 540.9], [743.23, 493.42], [753.55, 968.26], [445.94, 974.45]], ""image_width"": 960, ""image_height"": 1280}",outdoor,fingers
REPLAY/Lenovo ThinkBook 15 G2 by Honor 8A/replay_0752.jpeg,"{""label"": ""receipt"", ""shape_type"": ""polygon"", ""points"": [[225.03, 334.45], [668.9, 239.48], [679.23, 1013.68], [311.74, 1015.74]], ""image_width"": 960, ""image_height"": 1280}",outdoor,fingers
REPLAY/Lenovo ThinkBook 15 G2 by Honor 8A/replay_0753.jpeg,"{""label"": ""receipt"", ""shape_type"": ""polygon"", ""points"": [[328.26, 526.45], [677.16, 464.52], [679.23, 976.52], [365.42, 1036.39]], ""image_width"": 960, ""image_height"": 1280}",outdoor,fingers
REPLAY/Lenovo ThinkBook 15 G2 by Honor 8A/replay_0754.jpeg,"{""label"": ""receipt"", ""shape_type"": ""polygon"", ""points"": [[363.35, 309.68], [745.29, 264.26], [753.55, 916.65], [408.77, 908.39]], ""image_width"": 960, ""image_height"": 1280}",outdoor,fingers
REPLAY/Lenovo ThinkBook 15 G2 by Honor 8A/replay_0755.jpeg,"{""label"": ""receipt"", ""shape_type"": ""polygon"", ""points"": [[148.65, 235.35], [687.48, 185.81], [660.65, 982.71], [165.16, 980.65]], ""image_width"": 960, ""image_height"": 1280}",outdoor,fingers
REPLAY/Lenovo ThinkBook 15 G2 by Honor 8A/replay_0756.jpeg,"{""label"": ""receipt"", ""shape_type"": ""polygon"", ""points"": [[189.94, 425.29], [757.68, 371.61], [642.06, 1149.94], [237.42, 1114.84]], ""image_width"": 960, ""image_height"": 1280}",outdoor,fingers
REPLAY/Lenovo ThinkBook 15 G2 by Honor 8A/replay_0757.jpeg,"{""label"": ""receipt"", ""shape_type"": ""polygon"", ""points"": [[291.1, 384.0], [728.77, 441.81], [701.94, 1040.52], [330.32, 1030.19]], ""image_width"": 960, ""image_height"": 1280}",outdoor,fingers
REPLAY/Lenovo ThinkBook 15 G2 by Honor 8A/replay_0758.jpeg,"{""label"": ""receipt"", ""shape_type"": ""polygon"", ""points"": [[146.58, 272.52], [660.65, 169.29], [737.03, 1071.48], [276.65, 1085.94]], ""image_width"": 960, ""image_height"": 1280}",outdoor,fingers
REPLAY/Lenovo ThinkBook 15 G2 by Honor 8A/replay_0759.jpeg,"{""label"": ""receipt"", ""shape_type"": ""polygon"", ""points"": [[286.97, 266.32], [829.94, 245.68], [706.06, 1088.0], [284.9, 1061.16]], ""image_width"": 960, ""image_height"": 1280}",outdoor,fingers
REPLAY/Lenovo ThinkBook 15 G2 by Honor 8A/replay_0760.jpeg,"{""label"": ""receipt"", ""shape_type"": ""polygon"", ""points"": [[311.74, 505.81], [724.65, 464.52], [652.39, 1026.06], [332.39, 1083.87]], ""image_width"": 960, ""image_height"": 1280}",outdoor,without_fingers
REPLAY/Lenovo ThinkBook 15 G2 by Honor 8A/replay_0761.jpeg,"{""label"": ""receipt"", ""shape_type"": ""polygon"", ""points"": [[330.32, 311.74], [811.35, 309.68], [780.39, 1114.84], [363.35, 1102.45]], ""image_width"": 960, ""image_height"": 1280}",outdoor,fingers
REPLAY/Lenovo ThinkBook 15 G2 by Honor 8A/replay_0762.jpeg,"{""label"": ""receipt"", ""shape_type"": ""polygon"", ""points"": [[256.0, 115.61], [819.61, 144.52], [825.81, 1149.94], [303.48, 1170.58]], ""image_width"": 960, ""image_height"": 1280}",indoor,fingers
REPLAY/Lenovo ThinkBook 15 G2 by Honor 8A/replay_0763.jpeg,"{""label"": ""receipt"", ""shape_type"": ""polygon"", ""points"": [[206.45, 340.65], [602.84, 301.42], [629.68, 945.55], [214.71, 978.58]], ""image_width"": 960, ""image_height"": 1280}",outdoor,fingers
REPLAY/Lenovo ThinkBook 15 G2 by Honor 8A/replay_0764.jpeg,"{""label"": ""receipt"", ""shape_type"": ""polygon"", ""points"": [[167.23, 289.03], [673.03, 266.32], [660.65, 1026.06], [189.94, 1042.58]], ""image_width"": 960, ""image_height"": 1280}",outdoor,fingers
REPLAY/Lenovo ThinkBook 15 G2 by Honor 8A/replay_0765.jpeg,"{""label"": ""receipt"", ""shape_type"": ""polygon"", ""points"": [[235.35, 189.94], [606.97, 245.68], [640.0, 869.16], [276.65, 893.94]], ""image_width"": 960, ""image_height"": 1280}",outdoor,without_fingers
REPLAY/Lenovo ThinkBook 15 G2 by Honor 8A/replay_0766.jpeg,"{""label"": ""receipt"", ""shape_type"": ""polygon"", ""points"": [[272.52, 243.61], [666.84, 324.13], [782.45, 1166.45], [353.03, 1203.61]], ""image_width"": 960, ""image_height"": 1280}",indoor,fingers
REPLAY/Lenovo ThinkBook 15 G2 by Honor 8A/replay_0767.jpeg,"{""label"": ""receipt"", ""shape_type"": ""polygon"", ""points"": [[284.9, 375.74], [770.06, 326.19], [790.71, 780.39], [320.0, 813.42]], ""image_width"": 960, ""image_height"": 1280}",indoor,fingers
REPLAY/Lenovo ThinkBook 15 G2 by Honor 8A/replay_0768.jpeg,"{""label"": ""receipt"", ""shape_type"": ""polygon"", ""points"": [[404.65, 247.74], [879.48, 297.29], [749.42, 949.68], [324.13, 931.1]], ""image_width"": 960, ""image_height"": 1280}",indoor,fingers
REPLAY/Lenovo ThinkBook 15 G2 by Honor 8A/replay_0769.jpeg,"{""label"": ""receipt"", ""shape_type"": ""polygon"", ""points"": [[305.55, 365.42], [788.65, 270.45], [712.26, 933.16], [320.0, 887.74]], ""image_width"": 960, ""image_height"": 1280}",indoor,without_fingers
REPLAY/Lenovo ThinkBook 15 G2 by Honor 8A/replay_0770.jpeg,"{""label"": ""receipt"", ""shape_type"": ""polygon"", ""points"": [[276.65, 305.55], [747.35, 293.16], [747.35, 986.84], [293.16, 986.84]], ""image_width"": 960, ""image_height"": 1280}",indoor,without_fingers
REPLAY/Lenovo ThinkBook 15 G2 by Honor 8A/replay_0771.jpeg,"{""label"": ""receipt"", ""shape_type"": ""polygon"", ""points"": [[309.68, 289.03], [765.94, 260.13], [792.77, 976.52], [353.03, 974.45]], ""image_width"": 960, ""image_height"": 1280}",indoor,without_fingers
REPLAY/Lenovo ThinkBook 15 G2 by Honor 8A/replay_0772.jpeg,"{""label"": ""receipt"", ""shape_type"": ""polygon"", ""points"": [[410.84, 353.03], [745.29, 357.16], [712.26, 939.35], [315.87, 848.52]], ""image_width"": 960, ""image_height"": 1280}",indoor,without_fingers
REPLAY/Lenovo ThinkBook 15 G2 by Honor 8A/replay_0773.jpeg,"{""label"": ""receipt"", ""shape_type"": ""polygon"", ""points"": [[256.0, 239.48], [823.74, 276.65], [739.1, 1085.94], [233.29, 993.03]], ""image_width"": 960, ""image_height"": 1280}",indoor,without_fingers
REPLAY/Lenovo ThinkBook 15 G2 by Honor 8A/replay_0774.jpeg,"{""label"": ""receipt"", ""shape_type"": ""polygon"", ""points"": [[386.06, 286.97], [821.68, 249.81], [774.19, 951.74], [264.26, 906.32]], ""image_width"": 960, ""image_height"": 1280}",indoor,without_fingers
REPLAY/Lenovo ThinkBook 15 G2 by Honor 8A/replay_0775.jpeg,"{""label"": ""receipt"", ""shape_type"": ""polygon"", ""points"": [[317.94, 282.84], [770.06, 229.16], [780.39, 941.42], [377.81, 918.71]], ""image_width"": 960, ""image_height"": 1280}",indoor,fingers
REPLAY/Lenovo ThinkBook 15 G2 by Honor 8A/replay_0776.jpeg,"{""label"": ""receipt"", ""shape_type"": ""polygon"", ""points"": [[66.06, 408.77], [724.65, 452.13], [695.74, 825.81], [51.61, 809.29]], ""image_width"": 960, ""image_height"": 1280}",indoor,without_fingers
REPLAY/Lenovo ThinkBook 15 G2 by Honor 8A/replay_0777.jpeg,"{""label"": ""receipt"", ""shape_type"": ""polygon"", ""points"": [[245.68, 177.55], [763.87, 156.9], [763.87, 867.1], [225.03, 865.03]], ""image_width"": 960, ""image_height"": 1280}",indoor,fingers
REPLAY/Lenovo ThinkBook 15 G2 by Honor 8A/replay_0778.jpeg,"{""label"": ""receipt"", ""shape_type"": ""polygon"", ""points"": [[163.1, 270.45], [668.9, 212.65], [691.61, 1050.84], [233.29, 1100.39]], ""image_width"": 960, ""image_height"": 1280}",,
REPLAY/Lenovo ThinkBook 15 G2 by Honor 8A/replay_0779.jpeg,"{""label"": ""receipt"", ""shape_type"": ""polygon"", ""points"": [[239.48, 78.45], [734.97, 43.35], [877.42, 922.84], [456.26, 1005.42]], ""image_width"": 960, ""image_height"": 1280}",indoor,without_fingers
REPLAY/Lenovo ThinkBook 15 G2 by Honor 8A/replay_0780.jpeg,"{""label"": ""receipt"", ""shape_type"": ""polygon"", ""points"": [[381.94, 384.0], [817.55, 344.77], [741.16, 1048.77], [313.81, 1017.81]], ""image_width"": 960, ""image_height"": 1280}",indoor,fingers
REPLAY/Lenovo ThinkBook 15 G2 by Honor 8A/replay_0781.jpeg,"{""label"": ""receipt"", ""shape_type"": ""polygon"", ""points"": [[357.16, 481.03], [763.87, 458.32], [887.74, 1054.97], [388.13, 1069.42]], ""image_width"": 960, ""image_height"": 1280}",indoor,without_fingers
REPLAY/Lenovo ThinkBook 15 G2 by Honor 8A/replay_0782.jpeg,"{""label"": ""receipt"", ""shape_type"": ""polygon"", ""points"": [[384.0, 218.84], [819.61, 206.45], [792.77, 982.71], [386.06, 978.58]], ""image_width"": 960, ""image_height"": 1280}",indoor,fingers
REPLAY/Lenovo ThinkBook 15 G2 by Honor 8A/replay_0783.jpeg,"{""label"": ""receipt"", ""shape_type"": ""polygon"", ""points"": [[111.48, 297.29], [887.74, 353.03], [832.0, 805.16], [105.29, 792.77]], ""image_width"": 960, ""image_height"": 1280}",indoor,fingers
REPLAY/Lenovo ThinkBook 15 G2 by Honor 8A/replay_0784.jpeg,"{""label"": ""receipt"", ""shape_type"": ""polygon"", ""points"": [[309.68, 291.1], [712.26, 299.35], [693.68, 848.52], [328.26, 817.55]], ""image_width"": 960, ""image_height"": 1280}",outdoor,without_fingers
REPLAY/Lenovo ThinkBook 15 G2 by Honor 8A/replay_0785.jpeg,"{""label"": ""receipt"", ""shape_type"": ""polygon"", ""points"": [[247.74, 299.35], [660.65, 206.45], [807.23, 941.42], [433.55, 993.03]], ""image_width"": 960, ""image_height"": 1280}",indoor,without_fingers
REPLAY/Lenovo ThinkBook 15 G2 by Honor 8A/replay_0786.jpeg,"{""label"": ""receipt"", ""shape_type"": ""polygon"", ""points"": [[253.94, 307.61], [654.45, 208.52], [792.77, 949.68], [448.0, 1003.35]], ""image_width"": 960, ""image_height"": 1280}",indoor,without_fingers
REPLAY/Lenovo ThinkBook 15 G2 by Honor 8A/replay_0787.jpeg,"{""label"": ""receipt"", ""shape_type"": ""polygon"", ""points"": [[280.77, 322.06], [813.42, 340.65], [749.42, 852.65], [377.81, 883.61]], ""image_width"": 960, ""image_height"": 1280}",indoor,fingers
REPLAY/Lenovo ThinkBook 15 G2 by Honor 8A/replay_0788.jpeg,"{""label"": ""receipt"", ""shape_type"": ""polygon"", ""points"": [[297.29, 210.58], [817.55, 171.35], [801.03, 999.23], [332.39, 914.58]], ""image_width"": 960, ""image_height"": 1280}",indoor,fingers
REPLAY/Lenovo ThinkBook 15 G2 by Honor 8A/replay_0789.jpeg,"{""label"": ""receipt"", ""shape_type"": ""polygon"", ""points"": [[229.16, 253.94], [854.71, 204.39], [910.45, 858.84], [320.0, 943.48]], ""image_width"": 960, ""image_height"": 1280}",indoor,fingers
REPLAY/Lenovo ThinkBook 15 G2 by Honor 8A/replay_0790.jpeg,"{""label"": ""receipt"", ""shape_type"": ""polygon"", ""points"": [[400.52, 189.94], [792.77, 165.16], [807.23, 1015.74], [450.06, 1032.26]], ""image_width"": 960, ""image_height"": 1280}",indoor,fingers
REPLAY/Lenovo ThinkBook 15 G2 by Honor 8A/replay_0791.jpeg,"{""label"": ""receipt"", ""shape_type"": ""polygon"", ""points"": [[305.55, 142.45], [889.81, 258.06], [780.39, 1013.68], [208.52, 935.23]], ""image_width"": 960, ""image_height"": 1280}",indoor,without_fingers
REPLAY/Lenovo ThinkBook 15 G2 by Honor 8A/replay_0792.jpeg,"{""label"": ""receipt"", ""shape_type"": ""polygon"", ""points"": [[243.61, 357.16], [743.23, 303.48], [848.52, 1028.13], [353.03, 1063.23]], ""image_width"": 960, ""image_height"": 1280}",outdoor,without_fingers
REPLAY/Lenovo ThinkBook 15 G2 by Honor 8A/replay_0793.jpeg,"{""label"": ""receipt"", ""shape_type"": ""polygon"", ""points"": [[258.06, 396.39], [953.81, 371.61], [957.94, 908.39], [266.32, 922.84]], ""image_width"": 960, ""image_height"": 1280}",indoor,fingers
REPLAY/Lenovo ThinkBook 15 G2 by Honor 8A/replay_0794.jpeg,"{""label"": ""receipt"", ""shape_type"": ""polygon"", ""points"": [[231.23, 295.23], [811.35, 264.26], [862.97, 1071.48], [301.42, 1067.35]], ""image_width"": 960, ""image_height"": 1280}",outdoor,fingers
REPLAY/Lenovo ThinkBook 15 G2 by Honor 8A/replay_0795.jpeg,"{""label"": ""receipt"", ""shape_type"": ""polygon"", ""points"": [[315.87, 381.94], [807.23, 303.48], [873.29, 980.65], [344.77, 980.65]], ""image_width"": 960, ""image_height"": 1280}",outdoor,fingers
REPLAY/Lenovo ThinkBook 15 G2 by Honor 8A/replay_0796.jpeg,"{""label"": ""receipt"", ""shape_type"": ""polygon"", ""points"": [[260.13, 355.1], [749.42, 338.58], [784.52, 1009.55], [315.87, 995.1]], ""image_width"": 960, ""image_height"": 1280}",outdoor,fingers
REPLAY/Lenovo ThinkBook 15 G2 by Honor 8A/replay_0797.jpeg,"{""label"": ""receipt"", ""shape_type"": ""polygon"", ""points"": [[179.61, 371.61], [687.48, 309.68], [796.9, 1017.81], [320.0, 1061.16]], ""image_width"": 960, ""image_height"": 1280}",outdoor,fingers
REPLAY/Lenovo ThinkBook 15 G2 by Honor 8A/replay_0798.jpeg,"{""label"": ""receipt"", ""shape_type"": ""polygon"", ""points"": [[119.74, 406.71], [883.61, 450.06], [821.68, 898.06], [113.55, 836.13]], ""image_width"": 960, ""image_height"": 1280}",indoor,without_fingers
REPLAY/Lenovo ThinkBook 15 G2 by Honor 8A/replay_0799.jpeg,"{""label"": ""receipt"", ""shape_type"": ""polygon"", ""points"": [[375.74, 231.23], [829.94, 222.97], [819.61, 1046.71], [353.03, 1061.16]], ""image_width"": 960, ""image_height"": 1280}",outdoor,without_fingers
REPLAY/Lenovo ThinkBook 15 G2 by Honor 8A/replay_0800.jpeg,"{""label"": ""receipt"", ""shape_type"": ""polygon"", ""points"": [[388.13, 258.06], [898.06, 258.06], [933.16, 986.84], [400.52, 1013.68]], ""image_width"": 960, ""image_height"": 1280}",indoor,fingers
REPLAY/Lenovo ThinkBook 15 G2 by Honor 8A/replay_0801.jpeg,"{""label"": ""receipt"", ""shape_type"": ""polygon"", ""points"": [[350.97, 256.0], [815.48, 165.16], [924.9, 885.68], [452.13, 968.26]], ""image_width"": 960, ""image_height"": 1280}",indoor,fingers
REPLAY/Lenovo ThinkBook 15 G2 by Honor 8A/replay_0802.jpeg,"{""label"": ""receipt"", ""shape_type"": ""polygon"", ""points"": [[433.55, 313.81], [912.52, 326.19], [865.03, 984.77], [448.0, 957.94]], ""image_width"": 960, ""image_height"": 1280}",indoor,fingers
REPLAY/Lenovo ThinkBook 15 G2 by Honor 8A/replay_0803.jpeg,"{""label"": ""receipt"", ""shape_type"": ""polygon"", ""points"": [[262.19, 152.77], [877.42, 24.77], [949.68, 945.55], [425.29, 1036.39]], ""image_width"": 960, ""image_height"": 1280}",indoor,fingers
REPLAY/Lenovo ThinkBook 15 G2 by Honor 8A/replay_0804.jpeg,"{""label"": ""receipt"", ""shape_type"": ""polygon"", ""points"": [[507.87, 489.29], [815.48, 470.71], [798.97, 862.97], [540.9, 871.23]], ""image_width"": 960, ""image_height"": 1280}",indoor,fingers
REPLAY/Lenovo ThinkBook 15 G2 by Honor 8A/replay_0805.jpeg,"{""label"": ""receipt"", ""shape_type"": ""polygon"", ""points"": [[353.03, 326.19], [706.06, 334.45], [772.13, 860.9], [427.35, 865.03]], ""image_width"": 960, ""image_height"": 1280}",indoor,fingers
REPLAY/Lenovo ThinkBook 15 G2 by Honor 8A/replay_0806.jpeg,"{""label"": ""receipt"", ""shape_type"": ""polygon"", ""points"": [[518.19, 192.0], [877.42, 154.84], [850.58, 739.1], [499.61, 753.55]], ""image_width"": 960, ""image_height"": 1280}",indoor,fingers
REPLAY/Lenovo ThinkBook 15 G2 by Honor 8A/replay_0807.jpeg,"{""label"": ""receipt"", ""shape_type"": ""polygon"", ""points"": [[398.45, 311.74], [743.23, 284.9], [699.87, 1024.0], [394.32, 1013.68]], ""image_width"": 960, ""image_height"": 1280}",indoor,fingers
REPLAY/Lenovo ThinkBook 15 G2 by Honor 8A/replay_0808.jpeg,"{""label"": ""receipt"", ""shape_type"": ""polygon"", ""points"": [[156.9, 324.13], [951.74, 439.74], [881.55, 947.61], [78.45, 844.39]], ""image_width"": 960, ""image_height"": 1280}",indoor,without_fingers
REPLAY/Lenovo ThinkBook 15 G2 by Honor 8A/replay_0809.jpeg,"{""label"": ""receipt"", ""shape_type"": ""polygon"", ""points"": [[386.06, 307.61], [846.45, 355.1], [829.94, 939.35], [334.45, 986.84]], ""image_width"": 960, ""image_height"": 1280}",indoor,fingers
REPLAY/Lenovo ThinkBook 15 G2 by Honor 8A/replay_0810.jpeg,"{""label"": ""receipt"", ""shape_type"": ""polygon"", ""points"": [[258.06, 375.74], [685.42, 241.55], [869.16, 1030.19], [344.77, 1129.29]], ""image_width"": 960, ""image_height"": 1280}",indoor,without_fingers
REPLAY/Lenovo ThinkBook 15 G2 by Honor 8A/replay_0811.jpeg,"{""label"": ""receipt"", ""shape_type"": ""polygon"", ""points"": [[276.65, 324.13], [745.29, 293.16], [801.03, 945.55], [348.9, 1036.39]], ""image_width"": 960, ""image_height"": 1280}",indoor,without_fingers
REPLAY/Lenovo ThinkBook 15 G2 by Honor 8A/replay_0812.jpeg,"{""label"": ""receipt"", ""shape_type"": ""polygon"", ""points"": [[315.87, 317.94], [854.71, 189.94], [885.68, 945.55], [408.77, 945.55]], ""image_width"": 960, ""image_height"": 1280}",indoor,fingers
REPLAY/Lenovo ThinkBook 15 G2 by Honor 8A/replay_0813.jpeg,"{""label"": ""receipt"", ""shape_type"": ""polygon"", ""points"": [[229.16, 394.32], [743.23, 363.35], [755.61, 1013.68], [286.97, 1030.19]], ""image_width"": 960, ""image_height"": 1280}",indoor,without_fingers
REPLAY/Lenovo ThinkBook 15 G2 by Honor 8A/replay_0814.jpeg,"{""label"": ""receipt"", ""shape_type"": ""polygon"", ""points"": [[152.77, 421.16], [871.23, 507.87], [817.55, 922.84], [92.9, 862.97]], ""image_width"": 960, ""image_height"": 1280}",indoor,without_fingers
REPLAY/Lenovo ThinkBook 15 G2 by Honor 8A/replay_0815.jpeg,"{""label"": ""receipt"", ""shape_type"": ""polygon"", ""points"": [[297.29, 361.29], [718.45, 365.42], [737.03, 1061.16], [332.39, 1042.58]], ""image_width"": 960, ""image_height"": 1280}",indoor,without_fingers
REPLAY/Lenovo ThinkBook 15 G2 by Honor 8A/replay_0816.jpeg,"{""label"": ""receipt"", ""shape_type"": ""polygon"", ""points"": [[260.13, 396.39], [730.84, 350.97], [757.68, 1030.19], [278.71, 1036.39]], ""image_width"": 960, ""image_height"": 1280}",indoor,without_fingers
REPLAY/Lenovo ThinkBook 15 G2 by Honor 8A/replay_0817.jpeg,"{""label"": ""receipt"", ""shape_type"": ""polygon"", ""points"": [[330.32, 330.32], [798.97, 332.39], [753.55, 1009.55], [340.65, 945.55]], ""image_width"": 960, ""image_height"": 1280}",indoor,fingers
REPLAY/Lenovo ThinkBook 15 G2 by Honor 8A/replay_0818.jpeg,"{""label"": ""receipt"", ""shape_type"": ""polygon"", ""points"": [[278.71, 185.81], [854.71, 169.29], [811.35, 1205.68], [338.58, 1168.52]], ""image_width"": 960, ""image_height"": 1280}",indoor,without_fingers
REPLAY/Lenovo ThinkBook 15 G2 by Honor 8A/replay_0819.jpeg,"{""label"": ""receipt"", ""shape_type"": ""polygon"", ""points"": [[350.97, 179.61], [803.1, 179.61], [854.71, 1168.52], [394.32, 1185.03]], ""image_width"": 960, ""image_height"": 1280}",indoor,without_fingers
REPLAY/Lenovo ThinkBook 15 G2 by Honor 8A/replay_0820.jpeg,,indoor,without_fingers
REPLAY/Lenovo ThinkBook 15 G2 by Honor 8A/replay_0821.jpeg,"{""label"": ""receipt"", ""shape_type"": ""polygon"", ""points"": [[161.03, 189.94], [749.42, 171.35], [848.52, 1040.52], [299.35, 1100.39]], ""image_width"": 960, ""image_height"": 1280}",indoor,without_fingers
REPLAY/Lenovo ThinkBook 15 G2 by Honor 8A/replay_0822.jpeg,"{""label"": ""receipt"", ""shape_type"": ""polygon"", ""points"": [[289.03, 253.94], [784.52, 204.39], [883.61, 1216.0], [402.58, 1199.48]], ""image_width"": 960, ""image_height"": 1280}",indoor,fingers
REPLAY/Lenovo ThinkBook 15 G2 by Honor 8A/replay_0823.jpeg,"{""label"": ""receipt"", ""shape_type"": ""polygon"", ""points"": [[322.06, 373.68], [759.74, 386.06], [737.03, 1019.87], [334.45, 1034.32]], ""image_width"": 960, ""image_height"": 1280}",indoor,fingers
REPLAY/Lenovo ThinkBook 15 G2 by Honor 8A/replay_0824.jpeg,"{""label"": ""receipt"", ""shape_type"": ""polygon"", ""points"": [[402.58, 394.32], [755.61, 392.26], [741.16, 935.23], [381.94, 898.06]], ""image_width"": 960, ""image_height"": 1280}",indoor,without_fingers
REPLAY/Lenovo ThinkBook 15 G2 by Honor 8A/replay_0825.jpeg,"{""label"": ""receipt"", ""shape_type"": ""polygon"", ""points"": [[441.81, 233.29], [832.0, 276.65], [836.13, 997.16], [435.61, 974.45]], ""image_width"": 960, ""image_height"": 1280}",indoor,without_fingers
REPLAY/Lenovo ThinkBook 15 G2 by Honor 8A/replay_0826.jpeg,"{""label"": ""receipt"", ""shape_type"": ""polygon"", ""points"": [[249.81, 398.45], [704.0, 381.94], [730.84, 949.68], [299.35, 970.32]], ""image_width"": 960, ""image_height"": 1280}",indoor,fingers
REPLAY/Lenovo ThinkBook 15 G2 by Honor 8A/replay_0827.jpeg,"{""label"": ""receipt"", ""shape_type"": ""polygon"", ""points"": [[375.74, 402.58], [726.71, 398.45], [693.68, 1063.23], [439.74, 1077.68]], ""image_width"": 960, ""image_height"": 1280}",indoor,fingers
REPLAY/Lenovo ThinkBook 15 G2 by Honor 8A/replay_0828.jpeg,"{""label"": ""receipt"", ""shape_type"": ""polygon"", ""points"": [[243.61, 256.0], [858.84, 218.84], [840.26, 997.16], [307.61, 1030.19]], ""image_width"": 960, ""image_height"": 1280}",indoor,fingers
REPLAY/Lenovo ThinkBook 15 G2 by Honor 8A/replay_0829.jpeg,"{""label"": ""receipt"", ""shape_type"": ""polygon"", ""points"": [[272.52, 322.06], [782.45, 262.19], [739.1, 931.1], [305.55, 937.29]], ""image_width"": 960, ""image_height"": 1280}",indoor,fingers
REPLAY/Lenovo ThinkBook 15 G2 by Honor 8A/replay_0830.jpeg,"{""label"": ""receipt"", ""shape_type"": ""polygon"", ""points"": [[49.55, 274.58], [832.0, 187.87], [838.19, 695.74], [107.35, 796.9]], ""image_width"": 960, ""image_height"": 1280}",indoor,without_fingers
REPLAY/Lenovo ThinkBook 15 G2 by Honor 8A/replay_0831.jpeg,"{""label"": ""receipt"", ""shape_type"": ""polygon"", ""points"": [[150.71, 49.55], [745.29, 41.29], [832.0, 896.0], [233.29, 949.68]], ""image_width"": 960, ""image_height"": 1280}",indoor,without_fingers
REPLAY/Lenovo ThinkBook 15 G2 by Honor 8A/replay_0832.jpeg,"{""label"": ""receipt"", ""shape_type"": ""polygon"", ""points"": [[84.65, 367.48], [679.23, 320.0], [637.94, 980.65], [185.81, 1026.06]], ""image_width"": 960, ""image_height"": 1280}",indoor,fingers
REPLAY/Lenovo ThinkBook 15 G2 by Honor 8A/replay_0833.jpeg,"{""label"": ""receipt"", ""shape_type"": ""polygon"", ""points"": [[229.16, 200.26], [741.16, 204.39], [821.68, 838.19], [315.87, 823.74]], ""image_width"": 960, ""image_height"": 1280}",indoor,without_fingers
REPLAY/Lenovo ThinkBook 15 G2 by Honor 8A/replay_0834.jpeg,"{""label"": ""receipt"", ""shape_type"": ""polygon"", ""points"": [[235.35, 334.45], [701.94, 227.1], [778.32, 836.13], [355.1, 889.81]], ""image_width"": 960, ""image_height"": 1280}",indoor,without_fingers
REPLAY/Lenovo ThinkBook 15 G2 by Honor 8A/replay_0835.jpeg,"{""label"": ""receipt"", ""shape_type"": ""polygon"", ""points"": [[237.42, 338.58], [689.55, 295.23], [701.94, 900.13], [270.45, 920.77]], ""image_width"": 960, ""image_height"": 1280}",indoor,without_fingers
REPLAY/Lenovo ThinkBook 15 G2 by Honor 8A/replay_0836.jpeg,"{""label"": ""receipt"", ""shape_type"": ""polygon"", ""points"": [[227.1, 280.77], [693.68, 189.94], [743.23, 827.87], [353.03, 850.58]], ""image_width"": 960, ""image_height"": 1280}",indoor,fingers
REPLAY/Lenovo ThinkBook 15 G2 by Honor 8A/replay_0837.jpeg,"{""label"": ""receipt"", ""shape_type"": ""polygon"", ""points"": [[225.03, 293.16], [951.74, 202.32], [953.81, 809.29], [336.52, 844.39]], ""image_width"": 960, ""image_height"": 1280}",indoor,fingers
REPLAY/Lenovo ThinkBook 15 G2 by Honor 8A/replay_0838.jpeg,"{""label"": ""receipt"", ""shape_type"": ""polygon"", ""points"": [[222.97, 94.97], [761.81, 33.03], [759.74, 1160.26], [280.77, 1131.35]], ""image_width"": 960, ""image_height"": 1280}",indoor,fingers
REPLAY/Lenovo ThinkBook 15 G2 by Honor 8A/replay_0839.jpeg,"{""label"": ""receipt"", ""shape_type"": ""polygon"", ""points"": [[381.94, 177.55], [834.06, 179.61], [842.32, 1038.45], [367.48, 1009.55]], ""image_width"": 960, ""image_height"": 1280}",indoor,fingers
REPLAY/Lenovo ThinkBook 15 G2 by Honor 8A/replay_0840.jpeg,"{""label"": ""receipt"", ""shape_type"": ""polygon"", ""points"": [[117.68, 74.32], [730.84, 173.42], [699.87, 1106.58], [270.45, 1071.48]], ""image_width"": 960, ""image_height"": 1280}",indoor,fingers
REPLAY/Lenovo ThinkBook 15 G2 by Honor 8A/replay_0841.jpeg,"{""label"": ""receipt"", ""shape_type"": ""polygon"", ""points"": [[289.03, 229.16], [774.19, 266.32], [716.39, 966.19], [289.03, 966.19]], ""image_width"": 960, ""image_height"": 1280}",outdoor,fingers
REPLAY/Lenovo ThinkBook 15 G2 by Honor 8A/replay_0842.jpeg,"{""label"": ""receipt"", ""shape_type"": ""polygon"", ""points"": [[264.26, 344.77], [662.71, 272.52], [747.35, 772.13], [344.77, 858.84]], ""image_width"": 960, ""image_height"": 1280}",outdoor,without_fingers
REPLAY/Lenovo ThinkBook 15 G2 by Honor 8A/replay_0843.jpeg,"{""label"": ""receipt"", ""shape_type"": ""polygon"", ""points"": [[315.87, 148.65], [811.35, 45.42], [807.23, 875.35], [377.81, 852.65]], ""image_width"": 960, ""image_height"": 1280}",outdoor,fingers
REPLAY/Lenovo ThinkBook 15 G2 by Honor 8A/replay_0844.jpeg,"{""label"": ""receipt"", ""shape_type"": ""polygon"", ""points"": [[169.29, 324.13], [765.94, 295.23], [726.71, 914.58], [280.77, 916.65]], ""image_width"": 960, ""image_height"": 1280}",outdoor,fingers
REPLAY/Lenovo ThinkBook 15 G2 by Honor 8A/replay_0845.jpeg,"{""label"": ""receipt"", ""shape_type"": ""polygon"", ""points"": [[204.39, 353.03], [737.03, 249.81], [786.58, 935.23], [328.26, 933.16]], ""image_width"": 960, ""image_height"": 1280}",outdoor,fingers
REPLAY/Lenovo ThinkBook 15 G2 by Honor 8A/replay_0846.jpeg,"{""label"": ""receipt"", ""shape_type"": ""polygon"", ""points"": [[150.71, 76.39], [801.03, 90.84], [724.65, 904.26], [253.94, 891.87]], ""image_width"": 960, ""image_height"": 1280}",indoor,fingers
REPLAY/Lenovo ThinkBook 15 G2 by Honor 8A/replay_0847.jpeg,"{""label"": ""receipt"", ""shape_type"": ""polygon"", ""points"": [[128.0, 536.77], [685.42, 394.32], [854.71, 908.39], [342.71, 1104.52]], ""image_width"": 960, ""image_height"": 1280}",outdoor,fingers
REPLAY/Lenovo ThinkBook 15 G2 by Honor 8A/replay_0848.jpeg,"{""label"": ""receipt"", ""shape_type"": ""polygon"", ""points"": [[332.39, 235.35], [776.26, 295.23], [838.19, 1005.42], [379.87, 1042.58]], ""image_width"": 960, ""image_height"": 1280}",outdoor,fingers
REPLAY/Lenovo ThinkBook 15 G2 by Honor 8A/replay_0849.jpeg,"{""label"": ""receipt"", ""shape_type"": ""polygon"", ""points"": [[152.77, 406.71], [842.32, 396.39], [827.87, 827.87], [163.1, 852.65]], ""image_width"": 960, ""image_height"": 1280}",outdoor,without_fingers
REPLAY/Lenovo ThinkBook 15 G2 by Honor 8A/replay_0850.jpeg,"{""label"": ""receipt"", ""shape_type"": ""polygon"", ""points"": [[123.87, 326.19], [821.68, 237.42], [896.0, 966.19], [256.0, 1017.81]], ""image_width"": 960, ""image_height"": 1280}",outdoor,fingers
REPLAY/Lenovo ThinkBook 15 G2 by Honor 8A/replay_0851.jpeg,"{""label"": ""receipt"", ""shape_type"": ""polygon"", ""points"": [[384.0, 303.48], [739.1, 377.81], [751.48, 931.1], [381.94, 931.1]], ""image_width"": 960, ""image_height"": 1280}",outdoor,without_fingers
REPLAY/Lenovo ThinkBook 15 G2 by Honor 8A/replay_0852.jpeg,"{""label"": ""receipt"", ""shape_type"": ""polygon"", ""points"": [[266.32, 229.16], [792.77, 256.0], [751.48, 889.81], [260.13, 823.74]], ""image_width"": 960, ""image_height"": 1280}",outdoor,fingers
REPLAY/Lenovo ThinkBook 15 G2 by Honor 8A/replay_0853.jpeg,"{""label"": ""receipt"", ""shape_type"": ""polygon"", ""points"": [[121.81, 289.03], [679.23, 256.0], [763.87, 902.19], [251.87, 982.71]], ""image_width"": 960, ""image_height"": 1280}",outdoor,fingers
REPLAY/Lenovo ThinkBook 15 G2 by Honor 8A/replay_0854.jpeg,"{""label"": ""receipt"", ""shape_type"": ""polygon"", ""points"": [[237.42, 233.29], [782.45, 200.26], [768.0, 1009.55], [305.55, 931.1]], ""image_width"": 960, ""image_height"": 1280}",outdoor,fingers
REPLAY/Lenovo ThinkBook 15 G2 by Honor 8A/replay_0855.jpeg,"{""label"": ""receipt"", ""shape_type"": ""polygon"", ""points"": [[299.35, 357.16], [697.81, 317.94], [730.84, 937.29], [371.61, 988.9]], ""image_width"": 960, ""image_height"": 1280}",outdoor,fingers
REPLAY/Lenovo ThinkBook 15 G2 by Honor 8A/replay_0856.jpeg,"{""label"": ""receipt"", ""shape_type"": ""polygon"", ""points"": [[295.23, 225.03], [811.35, 218.84], [819.61, 898.06], [309.68, 976.52]], ""image_width"": 960, ""image_height"": 1280}",outdoor,fingers
REPLAY/Lenovo ThinkBook 15 G2 by Honor 8A/replay_0857.jpeg,"{""label"": ""receipt"", ""shape_type"": ""polygon"", ""points"": [[365.42, 231.23], [734.97, 169.29], [770.06, 765.94], [419.1, 757.68]], ""image_width"": 960, ""image_height"": 1280}",outdoor,fingers
REPLAY/Lenovo ThinkBook 15 G2 by Honor 8A/replay_0858.jpeg,"{""label"": ""receipt"", ""shape_type"": ""polygon"", ""points"": [[229.16, 299.35], [778.32, 260.13], [757.68, 968.26], [315.87, 980.65]], ""image_width"": 960, ""image_height"": 1280}",outdoor,fingers
REPLAY/Lenovo ThinkBook 15 G2 by Honor 8A/replay_0859.jpeg,"{""label"": ""receipt"", ""shape_type"": ""polygon"", ""points"": [[181.68, 361.29], [596.65, 305.55], [629.68, 957.94], [241.55, 951.74]], ""image_width"": 960, ""image_height"": 1280}",outdoor,fingers
REPLAY/Lenovo ThinkBook 15 G2 by Honor 8A/replay_0860.jpeg,"{""label"": ""receipt"", ""shape_type"": ""polygon"", ""points"": [[61.94, 408.77], [943.48, 342.71], [957.94, 813.42], [94.97, 912.52]], ""image_width"": 960, ""image_height"": 1280}",outdoor,without_fingers
REPLAY/Lenovo ThinkBook 15 G2 by Honor 8A/replay_0861.jpeg,"{""label"": ""receipt"", ""shape_type"": ""polygon"", ""points"": [[187.87, 208.52], [730.84, 136.26], [749.42, 986.84], [256.0, 1036.39]], ""image_width"": 960, ""image_height"": 1280}",outdoor,fingers
REPLAY/Lenovo ThinkBook 15 G2 by Honor 8A/replay_0862.jpeg,"{""label"": ""receipt"", ""shape_type"": ""polygon"", ""points"": [[334.45, 402.58], [683.35, 350.97], [732.9, 926.97], [379.87, 937.29]], ""image_width"": 960, ""image_height"": 1280}",outdoor,without_fingers
REPLAY/Lenovo ThinkBook 15 G2 by Honor 8A/replay_0863.jpeg,"{""label"": ""receipt"", ""shape_type"": ""polygon"", ""points"": [[181.68, 278.71], [658.58, 194.06], [656.52, 906.32], [241.55, 887.74]], ""image_width"": 960, ""image_height"": 1280}",outdoor,fingers
REPLAY/Lenovo ThinkBook 15 G2 by Honor 8A/replay_0864.jpeg,"{""label"": ""receipt"", ""shape_type"": ""polygon"", ""points"": [[247.74, 214.71], [749.42, 173.42], [765.94, 922.84], [326.19, 941.42]], ""image_width"": 960, ""image_height"": 1280}",outdoor,fingers
REPLAY/Lenovo ThinkBook 15 G2 by Honor 8A/replay_0865.jpeg,"{""label"": ""receipt"", ""shape_type"": ""polygon"", ""points"": [[177.55, 138.32], [945.55, 274.58], [957.94, 776.26], [101.16, 774.19]], ""image_width"": 960, ""image_height"": 1280}",outdoor,without_fingers
REPLAY/Lenovo ThinkBook 15 G2 by Honor 8A/replay_0866.jpeg,"{""label"": ""receipt"", ""shape_type"": ""polygon"", ""points"": [[179.61, 317.94], [588.39, 272.52], [623.48, 825.81], [299.35, 862.97]], ""image_width"": 960, ""image_height"": 1280}",outdoor,fingers
REPLAY/Lenovo ThinkBook 15 G2 by Honor 8A/replay_0867.jpeg,"{""label"": ""receipt"", ""shape_type"": ""polygon"", ""points"": [[192.0, 179.61], [670.97, 105.29], [720.52, 918.71], [289.03, 974.45]], ""image_width"": 960, ""image_height"": 1280}",outdoor,fingers
REPLAY/Lenovo ThinkBook 15 G2 by Honor 8A/replay_0868.jpeg,"{""label"": ""receipt"", ""shape_type"": ""polygon"", ""points"": [[249.81, 291.1], [726.71, 289.03], [743.23, 980.65], [375.74, 1048.77]], ""image_width"": 960, ""image_height"": 1280}",outdoor,without_fingers
REPLAY/Lenovo ThinkBook 15 G2 by Honor 8A/replay_0869.jpeg,"{""label"": ""receipt"", ""shape_type"": ""polygon"", ""points"": [[313.81, 346.84], [759.74, 359.23], [770.06, 968.26], [346.84, 949.68]], ""image_width"": 960, ""image_height"": 1280}",outdoor,without_fingers
REPLAY/Lenovo ThinkBook 15 G2 by Honor 8A/replay_0870.jpeg,"{""label"": ""receipt"", ""shape_type"": ""polygon"", ""points"": [[478.97, 460.39], [776.26, 487.23], [728.77, 939.35], [464.52, 945.55]], ""image_width"": 960, ""image_height"": 1280}",outdoor,without_fingers
REPLAY/Lenovo ThinkBook 15 G2 by Honor 8A/replay_0871.jpeg,"{""label"": ""receipt"", ""shape_type"": ""polygon"", ""points"": [[262.19, 247.74], [716.39, 225.03], [697.81, 960.0], [251.87, 966.19]], ""image_width"": 960, ""image_height"": 1280}",outdoor,without_fingers
REPLAY/Lenovo ThinkBook 15 G2 by Honor 8A/replay_0872.jpeg,"{""label"": ""receipt"", ""shape_type"": ""polygon"", ""points"": [[375.74, 419.1], [687.48, 425.29], [732.9, 931.1], [441.81, 960.0]], ""image_width"": 960, ""image_height"": 1280}",outdoor,without_fingers
REPLAY/Lenovo ThinkBook 15 G2 by Honor 8A/replay_0873.jpeg,"{""label"": ""receipt"", ""shape_type"": ""polygon"", ""points"": [[181.68, 404.65], [846.45, 373.68], [865.03, 755.61], [241.55, 840.26]], ""image_width"": 960, ""image_height"": 1280}",outdoor,without_fingers
REPLAY/Lenovo ThinkBook 15 G2 by Honor 8A/replay_0874.jpeg,"{""label"": ""receipt"", ""shape_type"": ""polygon"", ""points"": [[266.32, 309.68], [964.13, 262.19], [949.68, 681.29], [348.9, 757.68]], ""image_width"": 960, ""image_height"": 1280}",outdoor,without_fingers
REPLAY/Lenovo ThinkBook 15 G2 by Honor 8A/replay_0875.jpeg,"{""label"": ""receipt"", ""shape_type"": ""polygon"", ""points"": [[256.0, 204.39], [922.84, 291.1], [858.84, 957.94], [336.52, 1032.26]], ""image_width"": 960, ""image_height"": 1280}",outdoor,fingers
REPLAY/Lenovo ThinkBook 15 G2 by Honor 8A/replay_0876.jpeg,"{""label"": ""receipt"", ""shape_type"": ""polygon"", ""points"": [[280.77, 136.26], [716.39, 163.1], [749.42, 825.81], [346.84, 893.94]], ""image_width"": 960, ""image_height"": 1280}",outdoor,without_fingers
REPLAY/Lenovo ThinkBook 15 G2 by Honor 8A/replay_0877.jpeg,"{""label"": ""receipt"", ""shape_type"": ""polygon"", ""points"": [[322.06, 278.71], [753.55, 192.0], [803.1, 869.16], [425.29, 941.42]], ""image_width"": 960, ""image_height"": 1280}",outdoor,without_fingers
REPLAY/Lenovo ThinkBook 15 G2 by Honor 8A/replay_0878.jpeg,"{""label"": ""receipt"", ""shape_type"": ""polygon"", ""points"": [[247.74, 229.16], [757.68, 119.74], [720.52, 1059.1], [301.42, 1013.68]], ""image_width"": 960, ""image_height"": 1280}",outdoor,fingers
REPLAY/Lenovo ThinkBook 15 G2 by Honor 8A/replay_0879.jpeg,"{""label"": ""receipt"", ""shape_type"": ""polygon"", ""points"": [[348.9, 266.32], [776.26, 241.55], [730.84, 960.0], [369.55, 957.94]], ""image_width"": 960, ""image_height"": 1280}",outdoor,fingers
REPLAY/Lenovo ThinkBook 15 G2 by Honor 8A/replay_0880.jpeg,"{""label"": ""receipt"", ""shape_type"": ""polygon"", ""points"": [[303.48, 262.19], [704.0, 253.94], [732.9, 947.61], [377.81, 949.68]], ""image_width"": 960, ""image_height"": 1280}",outdoor,fingers
REPLAY/Lenovo ThinkBook 15 G2 by Honor 8A/replay_0881.jpeg,"{""label"": ""receipt"", ""shape_type"": ""polygon"", ""points"": [[28.9, 74.32], [569.81, 41.29], [627.61, 943.48], [187.87, 995.1]], ""image_width"": 960, ""image_height"": 1280}",outdoor,fingers
REPLAY/Lenovo ThinkBook 15 G2 by Honor 8A/replay_0882.jpeg,"{""label"": ""receipt"", ""shape_type"": ""polygon"", ""points"": [[171.35, 175.48], [714.32, 109.42], [755.61, 908.39], [266.32, 943.48]], ""image_width"": 960, ""image_height"": 1280}",outdoor,fingers
REPLAY/Lenovo ThinkBook 15 G2 by Honor 8A/replay_0883.jpeg,"{""label"": ""receipt"", ""shape_type"": ""polygon"", ""points"": [[76.39, 353.03], [953.81, 169.29], [953.81, 652.39], [148.65, 776.26]], ""image_width"": 960, ""image_height"": 1280}",outdoor,without_fingers
REPLAY/Lenovo ThinkBook 15 G2 by Honor 8A/replay_0884.jpeg,"{""label"": ""receipt"", ""shape_type"": ""polygon"", ""points"": [[284.9, 412.9], [753.55, 328.26], [776.26, 999.23], [276.65, 1024.0]], ""image_width"": 960, ""image_height"": 1280}",outdoor,fingers
REPLAY/Lenovo ThinkBook 15 G2 by Honor 8A/replay_0885.jpeg,"{""label"": ""receipt"", ""shape_type"": ""polygon"", ""points"": [[264.26, 309.68], [755.61, 394.32], [687.48, 896.0], [270.45, 881.55]], ""image_width"": 960, ""image_height"": 1280}",outdoor,without_fingers
REPLAY/Lenovo ThinkBook 15 G2 by Honor 8A/replay_0886.jpeg,"{""label"": ""receipt"", ""shape_type"": ""polygon"", ""points"": [[390.19, 460.39], [737.03, 505.81], [722.58, 990.97], [365.42, 972.39]], ""image_width"": 960, ""image_height"": 1280}",outdoor,fingers
REPLAY/Lenovo ThinkBook 15 G2 by Honor 8A/replay_0887.jpeg,"{""label"": ""receipt"", ""shape_type"": ""polygon"", ""points"": [[214.71, 189.94], [768.0, 152.77], [722.58, 993.03], [278.71, 1030.19]], ""image_width"": 960, ""image_height"": 1280}",outdoor,fingers
REPLAY/Lenovo ThinkBook 15 G2 by Honor 8A/replay_0888.jpeg,"{""label"": ""receipt"", ""shape_type"": ""polygon"", ""points"": [[222.97, 417.03], [670.97, 445.94], [687.48, 1209.81], [284.9, 1193.29]], ""image_width"": 960, ""image_height"": 1280}",outdoor,fingers
REPLAY/Lenovo ThinkBook 15 G2 by Honor 8A/replay_0889.jpeg,"{""label"": ""receipt"", ""shape_type"": ""polygon"", ""points"": [[359.23, 338.58], [840.26, 291.1], [832.0, 974.45], [357.16, 949.68]], ""image_width"": 960, ""image_height"": 1280}",outdoor,fingers
REPLAY/Lenovo ThinkBook 15 G2 by Honor 8A/replay_0890.jpeg,"{""label"": ""receipt"", ""shape_type"": ""polygon"", ""points"": [[324.13, 237.42], [761.81, 196.13], [718.45, 972.39], [307.61, 931.1]], ""image_width"": 960, ""image_height"": 1280}",outdoor,fingers
REPLAY/Lenovo ThinkBook 15 G2 by Honor 8A/replay_0891.jpeg,"{""label"": ""receipt"", ""shape_type"": ""polygon"", ""points"": [[377.81, 452.13], [697.81, 427.35], [772.13, 929.03], [425.29, 929.03]], ""image_width"": 960, ""image_height"": 1280}",outdoor,fingers
REPLAY/Lenovo ThinkBook 15 G2 by Honor 8A/replay_0892.jpeg,"{""label"": ""receipt"", ""shape_type"": ""polygon"", ""points"": [[338.58, 225.03], [772.13, 229.16], [718.45, 912.52], [320.0, 893.94]], ""image_width"": 960, ""image_height"": 1280}",outdoor,fingers
REPLAY/Lenovo ThinkBook 15 G2 by Honor 8A/replay_0893.jpeg,"{""label"": ""receipt"", ""shape_type"": ""polygon"", ""points"": [[278.71, 433.55], [613.16, 419.1], [596.65, 836.13], [315.87, 898.06]], ""image_width"": 960, ""image_height"": 1280}",outdoor,fingers
REPLAY/Lenovo ThinkBook 15 G2 by Honor 8A/replay_0894.jpeg,"{""label"": ""receipt"", ""shape_type"": ""polygon"", ""points"": [[353.03, 305.55], [825.81, 268.39], [819.61, 1073.55], [328.26, 1059.1]], ""image_width"": 960, ""image_height"": 1280}",outdoor,fingers
REPLAY/Lenovo ThinkBook 15 G2 by Honor 8A/replay_0895.jpeg,"{""label"": ""receipt"", ""shape_type"": ""polygon"", ""points"": [[225.03, 425.29], [637.94, 344.77], [629.68, 1021.94], [243.61, 1050.84]], ""image_width"": 960, ""image_height"": 1280}",outdoor,fingers
REPLAY/Lenovo ThinkBook 15 G2 by Honor 8A/replay_0896.jpeg,"{""label"": ""receipt"", ""shape_type"": ""polygon"", ""points"": [[177.55, 398.45], [732.9, 355.1], [741.16, 1154.06], [187.87, 1207.74]], ""image_width"": 960, ""image_height"": 1280}",outdoor,fingers
REPLAY/Lenovo ThinkBook 15 G2 by Honor 8A/replay_0897.jpeg,"{""label"": ""receipt"", ""shape_type"": ""polygon"", ""points"": [[280.77, 340.65], [695.74, 301.42], [751.48, 1013.68], [346.84, 1098.32]], ""image_width"": 960, ""image_height"": 1280}",outdoor,fingers
REPLAY/Lenovo ThinkBook 15 G2 by Honor 8A/replay_0898.jpeg,"{""label"": ""receipt"", ""shape_type"": ""polygon"", ""points"": [[309.68, 355.1], [747.35, 268.39], [778.32, 910.45], [346.84, 926.97]], ""image_width"": 960, ""image_height"": 1280}",outdoor,fingers
REPLAY/Lenovo ThinkBook 15 G2 by Honor 8A/replay_0899.jpeg,"{""label"": ""receipt"", ""shape_type"": ""polygon"", ""points"": [[371.61, 417.03], [798.97, 338.58], [811.35, 951.74], [392.26, 957.94]], ""image_width"": 960, ""image_height"": 1280}",outdoor,fingers
REPLAY/Lenovo ThinkBook 15 G2 by Honor 8A/replay_0900.jpeg,"{""label"": ""receipt"", ""shape_type"": ""polygon"", ""points"": [[214.71, 189.94], [770.06, 53.68], [867.1, 1028.13], [282.84, 1052.9]], ""image_width"": 960, ""image_height"": 1280}",outdoor,fingers
REPLAY/Lenovo ThinkBook 15 G2 by Honor 8A/replay_0901.jpeg,"{""label"": ""receipt"", ""shape_type"": ""polygon"", ""points"": [[113.55, 332.39], [914.58, 291.1], [881.55, 798.97], [146.58, 834.06]], ""image_width"": 960, ""image_height"": 1280}",indoor,without_fingers
REPLAY/Lenovo ThinkBook 15 G2 by Honor 8A/replay_0902.jpeg,"{""label"": ""receipt"", ""shape_type"": ""polygon"", ""points"": [[86.71, 357.16], [873.29, 299.35], [904.26, 819.61], [179.61, 902.19]], ""image_width"": 960, ""image_height"": 1280}",indoor,without_fingers
REPLAY/Lenovo ThinkBook 15 G2 by Honor 8A/replay_0903.jpeg,"{""label"": ""receipt"", ""shape_type"": ""polygon"", ""points"": [[121.81, 384.0], [916.65, 338.58], [889.81, 877.42], [132.13, 881.55]], ""image_width"": 960, ""image_height"": 1280}",indoor,without_fingers
REPLAY/Lenovo ThinkBook 15 G2 by Honor 8A/replay_0904.jpeg,"{""label"": ""receipt"", ""shape_type"": ""polygon"", ""points"": [[51.61, 369.55], [875.35, 274.58], [832.0, 792.77], [150.71, 873.29]], ""image_width"": 960, ""image_height"": 1280}",outdoor,without_fingers
REPLAY/Lenovo ThinkBook 15 G2 by Honor 8A/replay_0905.jpeg,"{""label"": ""receipt"", ""shape_type"": ""polygon"", ""points"": [[51.61, 361.29], [862.97, 414.97], [842.32, 842.32], [57.81, 829.94]], ""image_width"": 960, ""image_height"": 1280}",outdoor,without_fingers
REPLAY/Lenovo ThinkBook 15 G2 by Honor 8A/replay_0906.jpeg,"{""label"": ""receipt"", ""shape_type"": ""polygon"", ""points"": [[84.65, 293.16], [951.74, 214.71], [943.48, 823.74], [220.9, 854.71]], ""image_width"": 960, ""image_height"": 1280}",outdoor,without_fingers
REPLAY/Lenovo ThinkBook 15 G2 by Honor 8A/replay_0907.jpeg,"{""label"": ""receipt"", ""shape_type"": ""polygon"", ""points"": [[43.35, 454.19], [943.48, 286.97], [939.35, 871.23], [6.19, 980.65]], ""image_width"": 960, ""image_height"": 1280}",outdoor,fingers
REPLAY/Lenovo ThinkBook 15 G2 by Honor 8A/replay_0908.jpeg,"{""label"": ""receipt"", ""shape_type"": ""polygon"", ""points"": [[185.81, 330.32], [571.87, 303.48], [656.52, 904.26], [332.39, 990.97]], ""image_width"": 960, ""image_height"": 1280}",outdoor,without_fingers
REPLAY/Lenovo ThinkBook 15 G2 by Honor 8A/replay_0909.jpeg,"{""label"": ""receipt"", ""shape_type"": ""polygon"", ""points"": [[241.55, 161.03], [712.26, 241.55], [629.68, 982.71], [264.26, 937.29]], ""image_width"": 960, ""image_height"": 1280}",outdoor,fingers
REPLAY/Lenovo ThinkBook 15 G2 by Honor 8A/replay_0910.jpeg,"{""label"": ""receipt"", ""shape_type"": ""polygon"", ""points"": [[301.42, 206.45], [881.55, 123.87], [898.06, 1059.1], [373.68, 1079.74]], ""image_width"": 960, ""image_height"": 1280}",indoor,fingers
REPLAY/Lenovo ThinkBook 15 G2 by Honor 8A/replay_0911.jpeg,"{""label"": ""receipt"", ""shape_type"": ""polygon"", ""points"": [[369.55, 398.45], [912.52, 363.35], [840.26, 1046.71], [363.35, 1038.45]], ""image_width"": 960, ""image_height"": 1280}",outdoor,fingers
REPLAY/Lenovo ThinkBook 15 G2 by Honor 8A/replay_0912.jpeg,"{""label"": ""receipt"", ""shape_type"": ""polygon"", ""points"": [[136.26, 192.0], [778.32, 117.68], [792.77, 883.61], [297.29, 953.81]], ""image_width"": 960, ""image_height"": 1280}",indoor,fingers
REPLAY/Lenovo ThinkBook 15 G2 by Honor 8A/replay_0913.jpeg,"{""label"": ""receipt"", ""shape_type"": ""polygon"", ""points"": [[322.06, 390.19], [576.0, 363.35], [615.23, 778.32], [417.03, 788.65]], ""image_width"": 960, ""image_height"": 1280}",outdoor,fingers
REPLAY/Lenovo ThinkBook 15 G2 by Honor 8A/replay_0914.jpeg,"{""label"": ""receipt"", ""shape_type"": ""polygon"", ""points"": [[173.42, 348.9], [902.19, 270.45], [920.77, 811.35], [227.1, 827.87]], ""image_width"": 960, ""image_height"": 1280}",outdoor,without_fingers
REPLAY/Lenovo ThinkBook 15 G2 by Honor 8A/replay_0915.jpeg,"{""label"": ""receipt"", ""shape_type"": ""polygon"", ""points"": [[249.81, 171.35], [745.29, 132.13], [730.84, 881.55], [225.03, 893.94]], ""image_width"": 960, ""image_height"": 1280}",outdoor,fingers
REPLAY/Lenovo ThinkBook 15 G2 by Honor 8A/replay_0916.jpeg,"{""label"": ""receipt"", ""shape_type"": ""polygon"", ""points"": [[293.16, 443.87], [755.61, 417.03], [765.94, 675.1], [291.1, 689.55]], ""image_width"": 960, ""image_height"": 1280}",outdoor,without_fingers
REPLAY/Lenovo ThinkBook 15 G2 by Honor 8A/replay_0917.jpeg,"{""label"": ""receipt"", ""shape_type"": ""polygon"", ""points"": [[231.23, 150.71], [765.94, 72.26], [794.84, 982.71], [231.23, 1040.52]], ""image_width"": 960, ""image_height"": 1280}",indoor,without_fingers
REPLAY/Lenovo ThinkBook 15 G2 by Honor 8A/replay_0918.jpeg,"{""label"": ""receipt"", ""shape_type"": ""polygon"", ""points"": [[171.35, 90.84], [860.9, 8.26], [823.74, 935.23], [214.71, 914.58]], ""image_width"": 960, ""image_height"": 1280}",indoor,fingers
REPLAY/Lenovo ThinkBook 15 G2 by Honor 8A/replay_0919.jpeg,"{""label"": ""receipt"", ""shape_type"": ""polygon"", ""points"": [[198.19, 266.32], [710.19, 150.71], [825.81, 1063.23], [320.0, 1168.52]], ""image_width"": 960, ""image_height"": 1280}",outdoor,fingers
REPLAY/Lenovo ThinkBook 15 G2 by Honor 8A/replay_0920.jpeg,"{""label"": ""receipt"", ""shape_type"": ""polygon"", ""points"": [[196.13, 163.1], [732.9, 163.1], [772.13, 875.35], [268.39, 871.23]], ""image_width"": 960, ""image_height"": 1280}",indoor,fingers
REPLAY/Phillips PHL 271V8 and MacBook Pro M1/replay_0921.jpeg,"{""label"": ""receipt"", ""shape_type"": ""polygon"", ""points"": [[258.06, 266.32], [576.0, 324.13], [584.26, 887.74], [243.61, 900.13]], ""image_width"": 960, ""image_height"": 1280}",outdoor,without_fingers
REPLAY/Phillips PHL 271V8 and MacBook Pro M1/replay_0922.jpeg,"{""label"": ""receipt"", ""shape_type"": ""polygon"", ""points"": [[313.81, 328.26], [666.84, 388.13], [679.23, 1034.32], [301.42, 1030.19]], ""image_width"": 960, ""image_height"": 1280}",outdoor,fingers
REPLAY/Phillips PHL 271V8 and MacBook Pro M1/replay_0923.jpeg,"{""label"": ""receipt"", ""shape_type"": ""polygon"", ""points"": [[202.32, 307.61], [664.77, 301.42], [613.16, 1030.19], [179.61, 995.1]], ""image_width"": 960, ""image_height"": 1280}",outdoor,fingers
REPLAY/Phillips PHL 271V8 and MacBook Pro M1/replay_0924.jpeg,"{""label"": ""receipt"", ""shape_type"": ""polygon"", ""points"": [[380.72, 173.95], [1114.26, 297.03], [1038.77, 766.36], [282.26, 656.41]], ""image_width"": 1280, ""image_height"": 960}",indoor,without_fingers
REPLAY/Phillips PHL 271V8 and MacBook Pro M1/replay_0925.jpeg,"{""label"": ""receipt"", ""shape_type"": ""polygon"", ""points"": [[280.77, 270.45], [631.74, 365.42], [716.39, 1185.03], [286.97, 1195.35]], ""image_width"": 960, ""image_height"": 1280}",outdoor,fingers
REPLAY/Phillips PHL 271V8 and MacBook Pro M1/replay_0926.jpeg,"{""label"": ""receipt"", ""shape_type"": ""polygon"", ""points"": [[289.03, 146.58], [809.29, 189.94], [770.06, 1149.94], [266.32, 1135.48]], ""image_width"": 960, ""image_height"": 1280}",indoor,fingers
REPLAY/Phillips PHL 271V8 and MacBook Pro M1/replay_0927.jpeg,"{""label"": ""receipt"", ""shape_type"": ""polygon"", ""points"": [[204.39, 408.77], [654.45, 286.97], [815.48, 1071.48], [297.29, 1127.23]], ""image_width"": 960, ""image_height"": 1280}",indoor,without_fingers
REPLAY/Phillips PHL 271V8 and MacBook Pro M1/replay_0928.jpeg,"{""label"": ""receipt"", ""shape_type"": ""polygon"", ""points"": [[187.87, 433.55], [681.29, 406.71], [704.0, 1019.87], [233.29, 1032.26]], ""image_width"": 960, ""image_height"": 1280}",indoor,without_fingers
REPLAY/Phillips PHL 271V8 and MacBook Pro M1/replay_0929.jpeg,"{""label"": ""receipt"", ""shape_type"": ""polygon"", ""points"": [[245.68, 328.26], [720.52, 303.48], [755.61, 947.61], [309.68, 1017.81]], ""image_width"": 960, ""image_height"": 1280}",indoor,without_fingers
REPLAY/Phillips PHL 271V8 and MacBook Pro M1/replay_0930.jpeg,"{""label"": ""receipt"", ""shape_type"": ""polygon"", ""points"": [[229.16, 353.03], [631.74, 421.16], [648.26, 1026.06], [262.19, 1017.81]], ""image_width"": 960, ""image_height"": 1280}",indoor,without_fingers
REPLAY/Phillips PHL 271V8 and MacBook Pro M1/replay_0931.jpeg,"{""label"": ""receipt"", ""shape_type"": ""polygon"", ""points"": [[313.81, 278.71], [873.29, 245.68], [807.23, 1168.52], [282.84, 1036.39]], ""image_width"": 960, ""image_height"": 1280}",indoor,fingers
REPLAY/Phillips PHL 271V8 and MacBook Pro M1/replay_0932.jpeg,"{""label"": ""receipt"", ""shape_type"": ""polygon"", ""points"": [[100.1, 311.79], [1058.46, 216.62], [1135.59, 633.44], [229.74, 746.67]], ""image_width"": 1280, ""image_height"": 960}",indoor,without_fingers
REPLAY/Phillips PHL 271V8 and MacBook Pro M1/replay_0933.jpeg,"{""label"": ""receipt"", ""shape_type"": ""polygon"", ""points"": [[247.79, 164.1], [1069.95, 154.26], [1046.97, 748.31], [256.0, 736.82]], ""image_width"": 1280, ""image_height"": 960}",indoor,fingers
REPLAY/Phillips PHL 271V8 and MacBook Pro M1/replay_0934.jpeg,"{""label"": ""receipt"", ""shape_type"": ""polygon"", ""points"": [[303.48, 154.84], [854.71, 270.45], [724.65, 1127.23], [99.1, 1003.35]], ""image_width"": 960, ""image_height"": 1280}",indoor,without_fingers
REPLAY/Phillips PHL 271V8 and MacBook Pro M1/replay_0935.jpeg,"{""label"": ""receipt"", ""shape_type"": ""polygon"", ""points"": [[262.19, 450.06], [778.32, 371.61], [825.81, 1085.94], [276.65, 1044.65]], ""image_width"": 960, ""image_height"": 1280}",outdoor,fingers
REPLAY/Phillips PHL 271V8 and MacBook Pro M1/replay_0936.jpeg,"{""label"": ""receipt"", ""shape_type"": ""polygon"", ""points"": [[161.03, 282.84], [846.45, 278.71], [881.55, 966.19], [247.74, 1013.68]], ""image_width"": 960, ""image_height"": 1280}",indoor,fingers
REPLAY/Phillips PHL 271V8 and MacBook Pro M1/replay_0937.jpeg,"{""label"": ""receipt"", ""shape_type"": ""polygon"", ""points"": [[214.71, 324.13], [813.42, 301.42], [829.94, 1166.45], [260.13, 1108.65]], ""image_width"": 960, ""image_height"": 1280}",outdoor,fingers
REPLAY/Phillips PHL 271V8 and MacBook Pro M1/replay_0938.jpeg,"{""label"": ""receipt"", ""shape_type"": ""polygon"", ""points"": [[225.03, 425.29], [749.42, 381.94], [823.74, 1133.42], [301.42, 1131.35]], ""image_width"": 960, ""image_height"": 1280}",outdoor,without_fingers
REPLAY/Phillips PHL 271V8 and MacBook Pro M1/replay_0939.jpeg,"{""label"": ""receipt"", ""shape_type"": ""polygon"", ""points"": [[384.0, 227.1], [858.84, 251.87], [842.32, 1160.26], [320.0, 1065.29]], ""image_width"": 960, ""image_height"": 1280}",indoor,fingers
REPLAY/Phillips PHL 271V8 and MacBook Pro M1/replay_0940.jpeg,"{""label"": ""receipt"", ""shape_type"": ""polygon"", ""points"": [[241.55, 365.42], [759.74, 373.68], [759.74, 1096.26], [272.52, 1040.52]], ""image_width"": 960, ""image_height"": 1280}",outdoor,fingers
REPLAY/Phillips PHL 271V8 and MacBook Pro M1/replay_0941.jpeg,"{""label"": ""receipt"", ""shape_type"": ""polygon"", ""points"": [[156.9, 429.42], [679.23, 381.94], [757.68, 1116.9], [266.32, 1123.1]], ""image_width"": 960, ""image_height"": 1280}",outdoor,without_fingers
REPLAY/Phillips PHL 271V8 and MacBook Pro M1/replay_0942.jpeg,"{""label"": ""receipt"", ""shape_type"": ""polygon"", ""points"": [[163.1, 206.45], [673.03, 309.68], [670.97, 1244.9], [251.87, 1164.39]], ""image_width"": 960, ""image_height"": 1280}",outdoor,fingers
REPLAY/Phillips PHL 271V8 and MacBook Pro M1/replay_0943.jpeg,"{""label"": ""receipt"", ""shape_type"": ""polygon"", ""points"": [[264.26, 272.52], [720.52, 398.45], [658.58, 1032.26], [212.65, 1021.94]], ""image_width"": 960, ""image_height"": 1280}",outdoor,fingers
REPLAY/Phillips PHL 271V8 and MacBook Pro M1/replay_0944.jpeg,"{""label"": ""receipt"", ""shape_type"": ""polygon"", ""points"": [[212.65, 94.97], [704.0, 33.03], [675.1, 1234.58], [192.0, 1172.65]], ""image_width"": 960, ""image_height"": 1280}",outdoor,fingers
REPLAY/Phillips PHL 271V8 and MacBook Pro M1/replay_0945.jpeg,"{""label"": ""receipt"", ""shape_type"": ""polygon"", ""points"": [[313.81, 282.84], [815.48, 200.26], [765.94, 1032.26], [332.39, 988.9]], ""image_width"": 960, ""image_height"": 1280}",outdoor,fingers
REPLAY/Phillips PHL 271V8 and MacBook Pro M1/replay_0946.jpeg,"{""label"": ""receipt"", ""shape_type"": ""polygon"", ""points"": [[161.03, 452.13], [739.1, 464.52], [695.74, 1079.74], [227.1, 1042.58]], ""image_width"": 960, ""image_height"": 1280}",outdoor,fingers
REPLAY/Phillips PHL 271V8 and MacBook Pro M1/replay_0947.jpeg,"{""label"": ""receipt"", ""shape_type"": ""polygon"", ""points"": [[253.94, 458.32], [654.45, 404.65], [734.97, 931.1], [311.74, 988.9]], ""image_width"": 960, ""image_height"": 1280}",outdoor,without_fingers
REPLAY/Phillips PHL 271V8 and MacBook Pro M1/replay_0948.jpeg,"{""label"": ""receipt"", ""shape_type"": ""polygon"", ""points"": [[163.1, 462.45], [739.1, 350.97], [763.87, 1052.9], [280.77, 1040.52]], ""image_width"": 960, ""image_height"": 1280}",indoor,fingers
REPLAY/Phillips PHL 271V8 and MacBook Pro M1/replay_0949.jpeg,"{""label"": ""receipt"", ""shape_type"": ""polygon"", ""points"": [[194.06, 235.35], [829.94, 243.61], [708.13, 1046.71], [239.48, 1024.0]], ""image_width"": 960, ""image_height"": 1280}",indoor,fingers
REPLAY/Phillips PHL 271V8 and MacBook Pro M1/replay_0950.jpeg,"{""label"": ""receipt"", ""shape_type"": ""polygon"", ""points"": [[183.74, 443.87], [747.35, 336.52], [774.19, 1054.97], [293.16, 1036.39]], ""image_width"": 960, ""image_height"": 1280}",indoor,fingers
REPLAY/Phillips PHL 271V8 and MacBook Pro M1/replay_0951.jpeg,"{""label"": ""receipt"", ""shape_type"": ""polygon"", ""points"": [[128.0, 375.74], [796.9, 363.35], [867.1, 1081.81], [241.55, 1116.9]], ""image_width"": 960, ""image_height"": 1280}",outdoor,fingers
REPLAY/Phillips PHL 271V8 and MacBook Pro M1/replay_0952.jpeg,"{""label"": ""receipt"", ""shape_type"": ""polygon"", ""points"": [[97.03, 569.81], [722.58, 414.97], [862.97, 1011.61], [330.32, 1182.97]], ""image_width"": 960, ""image_height"": 1280}",outdoor,fingers
REPLAY/Phillips PHL 271V8 and MacBook Pro M1/replay_0953.jpeg,"{""label"": ""receipt"", ""shape_type"": ""polygon"", ""points"": [[68.13, 355.1], [652.39, 326.19], [726.71, 1009.55], [171.35, 1065.29]], ""image_width"": 960, ""image_height"": 1280}",outdoor,fingers
REPLAY/Phillips PHL 271V8 and MacBook Pro M1/replay_0954.jpeg,"{""label"": ""receipt"", ""shape_type"": ""polygon"", ""points"": [[84.65, 348.9], [770.06, 344.77], [842.32, 1083.87], [220.9, 1096.26]], ""image_width"": 960, ""image_height"": 1280}",outdoor,fingers
REPLAY/Phillips PHL 271V8 and MacBook Pro M1/replay_0955.jpeg,"{""label"": ""receipt"", ""shape_type"": ""polygon"", ""points"": [[326.19, 286.97], [811.35, 377.81], [823.74, 1118.97], [338.58, 1125.16]], ""image_width"": 960, ""image_height"": 1280}",outdoor,fingers
REPLAY/Phillips PHL 271V8 and MacBook Pro M1/replay_0956.jpeg,"{""label"": ""receipt"", ""shape_type"": ""polygon"", ""points"": [[183.79, 203.49], [1037.13, 214.97], [984.62, 736.82], [188.72, 697.44]], ""image_width"": 1280, ""image_height"": 960}",outdoor,without_fingers
REPLAY/Phillips PHL 271V8 and MacBook Pro M1/replay_0957.jpeg,"{""label"": ""receipt"", ""shape_type"": ""polygon"", ""points"": [[206.45, 295.23], [757.68, 346.84], [718.45, 995.1], [150.71, 887.74]], ""image_width"": 960, ""image_height"": 1280}",outdoor,fingers
REPLAY/Phillips PHL 271V8 and MacBook Pro M1/replay_0958.jpeg,"{""label"": ""receipt"", ""shape_type"": ""polygon"", ""points"": [[355.1, 355.1], [706.06, 439.74], [704.0, 1019.87], [315.87, 1017.81]], ""image_width"": 960, ""image_height"": 1280}",outdoor,without_fingers
REPLAY/Phillips PHL 271V8 and MacBook Pro M1/replay_0959.jpeg,"{""label"": ""receipt"", ""shape_type"": ""polygon"", ""points"": [[258.06, 342.71], [706.06, 322.06], [720.52, 1005.42], [291.1, 1048.77]], ""image_width"": 960, ""image_height"": 1280}",outdoor,fingers
REPLAY/Phillips PHL 271V8 and MacBook Pro M1/replay_0960.jpeg,"{""label"": ""receipt"", ""shape_type"": ""polygon"", ""points"": [[212.65, 214.71], [811.35, 198.19], [749.42, 1098.32], [235.35, 1001.29]], ""image_width"": 960, ""image_height"": 1280}",outdoor,fingers
REPLAY/Phillips PHL 271V8 and MacBook Pro M1/replay_0961.jpeg,"{""label"": ""receipt"", ""shape_type"": ""polygon"", ""points"": [[229.16, 227.1], [825.81, 235.35], [807.23, 993.03], [239.48, 1046.71]], ""image_width"": 960, ""image_height"": 1280}",outdoor,fingers
REPLAY/Phillips PHL 271V8 and MacBook Pro M1/replay_0962.jpeg,"{""label"": ""receipt"", ""shape_type"": ""polygon"", ""points"": [[237.42, 317.94], [858.84, 286.97], [832.0, 1096.26], [270.45, 1090.06]], ""image_width"": 960, ""image_height"": 1280}",indoor,fingers
REPLAY/Phillips PHL 271V8 and MacBook Pro M1/replay_0963.jpeg,"{""label"": ""receipt"", ""shape_type"": ""polygon"", ""points"": [[75.49, 249.44], [938.67, 126.36], [1055.18, 736.82], [123.08, 779.49]], ""image_width"": 1280, ""image_height"": 960}",outdoor,without_fingers
REPLAY/Phillips PHL 271V8 and MacBook Pro M1/replay_0964.jpeg,"{""label"": ""receipt"", ""shape_type"": ""polygon"", ""points"": [[270.77, 244.51], [1012.51, 60.72], [1094.56, 600.62], [339.69, 651.49]], ""image_width"": 1280, ""image_height"": 960}",outdoor,fingers
REPLAY/Phillips PHL 271V8 and MacBook Pro M1/replay_0965.jpeg,"{""label"": ""receipt"", ""shape_type"": ""polygon"", ""points"": [[274.05, 185.44], [902.56, 160.82], [923.9, 603.9], [287.18, 631.79]], ""image_width"": 1280, ""image_height"": 960}",indoor,without_fingers
REPLAY/Phillips PHL 271V8 and MacBook Pro M1/replay_0966.jpeg,"{""label"": ""receipt"", ""shape_type"": ""polygon"", ""points"": [[425.03, 123.08], [1076.51, 124.72], [969.85, 602.26], [428.31, 553.03]], ""image_width"": 1280, ""image_height"": 960}",indoor,fingers
REPLAY/Phillips PHL 271V8 and MacBook Pro M1/replay_0967.jpeg,"{""label"": ""receipt"", ""shape_type"": ""polygon"", ""points"": [[218.26, 126.36], [1083.08, 136.21], [1025.64, 735.18], [252.72, 735.18]], ""image_width"": 1280, ""image_height"": 960}",indoor,fingers
REPLAY/Phillips PHL 271V8 and MacBook Pro M1/replay_0968.jpeg,"{""label"": ""receipt"", ""shape_type"": ""polygon"", ""points"": [[249.81, 280.77], [768.0, 284.9], [829.94, 960.0], [299.35, 916.65]], ""image_width"": 960, ""image_height"": 1280}",indoor,without_fingers
REPLAY/Phillips PHL 271V8 and MacBook Pro M1/replay_0969.jpeg,"{""label"": ""receipt"", ""shape_type"": ""polygon"", ""points"": [[293.16, 404.65], [792.77, 371.61], [726.71, 1040.52], [289.03, 1036.39]], ""image_width"": 960, ""image_height"": 1280}",indoor,fingers
REPLAY/Phillips PHL 271V8 and MacBook Pro M1/replay_0970.jpeg,"{""label"": ""receipt"", ""shape_type"": ""polygon"", ""points"": [[173.42, 140.39], [782.45, 132.13], [842.32, 1032.26], [200.26, 1038.45]], ""image_width"": 960, ""image_height"": 1280}",indoor,without_fingers
REPLAY/Phillips PHL 271V8 and MacBook Pro M1/replay_0971.jpeg,"{""label"": ""receipt"", ""shape_type"": ""polygon"", ""points"": [[196.13, 460.39], [689.55, 359.23], [763.87, 993.03], [315.87, 1019.87]], ""image_width"": 960, ""image_height"": 1280}",indoor,without_fingers
REPLAY/Phillips PHL 271V8 and MacBook Pro M1/replay_0972.jpeg,"{""label"": ""receipt"", ""shape_type"": ""polygon"", ""points"": [[218.84, 456.26], [675.1, 445.94], [683.35, 1061.16], [239.48, 1050.84]], ""image_width"": 960, ""image_height"": 1280}",indoor,without_fingers
REPLAY/Phillips PHL 271V8 and MacBook Pro M1/replay_0973.jpeg,"{""label"": ""receipt"", ""shape_type"": ""polygon"", ""points"": [[66.06, 429.42], [708.13, 394.32], [644.13, 1079.74], [163.1, 1108.65]], ""image_width"": 960, ""image_height"": 1280}",indoor,fingers
REPLAY/Phillips PHL 271V8 and MacBook Pro M1/replay_0974.jpeg,"{""label"": ""receipt"", ""shape_type"": ""polygon"", ""points"": [[245.68, 483.1], [776.26, 433.55], [768.0, 906.32], [282.84, 933.16]], ""image_width"": 960, ""image_height"": 1280}",indoor,fingers
REPLAY/Phillips PHL 271V8 and MacBook Pro M1/replay_0975.jpeg,"{""label"": ""receipt"", ""shape_type"": ""polygon"", ""points"": [[328.21, 224.82], [1179.9, 124.72], [1184.82, 692.51], [444.72, 720.41]], ""image_width"": 1280, ""image_height"": 960}",indoor,fingers
REPLAY/Phillips PHL 271V8 and MacBook Pro M1/replay_0976.jpeg,"{""label"": ""receipt"", ""shape_type"": ""polygon"", ""points"": [[204.39, 322.06], [712.26, 326.19], [718.45, 1075.61], [218.84, 1059.1]], ""image_width"": 960, ""image_height"": 1280}",indoor,without_fingers
REPLAY/Phillips PHL 271V8 and MacBook Pro M1/replay_0977.jpeg,"{""label"": ""receipt"", ""shape_type"": ""polygon"", ""points"": [[243.61, 328.26], [753.55, 297.29], [650.32, 1015.74], [237.42, 929.03]], ""image_width"": 960, ""image_height"": 1280}",indoor,
REPLAY/Phillips PHL 271V8 and MacBook Pro M1/replay_0978.jpeg,"{""label"": ""receipt"", ""shape_type"": ""polygon"", ""points"": [[171.35, 293.16], [689.55, 208.52], [693.68, 910.45], [270.45, 904.26]], ""image_width"": 960, ""image_height"": 1280}",indoor,fingers
REPLAY/Phillips PHL 271V8 and MacBook Pro M1/replay_0979.jpeg,"{""label"": ""receipt"", ""shape_type"": ""polygon"", ""points"": [[365.42, 251.87], [891.87, 320.0], [714.32, 1021.94], [270.45, 993.03]], ""image_width"": 960, ""image_height"": 1280}",indoor,fingers
REPLAY/Phillips PHL 271V8 and MacBook Pro M1/replay_0980.jpeg,"{""label"": ""receipt"", ""shape_type"": ""polygon"", ""points"": [[289.03, 276.65], [792.77, 280.77], [805.16, 1059.1], [299.35, 1059.1]], ""image_width"": 960, ""image_height"": 1280}",indoor,without_fingers
REPLAY/Phillips PHL 271V8 and MacBook Pro M1/replay_0981.jpeg,"{""label"": ""receipt"", ""shape_type"": ""polygon"", ""points"": [[330.32, 348.9], [801.03, 456.26], [631.74, 1071.48], [225.03, 966.19]], ""image_width"": 960, ""image_height"": 1280}",,
REPLAY/Phillips PHL 271V8 and MacBook Pro M1/replay_0982.jpeg,"{""label"": ""receipt"", ""shape_type"": ""polygon"", ""points"": [[365.42, 359.23], [737.03, 367.48], [668.9, 1017.81], [253.94, 900.13]], ""image_width"": 960, ""image_height"": 1280}",indoor,without_fingers
REPLAY/Phillips PHL 271V8 and MacBook Pro M1/replay_0983.jpeg,"{""label"": ""receipt"", ""shape_type"": ""polygon"", ""points"": [[208.52, 187.87], [854.71, 251.87], [693.68, 1203.61], [136.26, 1061.16]], ""image_width"": 960, ""image_height"": 1280}",indoor,without_fingers
REPLAY/Phillips PHL 271V8 and MacBook Pro M1/replay_0984.jpeg,"{""label"": ""receipt"", ""shape_type"": ""polygon"", ""points"": [[179.61, 249.81], [695.74, 247.74], [679.23, 1069.42], [202.32, 1021.94]], ""image_width"": 960, ""image_height"": 1280}",indoor,fingers
REPLAY/Phillips PHL 271V8 and MacBook Pro M1/replay_0985.jpeg,"{""label"": ""receipt"", ""shape_type"": ""polygon"", ""points"": [[256.0, 119.79], [1184.82, 208.41], [1142.15, 738.46], [236.31, 648.21]], ""image_width"": 1280, ""image_height"": 960}",indoor,without_fingers
REPLAY/Phillips PHL 271V8 and MacBook Pro M1/replay_0986.jpeg,"{""label"": ""receipt"", ""shape_type"": ""polygon"", ""points"": [[270.45, 282.84], [786.58, 247.74], [753.55, 984.77], [241.55, 951.74]], ""image_width"": 960, ""image_height"": 1280}",indoor,fingers
REPLAY/Phillips PHL 271V8 and MacBook Pro M1/replay_0987.jpeg,"{""label"": ""receipt"", ""shape_type"": ""polygon"", ""points"": [[287.18, 264.21], [943.59, 316.72], [904.21, 651.49], [265.85, 659.69]], ""image_width"": 1280, ""image_height"": 960}",indoor,without_fingers
REPLAY/Phillips PHL 271V8 and MacBook Pro M1/replay_0988.jpeg,"{""label"": ""receipt"", ""shape_type"": ""polygon"", ""points"": [[390.19, 342.71], [834.06, 342.71], [770.06, 1067.35], [249.81, 988.9]], ""image_width"": 960, ""image_height"": 1280}",indoor,without_fingers
REPLAY/Phillips PHL 271V8 and MacBook Pro M1/replay_0989.jpeg,"{""label"": ""receipt"", ""shape_type"": ""polygon"", ""points"": [[173.42, 332.39], [683.35, 291.1], [673.03, 1135.48], [220.9, 1162.32]], ""image_width"": 960, ""image_height"": 1280}",indoor,fingers
REPLAY/Phillips PHL 271V8 and MacBook Pro M1/replay_0990.jpeg,"{""label"": ""receipt"", ""shape_type"": ""polygon"", ""points"": [[332.39, 485.16], [794.84, 450.06], [708.13, 1135.48], [262.19, 1098.32]], ""image_width"": 960, ""image_height"": 1280}",indoor,fingers
REPLAY/Phillips PHL 271V8 and MacBook Pro M1/replay_0991.jpeg,"{""label"": ""receipt"", ""shape_type"": ""polygon"", ""points"": [[228.1, 226.46], [1155.28, 247.79], [1086.36, 726.97], [219.9, 717.13]], ""image_width"": 1280, ""image_height"": 960}",indoor,without_fingers
REPLAY/Phillips PHL 271V8 and MacBook Pro M1/replay_0992.jpeg,"{""label"": ""receipt"", ""shape_type"": ""polygon"", ""points"": [[235.35, 266.32], [755.61, 243.61], [749.42, 1071.48], [251.87, 1059.1]], ""image_width"": 960, ""image_height"": 1280}",outdoor,fingers
REPLAY/Phillips PHL 271V8 and MacBook Pro M1/replay_0993.jpeg,"{""label"": ""receipt"", ""shape_type"": ""polygon"", ""points"": [[235.35, 414.97], [598.71, 367.48], [625.55, 1021.94], [227.1, 972.39]], ""image_width"": 960, ""image_height"": 1280}",outdoor,fingers
REPLAY/Phillips PHL 271V8 and MacBook Pro M1/replay_0994.jpeg,"{""label"": ""receipt"", ""shape_type"": ""polygon"", ""points"": [[208.52, 326.19], [631.74, 297.29], [633.81, 988.9], [214.71, 933.16]], ""image_width"": 960, ""image_height"": 1280}",outdoor,fingers
REPLAY/Phillips PHL 271V8 and MacBook Pro M1/replay_0995.jpeg,"{""label"": ""receipt"", ""shape_type"": ""polygon"", ""points"": [[245.68, 258.06], [737.03, 229.16], [718.45, 1001.29], [295.23, 984.77]], ""image_width"": 960, ""image_height"": 1280}",outdoor,fingers
REPLAY/Phillips PHL 271V8 and MacBook Pro M1/replay_0996.jpeg,"{""label"": ""receipt"", ""shape_type"": ""polygon"", ""points"": [[336.52, 398.45], [761.81, 414.97], [732.9, 1048.77], [311.74, 1013.68]], ""image_width"": 960, ""image_height"": 1280}",outdoor,fingers
REPLAY/Phillips PHL 271V8 and MacBook Pro M1/replay_0997.jpeg,"{""label"": ""receipt"", ""shape_type"": ""polygon"", ""points"": [[136.26, 229.16], [629.68, 187.87], [646.19, 1021.94], [179.61, 1030.19]], ""image_width"": 960, ""image_height"": 1280}",outdoor,fingers
REPLAY/Phillips PHL 271V8 and MacBook Pro M1/replay_0998.jpeg,"{""label"": ""receipt"", ""shape_type"": ""polygon"", ""points"": [[156.9, 334.45], [571.87, 305.55], [604.9, 887.74], [253.94, 887.74]], ""image_width"": 960, ""image_height"": 1280}",outdoor,fingers
REPLAY/Phillips PHL 271V8 and MacBook Pro M1/replay_0999.jpeg,"{""label"": ""receipt"", ""shape_type"": ""polygon"", ""points"": [[369.55, 458.32], [697.81, 495.48], [635.87, 1007.48], [348.9, 995.1]], ""image_width"": 960, ""image_height"": 1280}",outdoor,without_fingers
REPLAY/Phillips PHL 271V8 and MacBook Pro M1/replay_1000.jpeg,"{""label"": ""receipt"", ""shape_type"": ""polygon"", ""points"": [[350.97, 313.81], [786.58, 307.61], [778.32, 1085.94], [346.84, 1071.48]], ""image_width"": 960, ""image_height"": 1280}",outdoor,fingers
REPLAY/Phillips PHL 271V8 and MacBook Pro M1/replay_1001.jpeg,"{""label"": ""receipt"", ""shape_type"": ""polygon"", ""points"": [[278.71, 431.48], [619.35, 429.42], [648.26, 999.23], [332.39, 1015.74]], ""image_width"": 960, ""image_height"": 1280}",outdoor,without_fingers
REPLAY/Phillips PHL 271V8 and MacBook Pro M1/replay_1002.jpeg,"{""label"": ""receipt"", ""shape_type"": ""polygon"", ""points"": [[173.42, 398.45], [588.39, 334.45], [670.97, 1096.26], [291.1, 1114.84]], ""image_width"": 960, ""image_height"": 1280}",indoor,without_fingers
REPLAY/Phillips PHL 271V8 and MacBook Pro M1/replay_1003.jpeg,"{""label"": ""receipt"", ""shape_type"": ""polygon"", ""points"": [[161.03, 136.26], [648.26, 76.39], [805.16, 986.84], [384.0, 1063.23]], ""image_width"": 960, ""image_height"": 1280}",indoor,without_fingers
REPLAY/Phillips PHL 271V8 and MacBook Pro M1/replay_1004.jpeg,"{""label"": ""receipt"", ""shape_type"": ""polygon"", ""points"": [[289.03, 576.0], [706.06, 526.45], [819.61, 1112.77], [359.23, 1143.74]], ""image_width"": 960, ""image_height"": 1280}",indoor,without_fingers
REPLAY/Phillips PHL 271V8 and MacBook Pro M1/replay_1005.jpeg,"{""label"": ""receipt"", ""shape_type"": ""polygon"", ""points"": [[262.56, 246.15], [981.33, 308.51], [922.26, 713.85], [265.85, 685.95]], ""image_width"": 1280, ""image_height"": 960}",outdoor,fingers
REPLAY/Phillips PHL 271V8 and MacBook Pro M1/replay_1006.jpeg,"{""label"": ""receipt"", ""shape_type"": ""polygon"", ""points"": [[291.1, 295.23], [724.65, 301.42], [697.81, 916.65], [284.9, 862.97]], ""image_width"": 960, ""image_height"": 1280}",outdoor,without_fingers
REPLAY/Phillips PHL 271V8 and MacBook Pro M1/replay_1007.jpeg,"{""label"": ""receipt"", ""shape_type"": ""polygon"", ""points"": [[132.92, 182.15], [1028.92, 182.15], [1032.21, 741.74], [154.26, 715.49]], ""image_width"": 1280, ""image_height"": 960}",outdoor,without_fingers
REPLAY/Phillips PHL 271V8 and MacBook Pro M1/replay_1008.jpeg,"{""label"": ""receipt"", ""shape_type"": ""polygon"", ""points"": [[222.97, 289.03], [685.42, 307.61], [621.42, 933.16], [220.9, 883.61]], ""image_width"": 960, ""image_height"": 1280}",outdoor,without_fingers
REPLAY/Phillips PHL 271V8 and MacBook Pro M1/replay_1009.jpeg,"{""label"": ""receipt"", ""shape_type"": ""polygon"", ""points"": [[198.19, 286.97], [801.03, 315.87], [716.39, 914.58], [258.06, 926.97]], ""image_width"": 960, ""image_height"": 1280}",outdoor,fingers
REPLAY/Phillips PHL 271V8 and MacBook Pro M1/replay_1010.jpeg,"{""label"": ""receipt"", ""shape_type"": ""polygon"", ""points"": [[86.71, 158.97], [751.48, 138.32], [670.97, 1005.42], [158.97, 982.71]], ""image_width"": 960, ""image_height"": 1280}",outdoor,fingers
REPLAY/Phillips PHL 271V8 and MacBook Pro M1/replay_1011.jpeg,"{""label"": ""receipt"", ""shape_type"": ""polygon"", ""points"": [[214.97, 90.26], [1066.67, 219.9], [1076.51, 704.0], [147.69, 681.03]], ""image_width"": 1280, ""image_height"": 960}",outdoor,without_fingers
REPLAY/Phillips PHL 271V8 and MacBook Pro M1/replay_1012.jpeg,"{""label"": ""receipt"", ""shape_type"": ""polygon"", ""points"": [[204.39, 249.81], [712.26, 243.61], [656.52, 1042.58], [194.06, 1030.19]], ""image_width"": 960, ""image_height"": 1280}",outdoor,without_fingers
REPLAY/Phillips PHL 271V8 and MacBook Pro M1/replay_1013.jpeg,"{""label"": ""receipt"", ""shape_type"": ""polygon"", ""points"": [[206.45, 336.52], [675.1, 346.84], [673.03, 1104.52], [266.32, 1143.74]], ""image_width"": 960, ""image_height"": 1280}",outdoor,without_fingers
REPLAY/Phillips PHL 271V8 and MacBook Pro M1/replay_1014.jpeg,"{""label"": ""receipt"", ""shape_type"": ""polygon"", ""points"": [[119.79, 132.92], [1066.67, 124.72], [1063.38, 649.85], [118.15, 700.72]], ""image_width"": 1280, ""image_height"": 960}",outdoor,without_fingers
REPLAY/Phillips PHL 271V8 and MacBook Pro M1/replay_1015.jpeg,"{""label"": ""receipt"", ""shape_type"": ""polygon"", ""points"": [[194.06, 377.81], [625.55, 293.16], [716.39, 999.23], [286.97, 1038.45]], ""image_width"": 960, ""image_height"": 1280}",outdoor,without_fingers
REPLAY/Phillips PHL 271V8 and MacBook Pro M1/replay_1016.jpeg,"{""label"": ""receipt"", ""shape_type"": ""polygon"", ""points"": [[257.64, 267.49], [932.1, 242.87], [951.79, 651.49], [293.74, 689.23]], ""image_width"": 1280, ""image_height"": 960}",outdoor,without_fingers
REPLAY/Phillips PHL 271V8 and MacBook Pro M1/replay_1017.jpeg,"{""label"": ""receipt"", ""shape_type"": ""polygon"", ""points"": [[187.87, 264.26], [625.55, 272.52], [666.84, 951.74], [235.35, 993.03]], ""image_width"": 960, ""image_height"": 1280}",outdoor,without_fingers
REPLAY/Phillips PHL 271V8 and MacBook Pro M1/replay_1018.jpeg,"{""label"": ""receipt"", ""shape_type"": ""polygon"", ""points"": [[165.16, 278.71], [862.97, 328.26], [811.35, 1067.35], [253.94, 1106.58]], ""image_width"": 960, ""image_height"": 1280}",outdoor,fingers
REPLAY/Phillips PHL 271V8 and MacBook Pro M1/replay_1019.jpeg,"{""label"": ""receipt"", ""shape_type"": ""polygon"", ""points"": [[278.71, 419.1], [726.71, 344.77], [761.81, 1017.81], [309.68, 1001.29]], ""image_width"": 960, ""image_height"": 1280}",outdoor,fingers
REPLAY/Phillips PHL 271V8 and MacBook Pro M1/replay_1020.jpeg,"{""label"": ""receipt"", ""shape_type"": ""polygon"", ""points"": [[173.42, 192.0], [755.61, 26.84], [860.9, 1108.65], [220.9, 1069.42]], ""image_width"": 960, ""image_height"": 1280}",outdoor,fingers
REPLAY/Phillips PHL 271V8 and MacBook Pro M1/replay_1021.jpeg,"{""label"": ""receipt"", ""shape_type"": ""polygon"", ""points"": [[274.58, 274.58], [881.55, 227.1], [827.87, 1059.1], [270.45, 1009.55]], ""image_width"": 960, ""image_height"": 1280}",indoor,fingers
REPLAY/Phillips PHL 271V8 and MacBook Pro M1/replay_1022.jpeg,"{""label"": ""receipt"", ""shape_type"": ""polygon"", ""points"": [[313.81, 501.68], [809.29, 499.61], [803.1, 776.26], [301.42, 761.81]], ""image_width"": 960, ""image_height"": 1280}",outdoor,without_fingers
REPLAY/Phillips PHL 271V8 and MacBook Pro M1/replay_1023.jpeg,"{""label"": ""receipt"", ""shape_type"": ""polygon"", ""points"": [[181.68, 375.74], [712.26, 272.52], [790.71, 1193.29], [282.84, 1246.97]], ""image_width"": 960, ""image_height"": 1280}",outdoor,fingers
REPLAY/Phillips PHL 271V8 and MacBook Pro M1/replay_1024.jpeg,"{""label"": ""receipt"", ""shape_type"": ""polygon"", ""points"": [[357.16, 450.06], [704.0, 493.42], [708.13, 1019.87], [332.39, 1005.42]], ""image_width"": 960, ""image_height"": 1280}",outdoor,fingers
REPLAY/Phillips PHL 271V8 and MacBook Pro M1/replay_1025.jpeg,"{""label"": ""receipt"", ""shape_type"": ""polygon"", ""points"": [[222.97, 231.23], [780.39, 251.87], [776.26, 945.55], [289.03, 943.48]], ""image_width"": 960, ""image_height"": 1280}",indoor,fingers
REPLAY/Phillips PHL 271V8 and MacBook Pro M1/replay_1026.jpeg,"{""label"": ""receipt"", ""shape_type"": ""polygon"", ""points"": [[181.68, 396.39], [681.29, 423.23], [652.39, 1244.9], [239.48, 1222.19]], ""image_width"": 960, ""image_height"": 1280}",outdoor,fingers
REPLAY/Phillips PHL 271V8 and MacBook Pro M1/replay_1027.jpeg,"{""label"": ""receipt"", ""shape_type"": ""polygon"", ""points"": [[282.84, 173.42], [753.55, 136.26], [712.26, 986.84], [295.23, 972.39]], ""image_width"": 960, ""image_height"": 1280}",outdoor,fingers
REPLAY/Phillips PHL 271V8 and MacBook Pro M1/replay_1028.jpeg,"{""label"": ""receipt"", ""shape_type"": ""polygon"", ""points"": [[355.1, 286.97], [883.61, 272.52], [848.52, 1009.55], [330.32, 939.35]], ""image_width"": 960, ""image_height"": 1280}",indoor,fingers
REPLAY/Phillips PHL 271V8 and MacBook Pro M1/replay_1029.jpeg,"{""label"": ""receipt"", ""shape_type"": ""polygon"", ""points"": [[218.84, 390.19], [679.23, 324.13], [646.19, 1028.13], [200.26, 1042.58]], ""image_width"": 960, ""image_height"": 1280}",outdoor,fingers
REPLAY/Phillips PHL 271V8 and MacBook Pro M1/replay_1030.jpeg,"{""label"": ""receipt"", ""shape_type"": ""polygon"", ""points"": [[384.0, 414.97], [737.03, 404.65], [774.19, 955.87], [404.65, 918.71]], ""image_width"": 960, ""image_height"": 1280}",outdoor,fingers
REPLAY/Phillips PHL 271V8 and MacBook Pro M1/replay_1031.jpeg,"{""label"": ""receipt"", ""shape_type"": ""polygon"", ""points"": [[262.19, 386.06], [623.48, 390.19], [611.1, 844.39], [264.26, 850.58]], ""image_width"": 960, ""image_height"": 1280}",outdoor,fingers
REPLAY/Phillips PHL 271V8 and MacBook Pro M1/replay_1032.jpeg,"{""label"": ""receipt"", ""shape_type"": ""polygon"", ""points"": [[334.45, 156.9], [786.58, 189.94], [716.39, 896.0], [324.13, 887.74]], ""image_width"": 960, ""image_height"": 1280}",outdoor,fingers
REPLAY/Phillips PHL 271V8 and MacBook Pro M1/replay_1033.jpeg,"{""label"": ""receipt"", ""shape_type"": ""polygon"", ""points"": [[260.13, 276.65], [722.58, 231.23], [747.35, 1011.61], [295.23, 1088.0]], ""image_width"": 960, ""image_height"": 1280}",outdoor,fingers
REPLAY/Phillips PHL 271V8 and MacBook Pro M1/replay_1034.jpeg,"{""label"": ""receipt"", ""shape_type"": ""polygon"", ""points"": [[105.29, 334.45], [704.0, 342.71], [668.9, 1152.0], [117.68, 1156.13]], ""image_width"": 960, ""image_height"": 1280}",outdoor,fingers
REPLAY/Phillips PHL 271V8 and MacBook Pro M1/replay_1035.jpeg,"{""label"": ""receipt"", ""shape_type"": ""polygon"", ""points"": [[159.18, 233.03], [1186.46, 24.62], [1038.77, 635.08], [136.21, 689.23]], ""image_width"": 1280, ""image_height"": 960}",outdoor,fingers
REPLAY/Phillips PHL 271V8 and MacBook Pro M1/replay_1036.jpeg,"{""label"": ""receipt"", ""shape_type"": ""polygon"", ""points"": [[332.39, 251.87], [867.1, 237.42], [815.48, 1100.39], [311.74, 1050.84]], ""image_width"": 960, ""image_height"": 1280}",outdoor,fingers
REPLAY/Phillips PHL 271V8 and MacBook Pro M1/replay_1037.jpeg,"{""label"": ""receipt"", ""shape_type"": ""polygon"", ""points"": [[198.19, 92.9], [689.55, 214.71], [547.1, 990.97], [179.61, 929.03]], ""image_width"": 960, ""image_height"": 1280}",outdoor,fingers
REPLAY/Phillips PHL 271V8 and MacBook Pro M1/replay_1038.jpeg,"{""label"": ""receipt"", ""shape_type"": ""polygon"", ""points"": [[355.1, 359.23], [912.52, 359.23], [778.32, 1083.87], [274.58, 1005.42]], ""image_width"": 960, ""image_height"": 1280}",outdoor,fingers
REPLAY/Phillips PHL 271V8 and MacBook Pro M1/replay_1039.jpeg,"{""label"": ""receipt"", ""shape_type"": ""polygon"", ""points"": [[189.94, 284.9], [788.65, 256.0], [751.48, 978.58], [274.58, 988.9]], ""image_width"": 960, ""image_height"": 1280}",indoor,fingers
REPLAY/Phillips PHL 271V8 and MacBook Pro M1/replay_1040.jpeg,"{""label"": ""receipt"", ""shape_type"": ""polygon"", ""points"": [[291.1, 225.03], [842.32, 169.29], [819.61, 1090.06], [320.0, 1071.48]], ""image_width"": 960, ""image_height"": 1280}",indoor,fingers
REPLAY/Phillips PHL 271V8 and MacBook Pro M1/replay_1041.jpeg,"{""label"": ""receipt"", ""shape_type"": ""polygon"", ""points"": [[328.26, 396.39], [578.06, 394.32], [596.65, 809.29], [388.13, 813.42]], ""image_width"": 960, ""image_height"": 1280}",outdoor,fingers
REPLAY/Phillips PHL 271V8 and MacBook Pro M1/replay_1042.jpeg,"{""label"": ""receipt"", ""shape_type"": ""polygon"", ""points"": [[284.9, 272.52], [716.39, 266.32], [695.74, 970.32], [210.58, 926.97]], ""image_width"": 960, ""image_height"": 1280}",outdoor,fingers
REPLAY/Phillips PHL 271V8 and MacBook Pro M1/replay_1043.jpeg,"{""label"": ""receipt"", ""shape_type"": ""polygon"", ""points"": [[86.71, 379.87], [883.61, 317.94], [889.81, 912.52], [128.0, 885.68]], ""image_width"": 960, ""image_height"": 1280}",outdoor,without_fingers
REPLAY/Phillips PHL 271V8 and MacBook Pro M1/replay_1044.jpeg,"{""label"": ""receipt"", ""shape_type"": ""polygon"", ""points"": [[235.35, 231.23], [751.48, 173.42], [782.45, 1050.84], [196.13, 1048.77]], ""image_width"": 960, ""image_height"": 1280}",indoor,without_fingers
REPLAY/Phillips PHL 271V8 and MacBook Pro M1/replay_1045.jpeg,"{""label"": ""receipt"", ""shape_type"": ""polygon"", ""points"": [[297.29, 317.94], [817.55, 297.29], [794.84, 1019.87], [371.61, 1038.45]], ""image_width"": 960, ""image_height"": 1280}",indoor,
REPLAY/Phillips PHL 271V8 and MacBook Pro M1/replay_1046.jpeg,"{""label"": ""receipt"", ""shape_type"": ""polygon"", ""points"": [[289.03, 386.06], [623.48, 443.87], [569.81, 867.1], [183.74, 867.1]], ""image_width"": 960, ""image_height"": 1280}",outdoor,
REPLAY/Phillips PHL 271V8 and MacBook Pro M1/replay_1047.jpeg,"{""label"": ""receipt"", ""shape_type"": ""polygon"", ""points"": [[270.45, 406.71], [755.61, 307.61], [792.77, 1001.29], [334.45, 993.03]], ""image_width"": 960, ""image_height"": 1280}",outdoor,fingers
REPLAY/Phillips PHL 271V8 and MacBook Pro M1/replay_1048.jpeg,"{""label"": ""receipt"", ""shape_type"": ""polygon"", ""points"": [[178.87, 211.69], [922.26, 123.08], [971.49, 623.59], [288.82, 702.36]], ""image_width"": 1280, ""image_height"": 960}",indoor,without_fingers
REPLAY/Phillips PHL 271V8 and MacBook Pro M1/replay_1049.jpeg,"{""label"": ""receipt"", ""shape_type"": ""polygon"", ""points"": [[269.13, 265.85], [971.49, 278.97], [984.62, 679.38], [290.46, 659.69]], ""image_width"": 1280, ""image_height"": 960}",indoor,without_fingers
REPLAY/Phillips PHL 271V8 and MacBook Pro M1/replay_1050.jpeg,"{""label"": ""receipt"", ""shape_type"": ""polygon"", ""points"": [[195.28, 233.03], [955.08, 277.33], [923.9, 684.31], [182.15, 643.28]], ""image_width"": 1280, ""image_height"": 960}",outdoor,without_fingers
REPLAY/Phillips PHL 271V8 and MacBook Pro M1/replay_1051.jpeg,"{""label"": ""receipt"", ""shape_type"": ""polygon"", ""points"": [[218.26, 198.56], [974.77, 146.05], [955.08, 640.0], [251.08, 662.97]], ""image_width"": 1280, ""image_height"": 960}",outdoor,
REPLAY/Phillips PHL 271V8 and MacBook Pro M1/replay_1052.jpeg,"{""label"": ""receipt"", ""shape_type"": ""polygon"", ""points"": [[97.03, 398.45], [953.81, 274.58], [949.68, 924.9], [200.26, 953.81]], ""image_width"": 960, ""image_height"": 1280}",indoor,without_fingers
REPLAY/Phillips PHL 271V8 and MacBook Pro M1/replay_1053.jpeg,"{""label"": ""receipt"", ""shape_type"": ""polygon"", ""points"": [[201.85, 213.33], [964.92, 162.46], [946.87, 682.67], [236.31, 664.62]], ""image_width"": 1280, ""image_height"": 960}",outdoor,without_fingers
REPLAY/Phillips PHL 271V8 and MacBook Pro M1/replay_1054.jpeg,"{""label"": ""receipt"", ""shape_type"": ""polygon"", ""points"": [[244.51, 249.44], [1001.03, 159.18], [979.69, 674.46], [331.49, 687.59]], ""image_width"": 1280, ""image_height"": 960}",outdoor,without_fingers
REPLAY/Phillips PHL 271V8 and MacBook Pro M1/replay_1055.jpeg,"{""label"": ""receipt"", ""shape_type"": ""polygon"", ""points"": [[227.1, 406.71], [590.45, 365.42], [673.03, 1003.35], [353.03, 1042.58]], ""image_width"": 960, ""image_height"": 1280}",outdoor,without_fingers
REPLAY/Phillips PHL 271V8 and MacBook Pro M1/replay_1056.jpeg,"{""label"": ""receipt"", ""shape_type"": ""polygon"", ""points"": [[353.03, 324.13], [745.29, 315.87], [778.32, 1036.39], [404.65, 999.23]], ""image_width"": 960, ""image_height"": 1280}",outdoor,fingers
REPLAY/Phillips PHL 271V8 and MacBook Pro M1/replay_1057.jpeg,"{""label"": ""receipt"", ""shape_type"": ""polygon"", ""points"": [[286.97, 340.65], [790.71, 445.94], [681.29, 914.58], [284.9, 877.42]], ""image_width"": 960, ""image_height"": 1280}",outdoor,without_fingers
REPLAY/Phillips PHL 271V8 and MacBook Pro M1/replay_1058.jpeg,"{""label"": ""receipt"", ""shape_type"": ""polygon"", ""points"": [[299.35, 309.68], [805.16, 185.81], [720.52, 1143.74], [297.29, 1069.42]], ""image_width"": 960, ""image_height"": 1280}",outdoor,fingers
REPLAY/Phillips PHL 271V8 and MacBook Pro M1/replay_1059.jpeg,"{""label"": ""receipt"", ""shape_type"": ""polygon"", ""points"": [[289.03, 256.0], [786.58, 245.68], [776.26, 1015.74], [299.35, 999.23]], ""image_width"": 960, ""image_height"": 1280}",outdoor,fingers
REPLAY/Phillips PHL 271V8 and MacBook Pro M1/replay_1060.jpeg,"{""label"": ""receipt"", ""shape_type"": ""polygon"", ""points"": [[268.39, 431.48], [749.42, 353.03], [788.65, 1083.87], [253.94, 1083.87]], ""image_width"": 960, ""image_height"": 1280}",outdoor,fingers
REPLAY/Phillips PHL 271V8 and MacBook Pro M1/replay_1061.jpeg,"{""label"": ""receipt"", ""shape_type"": ""polygon"", ""points"": [[222.97, 158.97], [734.97, 144.52], [728.77, 1054.97], [274.58, 1038.45]], ""image_width"": 960, ""image_height"": 1280}",outdoor,fingers
REPLAY/Phillips PHL 271V8 and MacBook Pro M1/replay_1062.jpeg,"{""label"": ""receipt"", ""shape_type"": ""polygon"", ""points"": [[35.1, 342.71], [951.74, 165.16], [951.74, 749.42], [101.16, 838.19]], ""image_width"": 960, ""image_height"": 1280}",outdoor,without_fingers
REPLAY/Phillips PHL 271V8 and MacBook Pro M1/replay_1063.jpeg,"{""label"": ""receipt"", ""shape_type"": ""polygon"", ""points"": [[262.56, 269.13], [1089.64, 113.23], [1114.26, 539.9], [306.87, 630.15]], ""image_width"": 1280, ""image_height"": 960}",outdoor,without_fingers
REPLAY/Phillips PHL 271V8 and MacBook Pro M1/replay_1064.jpeg,"{""label"": ""receipt"", ""shape_type"": ""polygon"", ""points"": [[175.48, 192.0], [741.16, 142.45], [706.06, 1061.16], [237.42, 1069.42]], ""image_width"": 960, ""image_height"": 1280}",outdoor,fingers
REPLAY/Phillips PHL 271V8 and MacBook Pro M1/replay_1065.jpeg,"{""label"": ""receipt"", ""shape_type"": ""polygon"", ""points"": [[171.35, 194.06], [743.23, 142.45], [699.87, 1061.16], [225.03, 1081.81]], ""image_width"": 960, ""image_height"": 1280}",outdoor,fingers
REPLAY/Phillips PHL 271V8 and MacBook Pro M1/replay_1066.jpeg,"{""label"": ""receipt"", ""shape_type"": ""polygon"", ""points"": [[233.29, 377.81], [699.87, 408.77], [640.0, 1036.39], [222.97, 960.0]], ""image_width"": 960, ""image_height"": 1280}",indoor,without_fingers
REPLAY/Phillips PHL 271V8 and MacBook Pro M1/replay_1067.jpeg,"{""label"": ""receipt"", ""shape_type"": ""polygon"", ""points"": [[125.94, 563.61], [604.9, 542.97], [683.35, 1143.74], [200.26, 1141.68]], ""image_width"": 960, ""image_height"": 1280}",indoor,without_fingers
REPLAY/Phillips PHL 271V8 and MacBook Pro M1/replay_1068.jpeg,"{""label"": ""receipt"", ""shape_type"": ""polygon"", ""points"": [[257.64, 308.51], [1043.69, 262.56], [969.85, 713.85], [244.51, 718.77]], ""image_width"": 1280, ""image_height"": 960}",indoor,without_fingers
REPLAY/Phillips PHL 271V8 and MacBook Pro M1/replay_1069.jpeg,"{""label"": ""receipt"", ""shape_type"": ""polygon"", ""points"": [[321.64, 293.74], [1138.87, 456.21], [818.87, 827.08], [267.49, 541.54]], ""image_width"": 1280, ""image_height"": 960}",indoor,without_fingers
REPLAY/Phillips PHL 271V8 and MacBook Pro M1/replay_1070.jpeg,"{""label"": ""receipt"", ""shape_type"": ""polygon"", ""points"": [[410.26, 390.56], [1063.38, 297.03], [1137.23, 592.41], [413.54, 694.15]], ""image_width"": 1280, ""image_height"": 960}",indoor,without_fingers
REPLAY/Phillips PHL 271V8 and MacBook Pro M1/replay_1071.jpeg,"{""label"": ""receipt"", ""shape_type"": ""polygon"", ""points"": [[136.26, 132.13], [745.29, 109.42], [716.39, 1092.13], [206.45, 1077.68]], ""image_width"": 960, ""image_height"": 1280}",indoor,without_fingers
REPLAY/Phillips PHL 271V8 and MacBook Pro M1/replay_1072.jpeg,"{""label"": ""receipt"", ""shape_type"": ""polygon"", ""points"": [[253.94, 315.87], [588.39, 274.58], [637.94, 1139.61], [326.19, 1176.77]], ""image_width"": 960, ""image_height"": 1280}",indoor,
REPLAY/Phillips PHL 271V8 and MacBook Pro M1/replay_1073.jpeg,"{""label"": ""receipt"", ""shape_type"": ""polygon"", ""points"": [[204.39, 204.39], [650.32, 216.77], [615.23, 951.74], [233.29, 832.0]], ""image_width"": 960, ""image_height"": 1280}",indoor,
REPLAY/Phillips PHL 271V8 and MacBook Pro M1/replay_1074.jpeg,"{""label"": ""receipt"", ""shape_type"": ""polygon"", ""points"": [[105.29, 425.29], [606.97, 274.58], [617.29, 1021.94], [196.13, 995.1]], ""image_width"": 960, ""image_height"": 1280}",indoor,fingers
REPLAY/Phillips PHL 271V8 and MacBook Pro M1/replay_1075.jpeg,"{""label"": ""receipt"", ""shape_type"": ""polygon"", ""points"": [[175.48, 210.58], [774.19, 173.42], [728.77, 1081.81], [268.39, 1046.71]], ""image_width"": 960, ""image_height"": 1280}",indoor,fingers
REPLAY/Phillips PHL 271V8 and MacBook Pro M1/replay_1076.jpeg,"{""label"": ""receipt"", ""shape_type"": ""polygon"", ""points"": [[543.18, 105.03], [996.1, 108.31], [973.13, 856.62], [512.0, 805.74]], ""image_width"": 1280, ""image_height"": 960}",indoor,fingers
REPLAY/Phillips PHL 271V8 and MacBook Pro M1/replay_1077.jpeg,"{""label"": ""receipt"", ""shape_type"": ""polygon"", ""points"": [[313.44, 367.59], [958.36, 274.05], [973.13, 648.21], [411.9, 671.18]], ""image_width"": 1280, ""image_height"": 960}",indoor,fingers
REPLAY/Phillips PHL 271V8 and MacBook Pro M1/replay_1078.jpeg,"{""label"": ""receipt"", ""shape_type"": ""polygon"", ""points"": [[221.54, 203.49], [1096.21, 203.49], [1102.77, 730.26], [195.28, 705.64]], ""image_width"": 1280, ""image_height"": 960}",indoor,fingers
REPLAY/Phillips PHL 271V8 and MacBook Pro M1/replay_1079.jpeg,"{""label"": ""receipt"", ""shape_type"": ""polygon"", ""points"": [[51.61, 196.13], [728.77, 169.29], [817.55, 1143.74], [113.55, 1129.29]], ""image_width"": 960, ""image_height"": 1280}",indoor,without_fingers
REPLAY/Phillips PHL 271V8 and MacBook Pro M1/replay_1080.jpeg,"{""label"": ""receipt"", ""shape_type"": ""polygon"", ""points"": [[357.74, 242.87], [854.97, 200.21], [877.95, 677.74], [402.05, 713.85]], ""image_width"": 1280, ""image_height"": 960}",indoor,without_fingers
REPLAY/Phillips PHL 271V8 and MacBook Pro M1/replay_1081.jpeg,"{""label"": ""receipt"", ""shape_type"": ""polygon"", ""points"": [[152.77, 200.26], [695.74, 152.77], [695.74, 1207.74], [258.06, 1195.35]], ""image_width"": 960, ""image_height"": 1280}",indoor,fingers
REPLAY/Phillips PHL 271V8 and MacBook Pro M1/replay_1082.jpeg,"{""label"": ""receipt"", ""shape_type"": ""polygon"", ""points"": [[247.74, 344.77], [734.97, 363.35], [774.19, 1059.1], [247.74, 1052.9]], ""image_width"": 960, ""image_height"": 1280}",indoor,fingers
REPLAY/Phillips PHL 271V8 and MacBook Pro M1/replay_1083.jpeg,"{""label"": ""receipt"", ""shape_type"": ""polygon"", ""points"": [[123.87, 270.45], [832.0, 202.32], [798.97, 1019.87], [189.94, 986.84]], ""image_width"": 960, ""image_height"": 1280}",indoor,fingers
REPLAY/Phillips PHL 271V8 and MacBook Pro M1/replay_1084.jpeg,"{""label"": ""receipt"", ""shape_type"": ""polygon"", ""points"": [[286.97, 322.06], [617.29, 313.81], [615.23, 972.39], [315.87, 964.13]], ""image_width"": 960, ""image_height"": 1280}",indoor,without_fingers
REPLAY/Phillips PHL 271V8 and MacBook Pro M1/replay_1085.jpeg,"{""label"": ""receipt"", ""shape_type"": ""polygon"", ""points"": [[266.32, 251.87], [677.16, 241.55], [640.0, 1048.77], [280.77, 1032.26]], ""image_width"": 960, ""image_height"": 1280}",indoor,fingers
REPLAY/Phillips PHL 271V8 and MacBook Pro M1/replay_1086.jpeg,"{""label"": ""receipt"", ""shape_type"": ""polygon"", ""points"": [[216.77, 161.03], [834.06, 169.29], [776.26, 1226.32], [229.16, 1191.23]], ""image_width"": 960, ""image_height"": 1280}",indoor,without_fingers
REPLAY/Phillips PHL 271V8 and MacBook Pro M1/replay_1087.jpeg,"{""label"": ""receipt"", ""shape_type"": ""polygon"", ""points"": [[136.26, 74.32], [792.77, 22.71], [784.52, 1154.06], [235.35, 1104.52]], ""image_width"": 960, ""image_height"": 1280}",indoor,fingers
REPLAY/Phillips PHL 271V8 and MacBook Pro M1/replay_1088.jpeg,"{""label"": ""receipt"", ""shape_type"": ""polygon"", ""points"": [[179.61, 295.23], [621.42, 117.68], [685.42, 1069.42], [192.0, 1054.97]], ""image_width"": 960, ""image_height"": 1280}",indoor,fingers
REPLAY/Phillips PHL 271V8 and MacBook Pro M1/replay_1089.jpeg,"{""label"": ""receipt"", ""shape_type"": ""polygon"", ""points"": [[363.35, 582.19], [631.74, 553.29], [664.77, 1021.94], [392.26, 1007.48]], ""image_width"": 960, ""image_height"": 1280}",indoor,without_fingers
REPLAY/Phillips PHL 271V8 and MacBook Pro M1/replay_1090.jpeg,"{""label"": ""receipt"", ""shape_type"": ""polygon"", ""points"": [[88.77, 476.9], [780.39, 394.32], [743.23, 931.1], [179.61, 945.55]], ""image_width"": 960, ""image_height"": 1280}",indoor,fingers
REPLAY/Phillips PHL 271V8 and MacBook Pro M1/replay_1091.jpeg,"{""label"": ""receipt"", ""shape_type"": ""polygon"", ""points"": [[43.35, 425.29], [908.39, 363.35], [844.39, 893.94], [113.55, 869.16]], ""image_width"": 960, ""image_height"": 1280}",indoor,fingers
REPLAY/Phillips PHL 271V8 and MacBook Pro M1/replay_1092.jpeg,"{""label"": ""receipt"", ""shape_type"": ""polygon"", ""points"": [[185.81, 350.97], [656.52, 299.35], [687.48, 912.52], [251.87, 951.74]], ""image_width"": 960, ""image_height"": 1280}",indoor,fingers
REPLAY/Phillips PHL 271V8 and MacBook Pro M1/replay_1093.jpeg,"{""label"": ""receipt"", ""shape_type"": ""polygon"", ""points"": [[101.16, 202.32], [776.26, 117.68], [722.58, 879.48], [268.39, 937.29]], ""image_width"": 960, ""image_height"": 1280}",indoor,fingers
REPLAY/Phillips PHL 271V8 and MacBook Pro M1/replay_1094.jpeg,"{""label"": ""receipt"", ""shape_type"": ""polygon"", ""points"": [[272.41, 121.44], [1056.82, 95.18], [1173.33, 661.33], [221.54, 685.95]], ""image_width"": 1280, ""image_height"": 960}",indoor,without_fingers
REPLAY/Phillips PHL 271V8 and MacBook Pro M1/replay_1095.jpeg,"{""label"": ""receipt"", ""shape_type"": ""polygon"", ""points"": [[196.13, 332.39], [877.42, 344.77], [838.19, 786.58], [212.65, 768.0]], ""image_width"": 960, ""image_height"": 1280}",indoor,without_fingers
REPLAY/Phillips PHL 271V8 and MacBook Pro M1/replay_1096.jpeg,"{""label"": ""receipt"", ""shape_type"": ""polygon"", ""points"": [[140.39, 534.71], [951.74, 322.06], [848.52, 867.1], [171.35, 883.61]], ""image_width"": 960, ""image_height"": 1280}",indoor,without_fingers
REPLAY/Phillips PHL 271V8 and MacBook Pro M1/replay_1097.jpeg,"{""label"": ""receipt"", ""shape_type"": ""polygon"", ""points"": [[156.9, 359.23], [747.35, 396.39], [716.39, 1158.19], [249.81, 920.77]], ""image_width"": 960, ""image_height"": 1280}",indoor,fingers
REPLAY/Phillips PHL 271V8 and MacBook Pro M1/replay_1098.jpeg,"{""label"": ""receipt"", ""shape_type"": ""polygon"", ""points"": [[189.94, 194.06], [819.61, 175.48], [761.81, 1187.1], [258.06, 1129.29]], ""image_width"": 960, ""image_height"": 1280}",indoor,fingers
REPLAY/Phillips PHL 271V8 and MacBook Pro M1/replay_1099.jpeg,"{""label"": ""receipt"", ""shape_type"": ""polygon"", ""points"": [[124.72, 233.03], [1163.49, 254.36], [1174.97, 786.05], [239.59, 748.31]], ""image_width"": 1280, ""image_height"": 960}",indoor,fingers
REPLAY/Phillips PHL 271V8 and MacBook Pro M1/replay_1100.jpeg,"{""label"": ""receipt"", ""shape_type"": ""polygon"", ""points"": [[150.71, 262.19], [685.42, 61.94], [596.65, 1081.81], [154.84, 1096.26]], ""image_width"": 960, ""image_height"": 1280}",indoor,without_fingers
REPLAY/Phillips PHL 271V8 and MacBook Pro M1/replay_1101.jpeg,"{""label"": ""receipt"", ""shape_type"": ""polygon"", ""points"": [[177.55, 284.9], [685.42, 2.06], [623.48, 1164.39], [194.06, 1118.97]], ""image_width"": 960, ""image_height"": 1280}",indoor,fingers
REPLAY/Phillips PHL 271V8 and MacBook Pro M1/replay_1102.jpeg,"{""label"": ""receipt"", ""shape_type"": ""polygon"", ""points"": [[167.23, 289.03], [679.23, 303.48], [670.97, 701.94], [218.84, 825.81]], ""image_width"": 960, ""image_height"": 1280}",indoor,fingers
REPLAY/Phillips PHL 271V8 and MacBook Pro M1/replay_1103.jpeg,"{""label"": ""receipt"", ""shape_type"": ""polygon"", ""points"": [[146.58, 402.58], [613.16, 115.61], [576.0, 1205.68], [183.74, 1154.06]], ""image_width"": 960, ""image_height"": 1280}",indoor,fingers
REPLAY/Phillips PHL 271V8 and MacBook Pro M1/replay_1104.jpeg,"{""label"": ""receipt"", ""shape_type"": ""polygon"", ""points"": [[125.94, 359.23], [741.16, 456.26], [710.19, 1100.39], [158.97, 1129.29]], ""image_width"": 960, ""image_height"": 1280}",indoor,without_fingers
REPLAY/Phillips PHL 271V8 and MacBook Pro M1/replay_1105.jpeg,"{""label"": ""receipt"", ""shape_type"": ""polygon"", ""points"": [[171.35, 353.03], [580.13, 330.32], [613.16, 1046.71], [262.19, 1092.13]], ""image_width"": 960, ""image_height"": 1280}",indoor,fingers
REPLAY/Phillips PHL 271V8 and MacBook Pro M1/replay_1106.jpeg,"{""label"": ""receipt"", ""shape_type"": ""polygon"", ""points"": [[218.84, 204.39], [743.23, 212.65], [673.03, 990.97], [276.65, 966.19]], ""image_width"": 960, ""image_height"": 1280}",indoor,fingers
REPLAY/Phillips PHL 271V8 and MacBook Pro M1/replay_1107.jpeg,"{""label"": ""receipt"", ""shape_type"": ""polygon"", ""points"": [[231.23, 414.97], [594.58, 371.61], [563.61, 988.9], [274.58, 945.55]], ""image_width"": 960, ""image_height"": 1280}",indoor,fingers
REPLAY/Phillips PHL 271V8 and MacBook Pro M1/replay_1108.jpeg,"{""label"": ""receipt"", ""shape_type"": ""polygon"", ""points"": [[167.23, 90.84], [776.26, 90.84], [730.84, 1026.06], [258.06, 1067.35]], ""image_width"": 960, ""image_height"": 1280}",indoor,fingers
REPLAY/Phillips PHL 271V8 and MacBook Pro M1/replay_1109.jpeg,"{""label"": ""receipt"", ""shape_type"": ""polygon"", ""points"": [[270.45, 249.81], [747.35, 272.52], [701.94, 984.77], [253.94, 986.84]], ""image_width"": 960, ""image_height"": 1280}",indoor,without_fingers
REPLAY/Phillips PHL 271V8 and MacBook Pro M1/replay_1110.jpeg,"{""label"": ""receipt"", ""shape_type"": ""polygon"", ""points"": [[183.74, 235.35], [617.29, 208.52], [724.65, 929.03], [173.42, 976.52]], ""image_width"": 960, ""image_height"": 1280}",indoor,fingers
REPLAY/Phillips PHL 271V8 and MacBook Pro M1/replay_1111.jpeg,"{""label"": ""receipt"", ""shape_type"": ""polygon"", ""points"": [[26.84, 456.26], [819.61, 392.26], [693.68, 887.74], [113.55, 883.61]], ""image_width"": 960, ""image_height"": 1280}",indoor,
REPLAY/Phillips PHL 271V8 and MacBook Pro M1/replay_1112.jpeg,"{""label"": ""receipt"", ""shape_type"": ""polygon"", ""points"": [[43.35, 485.16], [935.23, 429.42], [798.97, 900.13], [103.23, 906.32]], ""image_width"": 960, ""image_height"": 1280}",indoor,fingers
REPLAY/Phillips PHL 271V8 and MacBook Pro M1/replay_1113.jpeg,"{""label"": ""receipt"", ""shape_type"": ""polygon"", ""points"": [[200.26, 573.94], [827.87, 571.87], [708.13, 1003.35], [208.52, 964.13]], ""image_width"": 960, ""image_height"": 1280}",indoor,fingers
REPLAY/Phillips PHL 271V8 and MacBook Pro M1/replay_1114.jpeg,"{""label"": ""receipt"", ""shape_type"": ""polygon"", ""points"": [[222.97, 41.29], [844.39, 301.42], [689.55, 1164.39], [183.74, 1079.74]], ""image_width"": 960, ""image_height"": 1280}",indoor,fingers
REPLAY/Phillips PHL 271V8 and MacBook Pro M1/replay_1115.jpeg,"{""label"": ""receipt"", ""shape_type"": ""polygon"", ""points"": [[45.42, 433.55], [918.71, 384.0], [877.42, 805.16], [92.9, 858.84]], ""image_width"": 960, ""image_height"": 1280}",indoor,fingers
REPLAY/Phillips PHL 271V8 and MacBook Pro M1/replay_1116.jpeg,"{""label"": ""receipt"", ""shape_type"": ""polygon"", ""points"": [[253.94, 363.35], [782.45, 317.94], [813.42, 1154.06], [326.19, 1162.32]], ""image_width"": 960, ""image_height"": 1280}",indoor,fingers
REPLAY/Phillips PHL 271V8 and MacBook Pro M1/replay_1117.jpeg,"{""label"": ""receipt"", ""shape_type"": ""polygon"", ""points"": [[49.55, 256.0], [571.87, 241.55], [668.9, 1125.16], [119.74, 1026.06]], ""image_width"": 960, ""image_height"": 1280}",indoor,without_fingers
REPLAY/Phillips PHL 271V8 and MacBook Pro M1/replay_1118.jpeg,"{""label"": ""receipt"", ""shape_type"": ""polygon"", ""points"": [[328.26, 233.29], [784.52, 237.42], [724.65, 1032.26], [320.0, 1059.1]], ""image_width"": 960, ""image_height"": 1280}",indoor,without_fingers
REPLAY/Phillips PHL 271V8 and MacBook Pro M1/replay_1119.jpeg,"{""label"": ""receipt"", ""shape_type"": ""polygon"", ""points"": [[117.68, 187.87], [654.45, 119.74], [801.03, 1028.13], [216.77, 1096.26]], ""image_width"": 960, ""image_height"": 1280}",indoor,without_fingers
REPLAY/Phillips PHL 271V8 and MacBook Pro M1/replay_1120.jpeg,"{""label"": ""receipt"", ""shape_type"": ""polygon"", ""points"": [[229.16, 208.52], [829.94, 332.39], [677.16, 1083.87], [92.9, 1106.58]], ""image_width"": 960, ""image_height"": 1280}",indoor,fingers
REPLAY/Phillips PHL 271V8 and MacBook Pro M1/replay_1121.jpeg,"{""label"": ""receipt"", ""shape_type"": ""polygon"", ""points"": [[212.65, 326.19], [751.48, 245.68], [704.0, 968.26], [338.58, 1061.16]], ""image_width"": 960, ""image_height"": 1280}",indoor,fingers
REPLAY/Phillips PHL 271V8 and MacBook Pro M1/replay_1122.jpeg,"{""label"": ""receipt"", ""shape_type"": ""polygon"", ""points"": [[107.35, 448.0], [732.9, 400.52], [695.74, 1083.87], [179.61, 1123.1]], ""image_width"": 960, ""image_height"": 1280}",indoor,without_fingers
REPLAY/Phillips PHL 271V8 and MacBook Pro M1/replay_1123.jpeg,"{""label"": ""receipt"", ""shape_type"": ""polygon"", ""points"": [[78.45, 256.0], [765.94, 173.42], [778.32, 1052.9], [194.06, 1073.55]], ""image_width"": 960, ""image_height"": 1280}",indoor,without_fingers
REPLAY/Phillips PHL 271V8 and MacBook Pro M1/replay_1124.jpeg,"{""label"": ""receipt"", ""shape_type"": ""polygon"", ""points"": [[94.97, 289.03], [695.74, 78.45], [848.52, 1061.16], [258.06, 1015.74]], ""image_width"": 960, ""image_height"": 1280}",indoor,fingers
REPLAY/Phillips PHL 271V8 and MacBook Pro M1/replay_1125.jpeg,"{""label"": ""receipt"", ""shape_type"": ""polygon"", ""points"": [[179.61, 491.35], [652.39, 346.84], [724.65, 1079.74], [326.19, 1052.9]], ""image_width"": 960, ""image_height"": 1280}",indoor,fingers
REPLAY/Phillips PHL 271V8 and MacBook Pro M1/replay_1126.jpeg,"{""label"": ""receipt"", ""shape_type"": ""polygon"", ""points"": [[379.08, 134.56], [1104.41, 134.56], [1101.13, 644.92], [283.9, 666.26]], ""image_width"": 1280, ""image_height"": 960}",indoor,without_fingers
REPLAY/Phillips PHL 271V8 and MacBook Pro M1/replay_1127.jpeg,"{""label"": ""receipt"", ""shape_type"": ""polygon"", ""points"": [[130.06, 303.48], [683.35, 305.55], [689.55, 980.65], [179.61, 815.48]], ""image_width"": 960, ""image_height"": 1280}",indoor,fingers
REPLAY/Phillips PHL 271V8 and MacBook Pro M1/replay_1128.jpeg,"{""label"": ""receipt"", ""shape_type"": ""polygon"", ""points"": [[299.35, 460.39], [730.84, 381.94], [776.26, 993.03], [363.35, 984.77]], ""image_width"": 960, ""image_height"": 1280}",indoor,fingers
REPLAY/Phillips PHL 271V8 and MacBook Pro M1/replay_1129.jpeg,"{""label"": ""receipt"", ""shape_type"": ""polygon"", ""points"": [[179.61, 187.87], [801.03, 181.68], [749.42, 1088.0], [235.35, 805.16]], ""image_width"": 960, ""image_height"": 1280}",indoor,without_fingers
REPLAY/Phillips PHL 271V8 and MacBook Pro M1/replay_1130.jpeg,"{""label"": ""receipt"", ""shape_type"": ""polygon"", ""points"": [[163.1, 293.16], [687.48, 266.32], [635.87, 1092.13], [179.61, 817.55]], ""image_width"": 960, ""image_height"": 1280}",indoor,fingers
REPLAY/Phillips PHL 271V8 and MacBook Pro M1/replay_1131.jpeg,"{""label"": ""receipt"", ""shape_type"": ""polygon"", ""points"": [[225.03, 441.81], [582.19, 458.32], [557.42, 990.97], [214.71, 1026.06]], ""image_width"": 960, ""image_height"": 1280}",indoor,without_fingers
REPLAY/Phillips PHL 271V8 and MacBook Pro M1/replay_1132.jpeg,"{""label"": ""receipt"", ""shape_type"": ""polygon"", ""points"": [[344.77, 332.39], [865.03, 342.71], [776.26, 1075.61], [315.87, 997.16]], ""image_width"": 960, ""image_height"": 1280}",indoor,fingers
REPLAY/Phillips PHL 271V8 and MacBook Pro M1/replay_1133.jpeg,"{""label"": ""receipt"", ""shape_type"": ""polygon"", ""points"": [[237.42, 282.84], [862.97, 173.42], [860.9, 964.13], [307.61, 1036.39]], ""image_width"": 960, ""image_height"": 1280}",indoor,fingers
REPLAY/Phillips PHL 271V8 and MacBook Pro M1/replay_1134.jpeg,"{""label"": ""receipt"", ""shape_type"": ""polygon"", ""points"": [[326.19, 522.32], [790.71, 433.55], [776.26, 1106.58], [332.39, 1052.9]], ""image_width"": 960, ""image_height"": 1280}",indoor,fingers
REPLAY/Phillips PHL 271V8 and MacBook Pro M1/replay_1135.jpeg,"{""label"": ""receipt"", ""shape_type"": ""polygon"", ""points"": [[328.26, 530.58], [805.16, 516.13], [809.29, 1104.52], [357.16, 1178.84]], ""image_width"": 960, ""image_height"": 1280}",indoor,fingers
REPLAY/Phillips PHL 271V8 and MacBook Pro M1/replay_1136.jpeg,"{""label"": ""receipt"", ""shape_type"": ""polygon"", ""points"": [[262.19, 328.26], [844.39, 359.23], [776.26, 1131.35], [262.19, 976.52]], ""image_width"": 960, ""image_height"": 1280}",indoor,without_fingers
REPLAY/Phillips PHL 271V8 and MacBook Pro M1/replay_1137.jpeg,"{""label"": ""receipt"", ""shape_type"": ""polygon"", ""points"": [[253.94, 272.52], [774.19, 303.48], [743.23, 951.74], [260.13, 893.94]], ""image_width"": 960, ""image_height"": 1280}",indoor,fingers
REPLAY/Phillips PHL 271V8 and MacBook Pro M1/replay_1138.jpeg,"{""label"": ""receipt"", ""shape_type"": ""polygon"", ""points"": [[245.68, 239.48], [794.84, 107.35], [838.19, 1131.35], [268.39, 1085.94]], ""image_width"": 960, ""image_height"": 1280}",indoor,fingers
REPLAY/Phillips PHL 271V8 and MacBook Pro M1/replay_1139.jpeg,"{""label"": ""receipt"", ""shape_type"": ""polygon"", ""points"": [[163.1, 243.61], [714.32, 192.0], [807.23, 999.23], [305.55, 1104.52]], ""image_width"": 960, ""image_height"": 1280}",indoor,without_fingers
REPLAY/Phillips PHL 271V8 and MacBook Pro M1/replay_1140.jpeg,"{""label"": ""receipt"", ""shape_type"": ""polygon"", ""points"": [[299.35, 357.16], [784.52, 171.35], [695.74, 980.65], [278.71, 1061.16]], ""image_width"": 960, ""image_height"": 1280}",indoor,without_fingers
REPLAY/Phillips PHL 271V8 and MacBook Pro M1/replay_1141.jpeg,"{""label"": ""receipt"", ""shape_type"": ""polygon"", ""points"": [[245.68, 210.58], [737.03, 239.48], [701.94, 1054.97], [218.84, 1044.65]], ""image_width"": 960, ""image_height"": 1280}",indoor,without_fingers
REPLAY/Phillips PHL 271V8 and MacBook Pro M1/replay_1142.jpeg,"{""label"": ""receipt"", ""shape_type"": ""polygon"", ""points"": [[344.77, 472.77], [825.81, 218.84], [749.42, 1063.23], [286.97, 1090.06]], ""image_width"": 960, ""image_height"": 1280}",indoor,fingers
REPLAY/Phillips PHL 271V8 and MacBook Pro M1/replay_1143.jpeg,"{""label"": ""receipt"", ""shape_type"": ""polygon"", ""points"": [[260.13, 303.48], [768.0, 289.03], [730.84, 832.0], [278.71, 869.16]], ""image_width"": 960, ""image_height"": 1280}",indoor,fingers
REPLAY/Phillips PHL 271V8 and MacBook Pro M1/replay_1144.jpeg,"{""label"": ""receipt"", ""shape_type"": ""polygon"", ""points"": [[243.61, 210.58], [865.03, 330.32], [811.35, 1015.74], [328.26, 1021.94]], ""image_width"": 960, ""image_height"": 1280}",indoor,fingers
REPLAY/Phillips PHL 271V8 and MacBook Pro M1/replay_1145.jpeg,"{""label"": ""receipt"", ""shape_type"": ""polygon"", ""points"": [[317.94, 303.48], [817.55, 243.61], [817.55, 1083.87], [241.55, 1073.55]], ""image_width"": 960, ""image_height"": 1280}",indoor,without_fingers
REPLAY/Phillips PHL 271V8 and MacBook Pro M1/replay_1146.jpeg,"{""label"": ""receipt"", ""shape_type"": ""polygon"", ""points"": [[152.77, 427.35], [551.23, 448.0], [530.58, 1067.35], [146.58, 1054.97]], ""image_width"": 960, ""image_height"": 1280}",indoor,without_fingers
REPLAY/Phillips PHL 271V8 and MacBook Pro M1/replay_1147.jpeg,"{""label"": ""receipt"", ""shape_type"": ""polygon"", ""points"": [[411.9, 241.23], [1024.0, 349.54], [1032.21, 731.9], [388.92, 753.23]], ""image_width"": 1280, ""image_height"": 960}",indoor,without_fingers
REPLAY/Phillips PHL 271V8 and MacBook Pro M1/replay_1148.jpeg,"{""label"": ""receipt"", ""shape_type"": ""polygon"", ""points"": [[181.68, 198.19], [701.94, 233.29], [763.87, 1108.65], [134.19, 1094.19]], ""image_width"": 960, ""image_height"": 1280}",indoor,fingers
REPLAY/Phillips PHL 271V8 and MacBook Pro M1/replay_1149.jpeg,"{""label"": ""receipt"", ""shape_type"": ""polygon"", ""points"": [[113.55, 175.48], [716.39, 123.87], [648.26, 1024.0], [192.0, 1042.58]], ""image_width"": 960, ""image_height"": 1280}",indoor,fingers
REPLAY/Phillips PHL 271V8 and MacBook Pro M1/replay_1150.jpeg,"{""label"": ""receipt"", ""shape_type"": ""polygon"", ""points"": [[90.84, 148.65], [743.23, 161.03], [724.65, 1121.03], [169.29, 1085.94]], ""image_width"": 960, ""image_height"": 1280}",indoor,fingers
REPLAY/Phillips PHL 271V8 and MacBook Pro M1/replay_1151.jpeg,"{""label"": ""receipt"", ""shape_type"": ""polygon"", ""points"": [[192.0, 252.72], [1030.56, 316.72], [1001.03, 754.87], [249.44, 818.87]], ""image_width"": 1280, ""image_height"": 960}",indoor,fingers
REPLAY/Phillips PHL 271V8 and MacBook Pro M1/replay_1152.jpeg,"{""label"": ""receipt"", ""shape_type"": ""polygon"", ""points"": [[192.0, 309.68], [675.1, 231.23], [701.94, 1143.74]], ""image_width"": 960, ""image_height"": 1280}",indoor,fingers
REPLAY/Phillips PHL 271V8 and MacBook Pro M1/replay_1153.jpeg,"{""label"": ""receipt"", ""shape_type"": ""polygon"", ""points"": [[431.59, 331.49], [1079.79, 305.23], [1012.51, 740.1], [518.56, 749.95]], ""image_width"": 1280, ""image_height"": 960}",indoor,without_fingers
REPLAY/Phillips PHL 271V8 and MacBook Pro M1/replay_1154.jpeg,"{""label"": ""receipt"", ""shape_type"": ""polygon"", ""points"": [[306.87, 193.64], [925.54, 86.97], [986.26, 612.1], [347.9, 653.13]], ""image_width"": 1280, ""image_height"": 960}",indoor,fingers
REPLAY/Phillips PHL 271V8 and MacBook Pro M1/replay_1155.jpeg,"{""label"": ""receipt"", ""shape_type"": ""polygon"", ""points"": [[502.15, 206.77], [1092.92, 323.28], [969.85, 797.54], [395.49, 646.56]], ""image_width"": 1280, ""image_height"": 960}",indoor,without_fingers
REPLAY/Phillips PHL 271V8 and MacBook Pro M1/replay_1156.jpeg,"{""label"": ""receipt"", ""shape_type"": ""polygon"", ""points"": [[338.58, 324.13], [883.61, 481.03], [734.97, 1110.71], [307.61, 1081.81]], ""image_width"": 960, ""image_height"": 1280}",indoor,without_fingers
REPLAY/Phillips PHL 271V8 and MacBook Pro M1/replay_1157.jpeg,"{""label"": ""receipt"", ""shape_type"": ""polygon"", ""points"": [[200.26, 119.74], [780.39, 90.84], [821.68, 786.58], [367.48, 898.06]], ""image_width"": 960, ""image_height"": 1280}",indoor,fingers
REPLAY/Phillips PHL 271V8 and MacBook Pro M1/replay_1158.jpeg,"{""label"": ""receipt"", ""shape_type"": ""polygon"", ""points"": [[270.45, 394.32], [726.71, 404.65], [668.9, 1135.48], [264.26, 1125.16]], ""image_width"": 960, ""image_height"": 1280}",indoor,without_fingers
REPLAY/Phillips PHL 271V8 and MacBook Pro M1/replay_1159.jpeg,"{""label"": ""receipt"", ""shape_type"": ""polygon"", ""points"": [[245.68, 198.19], [784.52, 165.16], [697.81, 1013.68], [198.19, 1098.32]], ""image_width"": 960, ""image_height"": 1280}",indoor,fingers
REPLAY/Phillips PHL 271V8 and MacBook Pro M1/replay_1160.jpeg,"{""label"": ""receipt"", ""shape_type"": ""polygon"", ""points"": [[109.42, 229.16], [617.29, 187.87], [681.29, 1100.39], [216.77, 1149.94]], ""image_width"": 960, ""image_height"": 1280}",outdoor,fingers
REPLAY/Phillips PHL 271V8 and MacBook Pro M1/replay_1161.jpeg,"{""label"": ""receipt"", ""shape_type"": ""polygon"", ""points"": [[303.48, 247.74], [714.32, 229.16], [697.81, 982.71]], ""image_width"": 960, ""image_height"": 1280}",outdoor,without_fingers
REPLAY/Phillips PHL 271V8 and MacBook Pro M1/replay_1162.jpeg,"{""label"": ""receipt"", ""shape_type"": ""polygon"", ""points"": [[165.16, 526.45], [617.29, 501.68], [611.1, 1059.1], [181.68, 1034.32]], ""image_width"": 960, ""image_height"": 1280}",indoor,without_fingers
REPLAY/Phillips PHL 271V8 and MacBook Pro M1/replay_1163.jpeg,"{""label"": ""receipt"", ""shape_type"": ""polygon"", ""points"": [[161.03, 309.68], [615.23, 313.81], [646.19, 1088.0], [218.84, 1067.35]], ""image_width"": 960, ""image_height"": 1280}",indoor,fingers
REPLAY/Phillips PHL 271V8 and MacBook Pro M1/replay_1164.jpeg,"{""label"": ""receipt"", ""shape_type"": ""polygon"", ""points"": [[154.84, 183.74], [734.97, 175.48], [658.58, 1096.26], [183.74, 1102.45]], ""image_width"": 960, ""image_height"": 1280}",outdoor,fingers
REPLAY/Phillips PHL 271V8 and MacBook Pro M1/replay_1165.jpeg,"{""label"": ""receipt"", ""shape_type"": ""polygon"", ""points"": [[154.84, 478.97], [505.81, 520.26], [421.16, 1195.35], [64.0, 1149.94]], ""image_width"": 960, ""image_height"": 1280}",outdoor,without_fingers
REPLAY/Phillips PHL 271V8 and MacBook Pro M1/replay_1166.jpeg,"{""label"": ""receipt"", ""shape_type"": ""polygon"", ""points"": [[236.31, 338.05], [992.82, 178.87], [973.13, 743.38], [287.18, 736.82]], ""image_width"": 1280, ""image_height"": 960}",outdoor,without_fingers
REPLAY/Phillips PHL 271V8 and MacBook Pro M1/replay_1167.jpeg,"{""label"": ""receipt"", ""shape_type"": ""polygon"", ""points"": [[218.26, 137.85], [1148.72, 239.59], [1065.03, 754.87], [170.67, 676.1]], ""image_width"": 1280, ""image_height"": 960}",outdoor,without_fingers
REPLAY/Phillips PHL 271V8 and MacBook Pro M1/replay_1168.jpeg,"{""label"": ""receipt"", ""shape_type"": ""polygon"", ""points"": [[297.29, 278.71], [840.26, 369.55], [747.35, 1077.68], [222.97, 1065.29]], ""image_width"": 960, ""image_height"": 1280}",outdoor,fingers
REPLAY/Phillips PHL 271V8 and MacBook Pro M1/replay_1169.jpeg,"{""label"": ""receipt"", ""shape_type"": ""polygon"", ""points"": [[216.77, 313.81], [701.94, 307.61], [664.77, 1075.61], [227.1, 1088.0]], ""image_width"": 960, ""image_height"": 1280}",outdoor,fingers
REPLAY/Phillips PHL 271V8 and MacBook Pro M1/replay_1170.jpeg,"{""label"": ""receipt"", ""shape_type"": ""polygon"", ""points"": [[313.81, 470.71], [588.39, 452.13], [609.03, 962.06], [355.1, 964.13]], ""image_width"": 960, ""image_height"": 1280}",outdoor,without_fingers
REPLAY/Phillips PHL 271V8 and MacBook Pro M1/replay_1171.jpeg,"{""label"": ""receipt"", ""shape_type"": ""polygon"", ""points"": [[315.87, 175.48], [774.19, 208.52], [714.32, 1090.06], [156.9, 1098.32]], ""image_width"": 960, ""image_height"": 1280}",outdoor,fingers
REPLAY/Phillips PHL 271V8 and MacBook Pro M1/replay_1172.jpeg,"{""label"": ""receipt"", ""shape_type"": ""polygon"", ""points"": [[4.92, 218.26], [1043.69, 164.1], [1046.97, 713.85], [55.79, 690.87]], ""image_width"": 1280, ""image_height"": 960}",outdoor,without_fingers
REPLAY/Phillips PHL 271V8 and MacBook Pro M1/replay_1173.jpeg,"{""label"": ""receipt"", ""shape_type"": ""polygon"", ""points"": [[353.03, 456.26], [753.55, 406.71], [670.97, 1052.9], [307.61, 1019.87]], ""image_width"": 960, ""image_height"": 1280}",outdoor,fingers
REPLAY/Phillips PHL 271V8 and MacBook Pro M1/replay_1174.jpeg,"{""label"": ""receipt"", ""shape_type"": ""polygon"", ""points"": [[400.52, 367.48], [809.29, 400.52], [747.35, 1034.32], [340.65, 964.13]], ""image_width"": 960, ""image_height"": 1280}",outdoor,fingers
REPLAY/Phillips PHL 271V8 and MacBook Pro M1/replay_1175.jpeg,"{""label"": ""receipt"", ""shape_type"": ""polygon"", ""points"": [[8.26, 375.74], [805.16, 361.29], [792.77, 902.19], [16.52, 887.74]], ""image_width"": 960, ""image_height"": 1280}",outdoor,without_fingers
REPLAY/Phillips PHL 271V8 and MacBook Pro M1/replay_1176.jpeg,"{""label"": ""receipt"", ""shape_type"": ""polygon"", ""points"": [[507.08, 283.9], [1114.26, 274.05], [1019.08, 695.79], [487.38, 723.69]], ""image_width"": 1280, ""image_height"": 960}",indoor,without_fingers
REPLAY/Phillips PHL 271V8 and MacBook Pro M1/replay_1177.jpeg,"{""label"": ""receipt"", ""shape_type"": ""polygon"", ""points"": [[375.74, 313.81], [765.94, 336.52], [701.94, 960.0]], ""image_width"": 960, ""image_height"": 1280}",indoor,without_fingers
REPLAY/Phillips PHL 271V8 and MacBook Pro M1/replay_1178.jpeg,"{""label"": ""receipt"", ""shape_type"": ""polygon"", ""points"": [[405.33, 172.31], [1096.21, 206.77], [968.21, 690.87], [380.72, 692.51]], ""image_width"": 1280, ""image_height"": 960}",indoor,without_fingers
REPLAY/Phillips PHL 271V8 and MacBook Pro M1/replay_1179.jpeg,"{""label"": ""receipt"", ""shape_type"": ""polygon"", ""points"": [[290.46, 198.56], [1053.54, 247.79], [1045.33, 649.85], [282.26, 654.77]], ""image_width"": 1280, ""image_height"": 960}",indoor,without_fingers
REPLAY/Phillips PHL 271V8 and MacBook Pro M1/replay_1180.jpeg,"{""label"": ""receipt"", ""shape_type"": ""polygon"", ""points"": [[341.33, 321.64], [1032.21, 324.92], [1058.46, 758.15], [331.49, 786.05]], ""image_width"": 1280, ""image_height"": 960}",indoor,without_fingers
REPLAY/Phillips PHL 271V8 and MacBook Pro M1/replay_1181.jpeg,"{""label"": ""receipt"", ""shape_type"": ""polygon"", ""points"": [[218.84, 346.84], [687.48, 245.68], [753.55, 988.9], [293.16, 1026.06]], ""image_width"": 960, ""image_height"": 1280}",indoor,without_fingers
REPLAY/Phillips PHL 271V8 and MacBook Pro M1/replay_1182.jpeg,"{""label"": ""receipt"", ""shape_type"": ""polygon"", ""points"": [[227.1, 105.29], [850.58, 101.16], [749.42, 1067.35], [165.16, 1123.1]], ""image_width"": 960, ""image_height"": 1280}",indoor,without_fingers
REPLAY/Phillips PHL 271V8 and MacBook Pro M1/replay_1183.jpeg,"{""label"": ""receipt"", ""shape_type"": ""polygon"", ""points"": [[158.97, 229.16], [724.65, 156.9], [741.16, 1139.61], [154.84, 1205.68]], ""image_width"": 960, ""image_height"": 1280}",indoor,without_fingers
REPLAY/Phillips PHL 271V8 and MacBook Pro M1/replay_1184.jpeg,"{""label"": ""receipt"", ""shape_type"": ""polygon"", ""points"": [[318.36, 231.38], [1081.44, 213.33], [1066.67, 613.74]], ""image_width"": 1280, ""image_height"": 960}",indoor,without_fingers
REPLAY/Phillips PHL 271V8 and MacBook Pro M1/replay_1185.jpeg,"{""label"": ""receipt"", ""shape_type"": ""polygon"", ""points"": [[49.55, 338.58], [590.45, 258.06], [693.68, 1063.23], [101.16, 1052.9]], ""image_width"": 960, ""image_height"": 1280}",outdoor,without_fingers
REPLAY/Phillips PHL 271V8 and MacBook Pro M1/replay_1186.jpeg,"{""label"": ""receipt"", ""shape_type"": ""polygon"", ""points"": [[339.69, 221.54], [1091.28, 213.33], [1106.05, 805.74], [338.05, 635.08]], ""image_width"": 1280, ""image_height"": 960}",indoor,without_fingers
REPLAY/Phillips PHL 271V8 and MacBook Pro M1/replay_1187.jpeg,"{""label"": ""receipt"", ""shape_type"": ""polygon"", ""points"": [[266.32, 450.06], [704.0, 452.13], [685.42, 1059.1], [253.94, 997.16]], ""image_width"": 960, ""image_height"": 1280}",outdoor,fingers
REPLAY/Phillips PHL 271V8 and MacBook Pro M1/replay_1188.jpeg,"{""label"": ""receipt"", ""shape_type"": ""polygon"", ""points"": [[361.29, 439.74], [681.29, 390.19], [685.42, 786.58], [369.55, 772.13]], ""image_width"": 960, ""image_height"": 1280}",outdoor,without_fingers
REPLAY/Phillips PHL 271V8 and MacBook Pro M1/replay_1189.jpeg,"{""label"": ""receipt"", ""shape_type"": ""polygon"", ""points"": [[228.1, 193.64], [1071.59, 154.26], [1069.95, 794.26], [192.0, 728.62]], ""image_width"": 1280, ""image_height"": 960}",outdoor,without_fingers
REPLAY/Phillips PHL 271V8 and MacBook Pro M1/replay_1190.jpeg,"{""label"": ""receipt"", ""shape_type"": ""polygon"", ""points"": [[258.06, 472.77], [611.1, 462.45], [555.35, 918.71], [284.9, 891.87]], ""image_width"": 960, ""image_height"": 1280}",outdoor,fingers
REPLAY/Phillips PHL 271V8 and MacBook Pro M1/replay_1191.jpeg,"{""label"": ""receipt"", ""shape_type"": ""polygon"", ""points"": [[253.94, 353.03], [611.1, 396.39], [629.68, 1048.77], [231.23, 1052.9]], ""image_width"": 960, ""image_height"": 1280}",outdoor,without_fingers
REPLAY/Phillips PHL 271V8 and MacBook Pro M1/replay_1192.jpeg,"{""label"": ""receipt"", ""shape_type"": ""polygon"", ""points"": [[354.46, 229.74], [1033.85, 221.54], [1035.49, 597.33], [364.31, 600.62]], ""image_width"": 1280, ""image_height"": 960}",outdoor,without_fingers
REPLAY/Phillips PHL 271V8 and MacBook Pro M1/replay_1193.jpeg,"{""label"": ""receipt"", ""shape_type"": ""polygon"", ""points"": [[308.51, 214.97], [1017.44, 213.33], [999.38, 677.74], [303.59, 644.92]], ""image_width"": 1280, ""image_height"": 960}",outdoor,without_fingers
REPLAY/Phillips PHL 271V8 and MacBook Pro M1/replay_1194.jpeg,"{""label"": ""receipt"", ""shape_type"": ""polygon"", ""points"": [[406.71, 412.9], [759.74, 445.94], [670.97, 1003.35], [326.19, 974.45]], ""image_width"": 960, ""image_height"": 1280}",outdoor,without_fingers
REPLAY/Phillips PHL 271V8 and MacBook Pro M1/replay_1195.jpeg,"{""label"": ""receipt"", ""shape_type"": ""polygon"", ""points"": [[181.68, 295.23], [666.84, 326.19], [629.68, 1162.32], [169.29, 1118.97]], ""image_width"": 960, ""image_height"": 1280}",outdoor,fingers
REPLAY/Phillips PHL 271V8 and MacBook Pro M1/replay_1196.jpeg,"{""label"": ""receipt"", ""shape_type"": ""polygon"", ""points"": [[361.29, 545.03], [596.65, 516.13], [580.13, 875.35], [361.29, 881.55]], ""image_width"": 960, ""image_height"": 1280}",outdoor,without_fingers
REPLAY/Phillips PHL 271V8 and MacBook Pro M1/replay_1197.jpeg,"{""label"": ""receipt"", ""shape_type"": ""polygon"", ""points"": [[192.0, 456.26], [670.97, 419.1], [664.77, 1118.97], [218.84, 1073.55]], ""image_width"": 960, ""image_height"": 1280}",outdoor,fingers
REPLAY/Phillips PHL 271V8 and MacBook Pro M1/replay_1198.jpeg,"{""label"": ""receipt"", ""shape_type"": ""polygon"", ""points"": [[111.48, 355.1], [701.94, 282.84], [691.61, 1149.94]], ""image_width"": 960, ""image_height"": 1280}",outdoor,fingers
REPLAY/Phillips PHL 271V8 and MacBook Pro M1/replay_1199.jpeg,"{""label"": ""receipt"", ""shape_type"": ""polygon"", ""points"": [[355.1, 433.55], [759.74, 357.16], [805.16, 978.58], [427.35, 1013.68]], ""image_width"": 960, ""image_height"": 1280}",outdoor,fingers
REPLAY/Phillips PHL 271V8 and MacBook Pro M1/replay_1200.jpeg,"{""label"": ""receipt"", ""shape_type"": ""polygon"", ""points"": [[227.1, 359.23], [611.1, 367.48], [594.58, 1021.94], [231.23, 1017.81]], ""image_width"": 960, ""image_height"": 1280}",outdoor,fingers
REPLAY/Phillips PHL 271V8 and MacBook Pro M1/replay_1201.jpeg,"{""label"": ""receipt"", ""shape_type"": ""polygon"", ""points"": [[121.81, 545.03], [714.32, 458.32], [768.0, 931.1], [128.0, 953.81]], ""image_width"": 960, ""image_height"": 1280}",outdoor,fingers
REPLAY/Phillips PHL 271V8 and MacBook Pro M1/replay_1202.jpeg,"{""label"": ""receipt"", ""shape_type"": ""polygon"", ""points"": [[61.94, 421.16], [640.0, 402.58], [627.61, 964.13], [152.77, 993.03]], ""image_width"": 960, ""image_height"": 1280}",outdoor,without_fingers
REPLAY/Phillips PHL 271V8 and MacBook Pro M1/replay_1203.jpeg,"{""label"": ""receipt"", ""shape_type"": ""polygon"", ""points"": [[297.29, 365.42], [706.06, 402.58], [670.97, 937.29]], ""image_width"": 960, ""image_height"": 1280}",outdoor,fingers
REPLAY/Phillips PHL 271V8 and MacBook Pro M1/replay_1204.jpeg,"{""label"": ""receipt"", ""shape_type"": ""polygon"", ""points"": [[348.9, 305.55], [734.97, 346.84], [730.84, 825.81], [320.0, 782.45]], ""image_width"": 960, ""image_height"": 1280}",outdoor,fingers
REPLAY/Phillips PHL 271V8 and MacBook Pro M1/replay_1205.jpeg,"{""label"": ""receipt"", ""shape_type"": ""polygon"", ""points"": [[156.9, 530.58], [794.84, 509.94], [765.94, 862.97], [163.1, 881.55]], ""image_width"": 960, ""image_height"": 1280}",outdoor,fingers
REPLAY/Phillips PHL 271V8 and MacBook Pro M1/replay_1206.jpeg,"{""label"": ""receipt"", ""shape_type"": ""polygon"", ""points"": [[101.16, 551.23], [875.35, 448.0], [871.23, 1102.45], [84.65, 976.52]], ""image_width"": 960, ""image_height"": 1280}",outdoor,without_fingers
REPLAY/Phillips PHL 271V8 and MacBook Pro M1/replay_1207.jpeg,"{""label"": ""receipt"", ""shape_type"": ""polygon"", ""points"": [[185.81, 359.23], [563.61, 361.29], [522.32, 933.16], [169.29, 918.71]], ""image_width"": 960, ""image_height"": 1280}",outdoor,fingers
REPLAY/Phillips PHL 271V8 and MacBook Pro M1/replay_1208.jpeg,"{""label"": ""receipt"", ""shape_type"": ""polygon"", ""points"": [[249.81, 202.32], [796.9, 144.52], [728.77, 955.87], [243.61, 922.84]], ""image_width"": 960, ""image_height"": 1280}",outdoor,fingers
REPLAY/Phillips PHL 271V8 and MacBook Pro M1/replay_1209.jpeg,"{""label"": ""receipt"", ""shape_type"": ""polygon"", ""points"": [[282.84, 282.84], [749.42, 270.45], [765.94, 1048.77], [235.35, 1061.16]], ""image_width"": 960, ""image_height"": 1280}",outdoor,without_fingers
REPLAY/Phillips PHL 271V8 and MacBook Pro M1/replay_1210.jpeg,"{""label"": ""receipt"", ""shape_type"": ""polygon"", ""points"": [[198.19, 350.97], [637.94, 295.23], [629.68, 1059.1], [264.26, 1032.26]], ""image_width"": 960, ""image_height"": 1280}",outdoor,fingers
REPLAY/Phillips PHL 271V8 and MacBook Pro M1/replay_1211.jpeg,"{""label"": ""receipt"", ""shape_type"": ""polygon"", ""points"": [[183.74, 322.06], [668.9, 276.65], [644.13, 1094.19], [274.58, 1063.23]], ""image_width"": 960, ""image_height"": 1280}",outdoor,fingers
REPLAY/Phillips PHL 271V8 and MacBook Pro M1/replay_1212.jpeg,"{""label"": ""receipt"", ""shape_type"": ""polygon"", ""points"": [[437.68, 538.84], [737.03, 538.84], [741.16, 1011.61], [437.68, 995.1]], ""image_width"": 960, ""image_height"": 1280}",outdoor,fingers
REPLAY/Phillips PHL 271V8 and MacBook Pro M1/replay_1213.jpeg,"{""label"": ""receipt"", ""shape_type"": ""polygon"", ""points"": [[334.45, 520.26], [648.26, 514.06], [644.13, 1011.61], [324.13, 1069.42]], ""image_width"": 960, ""image_height"": 1280}",outdoor,fingers
REPLAY/Phillips PHL 271V8 and MacBook Pro M1/replay_1214.jpeg,"{""label"": ""receipt"", ""shape_type"": ""polygon"", ""points"": [[256.0, 320.0], [801.03, 187.87], [805.16, 955.87], [334.45, 951.74]], ""image_width"": 960, ""image_height"": 1280}",indoor,fingers
REPLAY/Phillips PHL 271V8 and MacBook Pro M1/replay_1215.jpeg,"{""label"": ""receipt"", ""shape_type"": ""polygon"", ""points"": [[328.26, 315.87], [821.68, 458.32], [761.81, 949.68], [282.84, 962.06]], ""image_width"": 960, ""image_height"": 1280}",indoor,fingers
REPLAY/Phillips PHL 271V8 and MacBook Pro M1/replay_1216.jpeg,"{""label"": ""receipt"", ""shape_type"": ""polygon"", ""points"": [[266.32, 476.9], [710.19, 443.87], [695.74, 1094.19], [274.58, 1073.55]], ""image_width"": 960, ""image_height"": 1280}",indoor,without_fingers
REPLAY/Phillips PHL 271V8 and MacBook Pro M1/replay_1217.jpeg,"{""label"": ""receipt"", ""shape_type"": ""polygon"", ""points"": [[146.58, 115.61], [910.45, 117.68], [732.9, 1263.48], [258.06, 1242.84]], ""image_width"": 960, ""image_height"": 1280}",indoor,without_fingers
REPLAY/Phillips PHL 271V8 and MacBook Pro M1/replay_1218.jpeg,"{""label"": ""receipt"", ""shape_type"": ""polygon"", ""points"": [[233.29, 196.13], [801.03, 243.61], [646.19, 1213.94], [214.71, 1147.87]], ""image_width"": 960, ""image_height"": 1280}",indoor,without_fingers
REPLAY/Phillips PHL 271V8 and MacBook Pro M1/replay_1219.jpeg,"{""label"": ""receipt"", ""shape_type"": ""polygon"", ""points"": [[213.33, 214.97], [1037.13, 165.74], [1002.67, 715.49], [256.0, 638.36]], ""image_width"": 1280, ""image_height"": 960}",indoor,without_fingers
REPLAY/Phillips PHL 271V8 and MacBook Pro M1/replay_1220.jpeg,"{""label"": ""receipt"", ""shape_type"": ""polygon"", ""points"": [[315.87, 301.42], [842.32, 307.61], [856.77, 1063.23], [311.74, 1061.16]], ""image_width"": 960, ""image_height"": 1280}",indoor,fingers
REPLAY/Phillips PHL 271V8 and MacBook Pro M1/replay_1221.jpeg,"{""label"": ""receipt"", ""shape_type"": ""polygon"", ""points"": [[392.21, 214.97], [1125.74, 160.82], [1088.0, 607.18], [336.41, 548.1]], ""image_width"": 1280, ""image_height"": 960}",indoor,without_fingers
REPLAY/Phillips PHL 271V8 and MacBook Pro M1/replay_1222.jpeg,"{""label"": ""receipt"", ""shape_type"": ""polygon"", ""points"": [[369.55, 336.52], [730.84, 307.61], [726.71, 943.48], [394.32, 931.1]], ""image_width"": 960, ""image_height"": 1280}",outdoor,fingers
REPLAY/Phillips PHL 271V8 and MacBook Pro M1/replay_1223.jpeg,"{""label"": ""receipt"", ""shape_type"": ""polygon"", ""points"": [[202.32, 458.32], [757.68, 412.9], [609.03, 1195.35], [216.77, 1137.55]], ""image_width"": 960, ""image_height"": 1280}",outdoor,fingers
REPLAY/Phillips PHL 271V8 and MacBook Pro M1/replay_1224.jpeg,"{""label"": ""receipt"", ""shape_type"": ""polygon"", ""points"": [[320.0, 493.42], [685.42, 489.29], [633.81, 1046.71]], ""image_width"": 960, ""image_height"": 1280}",outdoor,without_fingers
REPLAY/Phillips PHL 271V8 and MacBook Pro M1/replay_1225.jpeg,"{""label"": ""receipt"", ""shape_type"": ""polygon"", ""points"": [[169.29, 245.68], [701.94, 198.19], [635.87, 1015.74], [163.1, 990.97]], ""image_width"": 960, ""image_height"": 1280}",outdoor,fingers
REPLAY/Phillips PHL 271V8 and MacBook Pro M1/replay_1226.jpeg,"{""label"": ""receipt"", ""shape_type"": ""polygon"", ""points"": [[266.32, 249.81], [821.68, 243.61], [648.26, 1090.06], [256.0, 1059.1]], ""image_width"": 960, ""image_height"": 1280}",outdoor,without_fingers
REPLAY/Phillips PHL 271V8 and MacBook Pro M1/replay_1227.jpeg,"{""label"": ""receipt"", ""shape_type"": ""polygon"", ""points"": [[132.13, 280.77], [644.13, 175.48], [718.45, 1104.52], [264.26, 1083.87]], ""image_width"": 960, ""image_height"": 1280}",outdoor,fingers
REPLAY/Phillips PHL 271V8 and MacBook Pro M1/replay_1228.jpeg,"{""label"": ""receipt"", ""shape_type"": ""polygon"", ""points"": [[297.29, 384.0], [745.29, 419.1], [675.1, 1061.16], [330.32, 1036.39]], ""image_width"": 960, ""image_height"": 1280}",outdoor,fingers
REPLAY/Phillips PHL 271V8 and MacBook Pro M1/replay_1229.jpeg,"{""label"": ""receipt"", ""shape_type"": ""polygon"", ""points"": [[216.77, 350.97], [561.55, 332.39], [567.74, 960.0], [204.39, 976.52]], ""image_width"": 960, ""image_height"": 1280}",outdoor,fingers
REPLAY/Phillips PHL 271V8 and MacBook Pro M1/replay_1230.jpeg,"{""label"": ""receipt"", ""shape_type"": ""polygon"", ""points"": [[348.9, 295.23], [803.1, 305.55], [768.0, 1149.94], [357.16, 1102.45]], ""image_width"": 960, ""image_height"": 1280}",outdoor,fingers
REPLAY/Phillips PHL 271V8 and MacBook Pro M1/replay_1231.jpeg,"{""label"": ""receipt"", ""shape_type"": ""polygon"", ""points"": [[173.42, 305.55], [660.65, 293.16], [619.35, 1063.23], [179.61, 1009.55]], ""image_width"": 960, ""image_height"": 1280}",outdoor,fingers
REPLAY/Phillips PHL 271V8 and MacBook Pro M1/replay_1232.jpeg,"{""label"": ""receipt"", ""shape_type"": ""polygon"", ""points"": [[196.13, 272.52], [689.55, 227.1], [761.81, 1213.94], [293.16, 1160.26]], ""image_width"": 960, ""image_height"": 1280}",indoor,fingers
REPLAY/Phillips PHL 271V8 and MacBook Pro M1/replay_1233.jpeg,"{""label"": ""receipt"", ""shape_type"": ""polygon"", ""points"": [[295.23, 225.03], [714.32, 212.65], [747.35, 1211.87]], ""image_width"": 960, ""image_height"": 1280}",indoor,without_fingers
REPLAY/Phillips PHL 271V8 and MacBook Pro M1/replay_1234.jpeg,"{""label"": ""receipt"", ""shape_type"": ""polygon"", ""points"": [[121.81, 251.87], [687.48, 229.16], [726.71, 1114.84], [185.81, 1102.45]], ""image_width"": 960, ""image_height"": 1280}",indoor,without_fingers
REPLAY/Phillips PHL 271V8 and MacBook Pro M1/replay_1235.jpeg,"{""label"": ""receipt"", ""shape_type"": ""polygon"", ""points"": [[322.06, 456.26], [656.52, 478.97], [609.03, 968.26], [276.65, 937.29]], ""image_width"": 960, ""image_height"": 1280}",indoor,without_fingers
REPLAY/Phillips PHL 271V8 and MacBook Pro M1/replay_1236.jpeg,"{""label"": ""receipt"", ""shape_type"": ""polygon"", ""points"": [[315.87, 253.94], [656.52, 235.35], [691.61, 916.65]], ""image_width"": 960, ""image_height"": 1280}",indoor,without_fingers
REPLAY/Phillips PHL 271V8 and MacBook Pro M1/replay_1237.jpeg,"{""label"": ""receipt"", ""shape_type"": ""polygon"", ""points"": [[249.81, 402.58], [652.39, 412.9], [635.87, 1038.45]], ""image_width"": 960, ""image_height"": 1280}",indoor,fingers
REPLAY/Phillips PHL 271V8 and MacBook Pro M1/replay_1238.jpeg,"{""label"": ""receipt"", ""shape_type"": ""polygon"", ""points"": [[373.68, 264.26], [732.9, 322.06], [734.97, 1017.81], [346.84, 984.77]], ""image_width"": 960, ""image_height"": 1280}",indoor,without_fingers
REPLAY/Phillips PHL 271V8 and MacBook Pro M1/replay_1239.jpeg,"{""label"": ""receipt"", ""shape_type"": ""polygon"", ""points"": [[338.58, 421.16], [706.06, 450.06], [611.1, 1139.61], [355.1, 1131.35]], ""image_width"": 960, ""image_height"": 1280}",indoor,fingers
REPLAY/Phillips PHL 271V8 and MacBook Pro M1/replay_1240.jpeg,"{""label"": ""receipt"", ""shape_type"": ""polygon"", ""points"": [[311.74, 206.45], [730.84, 192.0], [691.61, 1094.19], [342.71, 1077.68]], ""image_width"": 960, ""image_height"": 1280}",indoor,fingers
REPLAY/Phillips PHL 271V8 and MacBook Pro M1/replay_1241.jpeg,"{""label"": ""receipt"", ""shape_type"": ""polygon"", ""points"": [[196.13, 419.1], [730.84, 414.97], [730.84, 1046.71], [251.87, 1036.39]], ""image_width"": 960, ""image_height"": 1280}",indoor,fingers
REPLAY/Phillips PHL 271V8 and MacBook Pro M1/replay_1242.jpeg,"{""label"": ""receipt"", ""shape_type"": ""polygon"", ""points"": [[364.31, 277.33], [1043.69, 295.38], [996.1, 712.21], [361.03, 662.97]], ""image_width"": 1280, ""image_height"": 960}",indoor,without_fingers
REPLAY/Phillips PHL 271V8 and MacBook Pro M1/replay_1243.jpeg,"{""label"": ""receipt"", ""shape_type"": ""polygon"", ""points"": [[307.61, 276.65], [761.81, 258.06], [739.1, 1108.65], [280.77, 1092.13]], ""image_width"": 960, ""image_height"": 1280}",indoor,without_fingers
REPLAY/Phillips PHL 271V8 and MacBook Pro M1/replay_1244.jpeg,"{""label"": ""receipt"", ""shape_type"": ""polygon"", ""points"": [[264.26, 330.32], [774.19, 253.94], [838.19, 986.84], [367.48, 1048.77]], ""image_width"": 960, ""image_height"": 1280}",indoor,fingers
REPLAY/Phillips PHL 271V8 and MacBook Pro M1/replay_1245.jpeg,"{""label"": ""receipt"", ""shape_type"": ""polygon"", ""points"": [[388.13, 402.58], [846.45, 427.35], [790.71, 1059.1], [375.74, 1005.42]], ""image_width"": 960, ""image_height"": 1280}",indoor,fingers
REPLAY/Phillips PHL 271V8 and MacBook Pro M1/replay_1246.jpeg,"{""label"": ""receipt"", ""shape_type"": ""polygon"", ""points"": [[353.03, 344.77], [677.16, 361.29], [606.97, 1092.13], [309.68, 1052.9]], ""image_width"": 960, ""image_height"": 1280}",indoor,fingers
REPLAY/Phillips PHL 271V8 and MacBook Pro M1/replay_1247.jpeg,"{""label"": ""receipt"", ""shape_type"": ""polygon"", ""points"": [[441.81, 538.84], [718.45, 547.1], [683.35, 935.23], [429.42, 926.97]], ""image_width"": 960, ""image_height"": 1280}",indoor,fingers
REPLAY/Phillips PHL 271V8 and MacBook Pro M1/replay_1248.jpeg,"{""label"": ""receipt"", ""shape_type"": ""polygon"", ""points"": [[202.32, 249.81], [792.77, 123.87], [852.65, 1032.26], [334.45, 1090.06]], ""image_width"": 960, ""image_height"": 1280}",indoor,fingers
REPLAY/Phillips PHL 271V8 and MacBook Pro M1/replay_1249.jpeg,"{""label"": ""receipt"", ""shape_type"": ""polygon"", ""points"": [[425.29, 289.03], [749.42, 253.94], [732.9, 794.84], [431.48, 821.68]], ""image_width"": 960, ""image_height"": 1280}",indoor,fingers
REPLAY/Phillips PHL 271V8 and MacBook Pro M1/replay_1250.jpeg,"{""label"": ""receipt"", ""shape_type"": ""polygon"", ""points"": [[270.45, 381.94], [590.45, 384.0], [650.32, 906.32], [332.39, 893.94]], ""image_width"": 960, ""image_height"": 1280}",indoor,fingers
REPLAY/Phillips PHL 271V8 and MacBook Pro M1/replay_1251.jpeg,,indoor,fingers
REPLAY/Samsung Galaxy J3 by Honor 8A/replay_1252.jpeg,"{""label"": ""receipt"", ""shape_type"": ""polygon"", ""points"": [[158.97, 202.32], [714.32, 136.26], [801.03, 955.87], [260.13, 1094.19]], ""image_width"": 960, ""image_height"": 1280}",outdoor,fingers
REPLAY/Samsung Galaxy J3 by Honor 8A/replay_1253.jpeg,"{""label"": ""receipt"", ""shape_type"": ""polygon"", ""points"": [[338.58, 222.97], [726.71, 305.55], [704.0, 964.13], [305.55, 704.0]], ""image_width"": 960, ""image_height"": 1280}",outdoor,fingers
REPLAY/Samsung Galaxy J3 by Honor 8A/replay_1254.jpeg,"{""label"": ""receipt"", ""shape_type"": ""polygon"", ""points"": [[256.0, 245.68], [753.55, 181.68], [842.32, 1104.52], [266.32, 1001.29]], ""image_width"": 960, ""image_height"": 1280}",outdoor,fingers
REPLAY/Samsung Galaxy J3 by Honor 8A/replay_1255.jpeg,"{""label"": ""receipt"", ""shape_type"": ""polygon"", ""points"": [[256.0, 286.97], [755.61, 214.71], [770.06, 970.32], [357.16, 883.61]], ""image_width"": 960, ""image_height"": 1280}",outdoor,fingers
REPLAY/Samsung Galaxy J3 by Honor 8A/replay_1256.jpeg,"{""label"": ""receipt"", ""shape_type"": ""polygon"", ""points"": [[363.35, 297.29], [912.52, 260.13], [869.16, 1059.1], [379.87, 984.77]], ""image_width"": 960, ""image_height"": 1280}",outdoor,without_fingers
REPLAY/Samsung Galaxy J3 by Honor 8A/replay_1257.jpeg,"{""label"": ""receipt"", ""shape_type"": ""polygon"", ""points"": [[212.65, 282.84], [807.23, 204.39], [842.32, 951.74], [233.29, 1052.9]], ""image_width"": 960, ""image_height"": 1280}",outdoor,fingers
REPLAY/Samsung Galaxy J3 by Honor 8A/replay_1258.jpeg,"{""label"": ""receipt"", ""shape_type"": ""polygon"", ""points"": [[270.45, 379.87], [770.06, 206.45], [755.61, 1030.19], [295.23, 1032.26]], ""image_width"": 960, ""image_height"": 1280}",outdoor,fingers
REPLAY/Samsung Galaxy J3 by Honor 8A/replay_1259.jpeg,"{""label"": ""receipt"", ""shape_type"": ""polygon"", ""points"": [[233.29, 175.48], [792.77, 125.94], [823.74, 976.52], [266.32, 924.9]], ""image_width"": 960, ""image_height"": 1280}",outdoor,fingers
REPLAY/Samsung Galaxy J3 by Honor 8A/replay_1260.jpeg,"{""label"": ""receipt"", ""shape_type"": ""polygon"", ""points"": [[169.29, 336.52], [697.81, 280.77], [823.74, 745.29], [222.97, 790.71]], ""image_width"": 960, ""image_height"": 1280}",outdoor,without_fingers
REPLAY/Samsung Galaxy J3 by Honor 8A/replay_1261.jpeg,"{""label"": ""receipt"", ""shape_type"": ""polygon"", ""points"": [[243.61, 156.9], [718.45, 99.1], [786.58, 943.48], [227.1, 945.55]], ""image_width"": 960, ""image_height"": 1280}",indoor,fingers
REPLAY/Samsung Galaxy J3 by Honor 8A/replay_1262.jpeg,"{""label"": ""receipt"", ""shape_type"": ""polygon"", ""points"": [[165.16, 130.06], [728.77, 173.42], [734.97, 1094.19], [235.35, 1069.42]], ""image_width"": 960, ""image_height"": 1280}",outdoor,fingers
REPLAY/Samsung Galaxy J3 by Honor 8A/replay_1263.jpeg,"{""label"": ""receipt"", ""shape_type"": ""polygon"", ""points"": [[396.39, 344.77], [825.81, 392.26], [691.61, 1019.87], [212.65, 1030.19]], ""image_width"": 960, ""image_height"": 1280}",outdoor,fingers
REPLAY/Samsung Galaxy J3 by Honor 8A/replay_1264.jpeg,"{""label"": ""receipt"", ""shape_type"": ""polygon"", ""points"": [[169.29, 92.9], [844.39, 117.68], [858.84, 856.77], [212.65, 1054.97]], ""image_width"": 960, ""image_height"": 1280}",outdoor,fingers
REPLAY/Samsung Galaxy J3 by Honor 8A/replay_1265.jpeg,"{""label"": ""receipt"", ""shape_type"": ""polygon"", ""points"": [[94.97, 297.29], [780.39, 189.94], [873.29, 1007.48], [313.81, 1143.74]], ""image_width"": 960, ""image_height"": 1280}",outdoor,fingers
REPLAY/Samsung Galaxy J3 by Honor 8A/replay_1266.jpeg,"{""label"": ""receipt"", ""shape_type"": ""polygon"", ""points"": [[315.87, 334.45], [689.55, 334.45], [699.87, 854.71], [330.32, 931.1]], ""image_width"": 960, ""image_height"": 1280}",indoor,fingers
REPLAY/Samsung Galaxy J3 by Honor 8A/replay_1267.jpeg,"{""label"": ""receipt"", ""shape_type"": ""polygon"", ""points"": [[293.16, 212.65], [790.71, 218.84], [794.84, 980.65], [317.94, 908.39]], ""image_width"": 960, ""image_height"": 1280}",indoor,fingers
REPLAY/Samsung Galaxy J3 by Honor 8A/replay_1268.jpeg,"{""label"": ""receipt"", ""shape_type"": ""polygon"", ""points"": [[331.49, 388.92], [1197.95, 308.51], [1196.31, 730.26], [282.26, 795.9]], ""image_width"": 1280, ""image_height"": 960}",indoor,fingers
REPLAY/Samsung Galaxy J3 by Honor 8A/replay_1269.jpeg,"{""label"": ""receipt"", ""shape_type"": ""polygon"", ""points"": [[220.9, 121.81], [631.74, 80.52], [763.87, 939.35], [384.0, 1075.61]], ""image_width"": 960, ""image_height"": 1280}",outdoor,without_fingers
REPLAY/Samsung Galaxy J3 by Honor 8A/replay_1270.jpeg,"{""label"": ""receipt"", ""shape_type"": ""polygon"", ""points"": [[400.52, 206.45], [757.68, 214.71], [704.0, 883.61], [421.16, 957.94]], ""image_width"": 960, ""image_height"": 1280}",outdoor,fingers
REPLAY/Samsung Galaxy J3 by Honor 8A/replay_1271.jpeg,"{""label"": ""receipt"", ""shape_type"": ""polygon"", ""points"": [[262.19, 245.68], [794.84, 278.71], [759.74, 1050.84], [270.45, 976.52]], ""image_width"": 960, ""image_height"": 1280}",indoor,fingers
REPLAY/Samsung Galaxy J3 by Honor 8A/replay_1272.jpeg,"{""label"": ""receipt"", ""shape_type"": ""polygon"", ""points"": [[320.0, 227.1], [772.13, 175.48], [821.68, 918.71], [402.58, 1079.74]], ""image_width"": 960, ""image_height"": 1280}",outdoor,fingers
REPLAY/Samsung Galaxy J3 by Honor 8A/replay_1273.jpeg,"{""label"": ""receipt"", ""shape_type"": ""polygon"", ""points"": [[167.23, 260.13], [784.52, 206.45], [834.06, 1017.81], [202.32, 1024.0]], ""image_width"": 960, ""image_height"": 1280}",outdoor,fingers
REPLAY/Samsung Galaxy J3 by Honor 8A/replay_1274.jpeg,"{""label"": ""receipt"", ""shape_type"": ""polygon"", ""points"": [[144.52, 289.03], [749.42, 206.45], [792.77, 962.06], [243.61, 990.97]], ""image_width"": 960, ""image_height"": 1280}",outdoor,fingers
REPLAY/Samsung Galaxy J3 by Honor 8A/replay_1275.jpeg,"{""label"": ""receipt"", ""shape_type"": ""polygon"", ""points"": [[101.16, 264.26], [724.65, 78.45], [755.61, 1052.9], [152.77, 1003.35]], ""image_width"": 960, ""image_height"": 1280}",outdoor,fingers
REPLAY/Samsung Galaxy J3 by Honor 8A/replay_1276.jpeg,"{""label"": ""receipt"", ""shape_type"": ""polygon"", ""points"": [[123.08, 372.51], [1168.41, 342.97], [1202.87, 809.03], [210.05, 917.33]], ""image_width"": 1280, ""image_height"": 960}",outdoor,fingers
REPLAY/Samsung Galaxy J3 by Honor 8A/replay_1277.jpeg,"{""label"": ""receipt"", ""shape_type"": ""polygon"", ""points"": [[216.77, 472.77], [697.81, 348.9], [730.84, 1135.48], [266.32, 1073.55]], ""image_width"": 960, ""image_height"": 1280}",outdoor,without_fingers
REPLAY/Samsung Galaxy J3 by Honor 8A/replay_1278.jpeg,"{""label"": ""receipt"", ""shape_type"": ""polygon"", ""points"": [[390.19, 332.39], [794.84, 336.52], [776.26, 922.84], [338.58, 875.35]], ""image_width"": 960, ""image_height"": 1280}",outdoor,fingers
REPLAY/Samsung Galaxy J3 by Honor 8A/replay_1279.jpeg,"{""label"": ""receipt"", ""shape_type"": ""polygon"", ""points"": [[303.48, 338.58], [803.1, 214.71], [794.84, 823.74], [369.55, 848.52]], ""image_width"": 960, ""image_height"": 1280}",outdoor,fingers
REPLAY/Samsung Galaxy J3 by Honor 8A/replay_1280.jpeg,"{""label"": ""receipt"", ""shape_type"": ""polygon"", ""points"": [[392.21, 402.05], [1211.08, 390.56], [1201.23, 756.51], [492.31, 749.95]], ""image_width"": 1280, ""image_height"": 960}",outdoor,without_fingers
REPLAY/Samsung Galaxy J3 by Honor 8A/replay_1281.jpeg,"{""label"": ""receipt"", ""shape_type"": ""polygon"", ""points"": [[340.65, 10.32], [842.32, 8.26], [778.32, 926.97], [355.1, 966.19]], ""image_width"": 960, ""image_height"": 1280}",outdoor,fingers
REPLAY/Samsung Galaxy J3 by Honor 8A/replay_1282.jpeg,"{""label"": ""receipt"", ""shape_type"": ""polygon"", ""points"": [[379.87, 235.35], [854.71, 225.03], [811.35, 1057.03], [412.9, 1125.16]], ""image_width"": 960, ""image_height"": 1280}",outdoor,fingers
REPLAY/Samsung Galaxy J3 by Honor 8A/replay_1283.jpeg,"{""label"": ""receipt"", ""shape_type"": ""polygon"", ""points"": [[305.55, 367.48], [825.81, 200.26], [879.48, 962.06], [400.52, 980.65]], ""image_width"": 960, ""image_height"": 1280}",outdoor,fingers
REPLAY/Samsung Galaxy J3 by Honor 8A/replay_1284.jpeg,"{""label"": ""receipt"", ""shape_type"": ""polygon"", ""points"": [[134.19, 460.39], [889.81, 414.97], [821.68, 836.13], [123.87, 850.58]], ""image_width"": 960, ""image_height"": 1280}",outdoor,fingers
REPLAY/Samsung Galaxy J3 by Honor 8A/replay_1285.jpeg,"{""label"": ""receipt"", ""shape_type"": ""polygon"", ""points"": [[429.42, 408.77], [860.9, 526.45], [858.84, 1230.45], [427.35, 1160.26]], ""image_width"": 960, ""image_height"": 1280}",outdoor,fingers
REPLAY/Samsung Galaxy J3 by Honor 8A/replay_1286.jpeg,"{""label"": ""receipt"", ""shape_type"": ""polygon"", ""points"": [[258.06, 266.32], [790.71, 270.45], [691.61, 1141.68], [353.03, 1187.1]], ""image_width"": 960, ""image_height"": 1280}",outdoor,fingers
REPLAY/Samsung Galaxy J3 by Honor 8A/replay_1287.jpeg,"{""label"": ""receipt"", ""shape_type"": ""polygon"", ""points"": [[346.84, 233.29], [726.71, 264.26], [666.84, 873.29], [299.35, 790.71]], ""image_width"": 960, ""image_height"": 1280}",outdoor,fingers
REPLAY/Samsung Galaxy J3 by Honor 8A/replay_1288.jpeg,"{""label"": ""receipt"", ""shape_type"": ""polygon"", ""points"": [[206.45, 171.35], [689.55, 256.0], [699.87, 1042.58], [239.48, 1013.68]], ""image_width"": 960, ""image_height"": 1280}",outdoor,fingers
REPLAY/Samsung Galaxy J3 by Honor 8A/replay_1289.jpeg,"{""label"": ""receipt"", ""shape_type"": ""polygon"", ""points"": [[320.0, 258.06], [873.29, 693.68], [753.55, 1158.19], [245.68, 1094.19]], ""image_width"": 960, ""image_height"": 1280}",outdoor,fingers
REPLAY/Samsung Galaxy J3 by Honor 8A/replay_1290.jpeg,"{""label"": ""receipt"", ""shape_type"": ""polygon"", ""points"": [[245.68, 309.68], [642.06, 396.39], [627.61, 918.71], [251.87, 920.77]], ""image_width"": 960, ""image_height"": 1280}",indoor,fingers
REPLAY/Samsung Galaxy J3 by Honor 8A/replay_1291.jpeg,"{""label"": ""receipt"", ""shape_type"": ""polygon"", ""points"": [[218.84, 245.68], [619.35, 320.0], [631.74, 850.58], [258.06, 854.71]], ""image_width"": 960, ""image_height"": 1280}",indoor,fingers
REPLAY/Samsung Galaxy J3 by Honor 8A/replay_1292.jpeg,"{""label"": ""receipt"", ""shape_type"": ""polygon"", ""points"": [[388.13, 499.61], [642.06, 472.77], [683.35, 875.35], [419.1, 869.16]], ""image_width"": 960, ""image_height"": 1280}",outdoor,fingers
REPLAY/Samsung Galaxy J3 by Honor 8A/replay_1293.jpeg,"{""label"": ""receipt"", ""shape_type"": ""polygon"", ""points"": [[33.03, 198.19], [960.0, 412.9], [827.87, 745.29], [175.48, 660.65]], ""image_width"": 960, ""image_height"": 1280}",outdoor,fingers
REPLAY/Samsung Galaxy J3 by Honor 8A/replay_1294.jpeg,"{""label"": ""receipt"", ""shape_type"": ""polygon"", ""points"": [[297.29, 520.26], [627.61, 280.77], [637.94, 1164.39], [307.61, 1104.52]], ""image_width"": 960, ""image_height"": 1280}",outdoor,fingers
REPLAY/Samsung Galaxy J3 by Honor 8A/replay_1295.jpeg,"{""label"": ""receipt"", ""shape_type"": ""polygon"", ""points"": [[233.29, 309.68], [772.13, 243.61], [788.65, 637.94], [179.61, 619.35]], ""image_width"": 960, ""image_height"": 1280}",outdoor,fingers
REPLAY/Samsung Galaxy J3 by Honor 8A/replay_1296.jpeg,"{""label"": ""receipt"", ""shape_type"": ""polygon"", ""points"": [[169.29, 303.48], [584.26, 371.61], [590.45, 945.55], [210.58, 947.61]], ""image_width"": 960, ""image_height"": 1280}",outdoor,fingers
REPLAY/Samsung Galaxy J3 by Honor 8A/replay_1297.jpeg,"{""label"": ""receipt"", ""shape_type"": ""polygon"", ""points"": [[192.0, 111.48], [782.45, 138.32], [844.39, 1073.55], [328.26, 1059.1]], ""image_width"": 960, ""image_height"": 1280}",outdoor,fingers
REPLAY/Samsung Galaxy J3 by Honor 8A/replay_1298.jpeg,"{""label"": ""receipt"", ""shape_type"": ""polygon"", ""points"": [[237.42, 445.94], [668.9, 458.32], [598.71, 1034.32], [235.35, 1038.45]], ""image_width"": 960, ""image_height"": 1280}",outdoor,fingers
REPLAY/Samsung Galaxy J3 by Honor 8A/replay_1299.jpeg,"{""label"": ""receipt"", ""shape_type"": ""polygon"", ""points"": [[251.87, 152.77], [648.26, 220.9], [753.55, 999.23], [280.77, 993.03]], ""image_width"": 960, ""image_height"": 1280}",outdoor,fingers
REPLAY/Samsung Galaxy J3 by Honor 8A/replay_1300.jpeg,"{""label"": ""receipt"", ""shape_type"": ""polygon"", ""points"": [[266.32, 278.71], [747.35, 297.29], [770.06, 1065.29], [258.06, 1003.35]], ""image_width"": 960, ""image_height"": 1280}",outdoor,fingers
REPLAY/Samsung Galaxy J3 by Honor 8A/replay_1301.jpeg,"{""label"": ""receipt"", ""shape_type"": ""polygon"", ""points"": [[97.03, 431.48], [631.74, 445.94], [631.74, 1133.42], [115.61, 1116.9]], ""image_width"": 960, ""image_height"": 1280}",outdoor,fingers
